{"efVersion":"0.11.7","efModuleName":["Control","Monad","Eff","Exception","Unsafe"],"efExports":[{"ValueRef":[{"start":[1,1],"name":"E:\\practice\\haskell\\cube-rotation\\bower_components\\purescript-exceptions\\src\\Control\\Monad\\Eff\\Exception\\Unsafe.purs","end":[14,40]},{"Ident":"unsafeThrowException"}]},{"ValueRef":[{"start":[1,1],"name":"E:\\practice\\haskell\\cube-rotation\\bower_components\\purescript-exceptions\\src\\Control\\Monad\\Eff\\Exception\\Unsafe.purs","end":[14,40]},{"Ident":"unsafeThrow"}]}],"efImports":[{"eiModule":["Prim"],"eiImportType":{"Implicit":[]},"eiImportedAs":["Prim"]},{"eiModule":["Prim"],"eiImportType":{"Implicit":[]},"eiImportedAs":null},{"eiModule":["Control","Monad","Eff","Exception"],"eiImportType":{"Explicit":[{"TypeRef":[{"start":[3,37],"name":"E:\\practice\\haskell\\cube-rotation\\bower_components\\purescript-exceptions\\src\\Control\\Monad\\Eff\\Exception\\Unsafe.purs","end":[3,42]},"Error",[]]},{"ValueRef":[{"start":[3,44],"name":"E:\\practice\\haskell\\cube-rotation\\bower_components\\purescript-exceptions\\src\\Control\\Monad\\Eff\\Exception\\Unsafe.purs","end":[3,49]},{"Ident":"error"}]},{"ValueRef":[{"start":[3,51],"name":"E:\\practice\\haskell\\cube-rotation\\bower_components\\purescript-exceptions\\src\\Control\\Monad\\Eff\\Exception\\Unsafe.purs","end":[3,65]},{"Ident":"throwException"}]}]},"eiImportedAs":null},{"eiModule":["Control","Monad","Eff","Unsafe"],"eiImportType":{"Explicit":[{"ValueRef":[{"start":[4,34],"name":"E:\\practice\\haskell\\cube-rotation\\bower_components\\purescript-exceptions\\src\\Control\\Monad\\Eff\\Exception\\Unsafe.purs","end":[4,50]},{"Ident":"unsafePerformEff"}]}]},"eiImportedAs":null},{"eiModule":["Control","Semigroupoid"],"eiImportType":{"Explicit":[{"ValueOpRef":[{"start":[5,30],"name":"E:\\practice\\haskell\\cube-rotation\\bower_components\\purescript-exceptions\\src\\Control\\Monad\\Eff\\Exception\\Unsafe.purs","end":[5,35]},"<<<"]}]},"eiImportedAs":null}],"efFixities":[],"efTypeFixities":[],"efDeclarations":[{"EDValue":{"edValueName":{"Ident":"unsafeThrowException"},"edValueType":{"tag":"ForAll","contents":["a",{"tag":"TypeApp","contents":[{"tag":"TypeApp","contents":[{"tag":"TypeConstructor","contents":[["Prim"],"Function"]},{"tag":"TypeConstructor","contents":[["Control","Monad","Eff","Exception"],"Error"]}]},{"tag":"TypeVar","contents":"a"}]},0]}}},{"EDValue":{"edValueName":{"Ident":"unsafeThrow"},"edValueType":{"tag":"ForAll","contents":["a",{"tag":"TypeApp","contents":[{"tag":"TypeApp","contents":[{"tag":"TypeConstructor","contents":[["Prim"],"Function"]},{"tag":"TypeConstructor","contents":[["Prim"],"String"]}]},{"tag":"TypeVar","contents":"a"}]},4]}}}],"efSourceSpan":{"start":[1,1],"name":"E:\\practice\\haskell\\cube-rotation\\bower_components\\purescript-exceptions\\src\\Control\\Monad\\Eff\\Exception\\Unsafe.purs","end":[14,40]}}