{"efVersion":"0.11.7","efModuleName":["Data","Int"],"efExports":[{"ValueRef":[{"start":[1,1],"name":"E:\\practice\\haskell\\cube-rotation\\bower_components\\purescript-integers\\src\\Data\\Int.purs","end":[217,46]},{"Ident":"fromNumber"}]},{"ValueRef":[{"start":[1,1],"name":"E:\\practice\\haskell\\cube-rotation\\bower_components\\purescript-integers\\src\\Data\\Int.purs","end":[217,46]},{"Ident":"ceil"}]},{"ValueRef":[{"start":[1,1],"name":"E:\\practice\\haskell\\cube-rotation\\bower_components\\purescript-integers\\src\\Data\\Int.purs","end":[217,46]},{"Ident":"floor"}]},{"ValueRef":[{"start":[1,1],"name":"E:\\practice\\haskell\\cube-rotation\\bower_components\\purescript-integers\\src\\Data\\Int.purs","end":[217,46]},{"Ident":"round"}]},{"ValueRef":[{"start":[1,1],"name":"E:\\practice\\haskell\\cube-rotation\\bower_components\\purescript-integers\\src\\Data\\Int.purs","end":[217,46]},{"Ident":"toNumber"}]},{"ValueRef":[{"start":[1,1],"name":"E:\\practice\\haskell\\cube-rotation\\bower_components\\purescript-integers\\src\\Data\\Int.purs","end":[217,46]},{"Ident":"fromString"}]},{"TypeRef":[{"start":[1,1],"name":"E:\\practice\\haskell\\cube-rotation\\bower_components\\purescript-integers\\src\\Data\\Int.purs","end":[217,46]},"Radix",[]]},{"ValueRef":[{"start":[1,1],"name":"E:\\practice\\haskell\\cube-rotation\\bower_components\\purescript-integers\\src\\Data\\Int.purs","end":[217,46]},{"Ident":"radix"}]},{"ValueRef":[{"start":[1,1],"name":"E:\\practice\\haskell\\cube-rotation\\bower_components\\purescript-integers\\src\\Data\\Int.purs","end":[217,46]},{"Ident":"binary"}]},{"ValueRef":[{"start":[1,1],"name":"E:\\practice\\haskell\\cube-rotation\\bower_components\\purescript-integers\\src\\Data\\Int.purs","end":[217,46]},{"Ident":"octal"}]},{"ValueRef":[{"start":[1,1],"name":"E:\\practice\\haskell\\cube-rotation\\bower_components\\purescript-integers\\src\\Data\\Int.purs","end":[217,46]},{"Ident":"decimal"}]},{"ValueRef":[{"start":[1,1],"name":"E:\\practice\\haskell\\cube-rotation\\bower_components\\purescript-integers\\src\\Data\\Int.purs","end":[217,46]},{"Ident":"hexadecimal"}]},{"ValueRef":[{"start":[1,1],"name":"E:\\practice\\haskell\\cube-rotation\\bower_components\\purescript-integers\\src\\Data\\Int.purs","end":[217,46]},{"Ident":"base36"}]},{"ValueRef":[{"start":[1,1],"name":"E:\\practice\\haskell\\cube-rotation\\bower_components\\purescript-integers\\src\\Data\\Int.purs","end":[217,46]},{"Ident":"fromStringAs"}]},{"ValueRef":[{"start":[1,1],"name":"E:\\practice\\haskell\\cube-rotation\\bower_components\\purescript-integers\\src\\Data\\Int.purs","end":[217,46]},{"Ident":"toStringAs"}]},{"TypeRef":[{"start":[1,1],"name":"E:\\practice\\haskell\\cube-rotation\\bower_components\\purescript-integers\\src\\Data\\Int.purs","end":[217,46]},"Parity",["Even","Odd"]]},{"ValueRef":[{"start":[1,1],"name":"E:\\practice\\haskell\\cube-rotation\\bower_components\\purescript-integers\\src\\Data\\Int.purs","end":[217,46]},{"Ident":"parity"}]},{"ValueRef":[{"start":[1,1],"name":"E:\\practice\\haskell\\cube-rotation\\bower_components\\purescript-integers\\src\\Data\\Int.purs","end":[217,46]},{"Ident":"even"}]},{"ValueRef":[{"start":[1,1],"name":"E:\\practice\\haskell\\cube-rotation\\bower_components\\purescript-integers\\src\\Data\\Int.purs","end":[217,46]},{"Ident":"odd"}]},{"ValueRef":[{"start":[1,1],"name":"E:\\practice\\haskell\\cube-rotation\\bower_components\\purescript-integers\\src\\Data\\Int.purs","end":[217,46]},{"Ident":"pow"}]},{"TypeInstanceRef":[{"start":[0,0],"name":"<generated>","end":[0,0]},{"Ident":"eqParity"}]},{"TypeInstanceRef":[{"start":[0,0],"name":"<generated>","end":[0,0]},{"Ident":"ordParity"}]},{"TypeInstanceRef":[{"start":[0,0],"name":"<generated>","end":[0,0]},{"Ident":"showParity"}]},{"TypeInstanceRef":[{"start":[0,0],"name":"<generated>","end":[0,0]},{"Ident":"boundedParity"}]},{"TypeInstanceRef":[{"start":[0,0],"name":"<generated>","end":[0,0]},{"Ident":"semiringParity"}]},{"TypeInstanceRef":[{"start":[0,0],"name":"<generated>","end":[0,0]},{"Ident":"ringParity"}]},{"TypeInstanceRef":[{"start":[0,0],"name":"<generated>","end":[0,0]},{"Ident":"commutativeRingParity"}]},{"TypeInstanceRef":[{"start":[0,0],"name":"<generated>","end":[0,0]},{"Ident":"euclideanRingParity"}]},{"TypeInstanceRef":[{"start":[0,0],"name":"<generated>","end":[0,0]},{"Ident":"divisionRingParity"}]},{"TypeInstanceRef":[{"start":[0,0],"name":"<generated>","end":[0,0]},{"Ident":"fieldParity"}]}],"efImports":[{"eiModule":["Prim"],"eiImportType":{"Implicit":[]},"eiImportedAs":["Prim"]},{"eiModule":["Prim"],"eiImportType":{"Implicit":[]},"eiImportedAs":null},{"eiModule":["Prelude"],"eiImportType":{"Implicit":[]},"eiImportedAs":null},{"eiModule":["Data","Int","Bits"],"eiImportType":{"Explicit":[{"ValueOpRef":[{"start":[26,23],"name":"E:\\practice\\haskell\\cube-rotation\\bower_components\\purescript-integers\\src\\Data\\Int.purs","end":[26,28]},".&."]}]},"eiImportedAs":null},{"eiModule":["Data","Maybe"],"eiImportType":{"Explicit":[{"TypeRef":[{"start":[27,20],"name":"E:\\practice\\haskell\\cube-rotation\\bower_components\\purescript-integers\\src\\Data\\Int.purs","end":[27,29]},"Maybe",null]},{"ValueRef":[{"start":[27,31],"name":"E:\\practice\\haskell\\cube-rotation\\bower_components\\purescript-integers\\src\\Data\\Int.purs","end":[27,40]},{"Ident":"fromMaybe"}]}]},"eiImportedAs":null},{"eiModule":["Global"],"eiImportType":{"Explicit":[{"ValueRef":[{"start":[28,16],"name":"E:\\practice\\haskell\\cube-rotation\\bower_components\\purescript-integers\\src\\Data\\Int.purs","end":[28,24]},{"Ident":"infinity"}]}]},"eiImportedAs":null},{"eiModule":["Math"],"eiImportType":{"Implicit":[]},"eiImportedAs":["Math"]}],"efFixities":[],"efTypeFixities":[],"efDeclarations":[{"EDValue":{"edValueName":{"Ident":"fromNumber"},"edValueType":{"tag":"TypeApp","contents":[{"tag":"TypeApp","contents":[{"tag":"TypeConstructor","contents":[["Prim"],"Function"]},{"tag":"TypeConstructor","contents":[["Prim"],"Number"]}]},{"tag":"TypeApp","contents":[{"tag":"TypeConstructor","contents":[["Data","Maybe"],"Maybe"]},{"tag":"TypeConstructor","contents":[["Prim"],"Int"]}]}]}}},{"EDValue":{"edValueName":{"Ident":"ceil"},"edValueType":{"tag":"TypeApp","contents":[{"tag":"TypeApp","contents":[{"tag":"TypeConstructor","contents":[["Prim"],"Function"]},{"tag":"TypeConstructor","contents":[["Prim"],"Number"]}]},{"tag":"TypeConstructor","contents":[["Prim"],"Int"]}]}}},{"EDValue":{"edValueName":{"Ident":"floor"},"edValueType":{"tag":"TypeApp","contents":[{"tag":"TypeApp","contents":[{"tag":"TypeConstructor","contents":[["Prim"],"Function"]},{"tag":"TypeConstructor","contents":[["Prim"],"Number"]}]},{"tag":"TypeConstructor","contents":[["Prim"],"Int"]}]}}},{"EDValue":{"edValueName":{"Ident":"round"},"edValueType":{"tag":"TypeApp","contents":[{"tag":"TypeApp","contents":[{"tag":"TypeConstructor","contents":[["Prim"],"Function"]},{"tag":"TypeConstructor","contents":[["Prim"],"Number"]}]},{"tag":"TypeConstructor","contents":[["Prim"],"Int"]}]}}},{"EDValue":{"edValueName":{"Ident":"toNumber"},"edValueType":{"tag":"TypeApp","contents":[{"tag":"TypeApp","contents":[{"tag":"TypeConstructor","contents":[["Prim"],"Function"]},{"tag":"TypeConstructor","contents":[["Prim"],"Int"]}]},{"tag":"TypeConstructor","contents":[["Prim"],"Number"]}]}}},{"EDValue":{"edValueName":{"Ident":"fromString"},"edValueType":{"tag":"TypeApp","contents":[{"tag":"TypeApp","contents":[{"tag":"TypeConstructor","contents":[["Prim"],"Function"]},{"tag":"TypeConstructor","contents":[["Prim"],"String"]}]},{"tag":"TypeApp","contents":[{"tag":"TypeConstructor","contents":[["Data","Maybe"],"Maybe"]},{"tag":"TypeConstructor","contents":[["Prim"],"Int"]}]}]}}},{"EDType":{"edTypeName":"Radix","edTypeKind":{"tag":"NamedKind","contents":[["Prim"],"Type"]},"edTypeDeclarationKind":{"DataType":{"args":[],"ctors":[["Radix",[{"tag":"TypeConstructor","contents":[["Prim"],"Int"]}]]]}}}},{"EDValue":{"edValueName":{"Ident":"radix"},"edValueType":{"tag":"TypeApp","contents":[{"tag":"TypeApp","contents":[{"tag":"TypeConstructor","contents":[["Prim"],"Function"]},{"tag":"TypeConstructor","contents":[["Prim"],"Int"]}]},{"tag":"TypeApp","contents":[{"tag":"TypeConstructor","contents":[["Data","Maybe"],"Maybe"]},{"tag":"TypeConstructor","contents":[["Data","Int"],"Radix"]}]}]}}},{"EDValue":{"edValueName":{"Ident":"binary"},"edValueType":{"tag":"TypeConstructor","contents":[["Data","Int"],"Radix"]}}},{"EDValue":{"edValueName":{"Ident":"octal"},"edValueType":{"tag":"TypeConstructor","contents":[["Data","Int"],"Radix"]}}},{"EDValue":{"edValueName":{"Ident":"decimal"},"edValueType":{"tag":"TypeConstructor","contents":[["Data","Int"],"Radix"]}}},{"EDValue":{"edValueName":{"Ident":"hexadecimal"},"edValueType":{"tag":"TypeConstructor","contents":[["Data","Int"],"Radix"]}}},{"EDValue":{"edValueName":{"Ident":"base36"},"edValueType":{"tag":"TypeConstructor","contents":[["Data","Int"],"Radix"]}}},{"EDValue":{"edValueName":{"Ident":"fromStringAs"},"edValueType":{"tag":"TypeApp","contents":[{"tag":"TypeApp","contents":[{"tag":"TypeConstructor","contents":[["Prim"],"Function"]},{"tag":"TypeConstructor","contents":[["Data","Int"],"Radix"]}]},{"tag":"TypeApp","contents":[{"tag":"TypeApp","contents":[{"tag":"TypeConstructor","contents":[["Prim"],"Function"]},{"tag":"TypeConstructor","contents":[["Prim"],"String"]}]},{"tag":"TypeApp","contents":[{"tag":"TypeConstructor","contents":[["Data","Maybe"],"Maybe"]},{"tag":"TypeConstructor","contents":[["Prim"],"Int"]}]}]}]}}},{"EDValue":{"edValueName":{"Ident":"toStringAs"},"edValueType":{"tag":"TypeApp","contents":[{"tag":"TypeApp","contents":[{"tag":"TypeConstructor","contents":[["Prim"],"Function"]},{"tag":"TypeConstructor","contents":[["Data","Int"],"Radix"]}]},{"tag":"TypeApp","contents":[{"tag":"TypeApp","contents":[{"tag":"TypeConstructor","contents":[["Prim"],"Function"]},{"tag":"TypeConstructor","contents":[["Prim"],"Int"]}]},{"tag":"TypeConstructor","contents":[["Prim"],"String"]}]}]}}},{"EDType":{"edTypeName":"Parity","edTypeKind":{"tag":"NamedKind","contents":[["Prim"],"Type"]},"edTypeDeclarationKind":{"DataType":{"args":[],"ctors":[["Even",[]],["Odd",[]]]}}}},{"EDDataConstructor":{"edDataCtorName":"Even","edDataCtorOrigin":"data","edDataCtorTypeCtor":"Parity","edDataCtorType":{"tag":"TypeConstructor","contents":[["Data","Int"],"Parity"]},"edDataCtorFields":[]}},{"EDDataConstructor":{"edDataCtorName":"Odd","edDataCtorOrigin":"data","edDataCtorTypeCtor":"Parity","edDataCtorType":{"tag":"TypeConstructor","contents":[["Data","Int"],"Parity"]},"edDataCtorFields":[]}},{"EDValue":{"edValueName":{"Ident":"parity"},"edValueType":{"tag":"TypeApp","contents":[{"tag":"TypeApp","contents":[{"tag":"TypeConstructor","contents":[["Prim"],"Function"]},{"tag":"TypeConstructor","contents":[["Prim"],"Int"]}]},{"tag":"TypeConstructor","contents":[["Data","Int"],"Parity"]}]}}},{"EDValue":{"edValueName":{"Ident":"even"},"edValueType":{"tag":"TypeApp","contents":[{"tag":"TypeApp","contents":[{"tag":"TypeConstructor","contents":[["Prim"],"Function"]},{"tag":"TypeConstructor","contents":[["Prim"],"Int"]}]},{"tag":"TypeConstructor","contents":[["Prim"],"Boolean"]}]}}},{"EDValue":{"edValueName":{"Ident":"odd"},"edValueType":{"tag":"TypeApp","contents":[{"tag":"TypeApp","contents":[{"tag":"TypeConstructor","contents":[["Prim"],"Function"]},{"tag":"TypeConstructor","contents":[["Prim"],"Int"]}]},{"tag":"TypeConstructor","contents":[["Prim"],"Boolean"]}]}}},{"EDValue":{"edValueName":{"Ident":"pow"},"edValueType":{"tag":"TypeApp","contents":[{"tag":"TypeApp","contents":[{"tag":"TypeConstructor","contents":[["Prim"],"Function"]},{"tag":"TypeConstructor","contents":[["Prim"],"Int"]}]},{"tag":"TypeApp","contents":[{"tag":"TypeApp","contents":[{"tag":"TypeConstructor","contents":[["Prim"],"Function"]},{"tag":"TypeConstructor","contents":[["Prim"],"Int"]}]},{"tag":"TypeConstructor","contents":[["Prim"],"Int"]}]}]}}},{"EDInstance":{"edInstanceClassName":[["Data","Eq"],"Eq"],"edInstanceName":{"Ident":"eqParity"},"edInstanceTypes":[{"tag":"TypeConstructor","contents":[["Data","Int"],"Parity"]}],"edInstanceConstraints":[]}},{"EDInstance":{"edInstanceClassName":[["Data","Ord"],"Ord"],"edInstanceName":{"Ident":"ordParity"},"edInstanceTypes":[{"tag":"TypeConstructor","contents":[["Data","Int"],"Parity"]}],"edInstanceConstraints":[]}},{"EDInstance":{"edInstanceClassName":[["Data","Show"],"Show"],"edInstanceName":{"Ident":"showParity"},"edInstanceTypes":[{"tag":"TypeConstructor","contents":[["Data","Int"],"Parity"]}],"edInstanceConstraints":[]}},{"EDInstance":{"edInstanceClassName":[["Data","Bounded"],"Bounded"],"edInstanceName":{"Ident":"boundedParity"},"edInstanceTypes":[{"tag":"TypeConstructor","contents":[["Data","Int"],"Parity"]}],"edInstanceConstraints":[]}},{"EDInstance":{"edInstanceClassName":[["Data","Semiring"],"Semiring"],"edInstanceName":{"Ident":"semiringParity"},"edInstanceTypes":[{"tag":"TypeConstructor","contents":[["Data","Int"],"Parity"]}],"edInstanceConstraints":[]}},{"EDInstance":{"edInstanceClassName":[["Data","Ring"],"Ring"],"edInstanceName":{"Ident":"ringParity"},"edInstanceTypes":[{"tag":"TypeConstructor","contents":[["Data","Int"],"Parity"]}],"edInstanceConstraints":[]}},{"EDInstance":{"edInstanceClassName":[["Data","CommutativeRing"],"CommutativeRing"],"edInstanceName":{"Ident":"commutativeRingParity"},"edInstanceTypes":[{"tag":"TypeConstructor","contents":[["Data","Int"],"Parity"]}],"edInstanceConstraints":[]}},{"EDInstance":{"edInstanceClassName":[["Data","EuclideanRing"],"EuclideanRing"],"edInstanceName":{"Ident":"euclideanRingParity"},"edInstanceTypes":[{"tag":"TypeConstructor","contents":[["Data","Int"],"Parity"]}],"edInstanceConstraints":[]}},{"EDInstance":{"edInstanceClassName":[["Data","DivisionRing"],"DivisionRing"],"edInstanceName":{"Ident":"divisionRingParity"},"edInstanceTypes":[{"tag":"TypeConstructor","contents":[["Data","Int"],"Parity"]}],"edInstanceConstraints":[]}},{"EDInstance":{"edInstanceClassName":[["Data","Field"],"Field"],"edInstanceName":{"Ident":"fieldParity"},"edInstanceTypes":[{"tag":"TypeConstructor","contents":[["Data","Int"],"Parity"]}],"edInstanceConstraints":[]}}],"efSourceSpan":{"start":[1,1],"name":"E:\\practice\\haskell\\cube-rotation\\bower_components\\purescript-integers\\src\\Data\\Int.purs","end":[217,46]}}