{"efVersion":"0.11.7","efModuleName":["Data","Foreign","Index"],"efExports":[{"TypeClassRef":[{"start":[1,1],"name":"E:\\practice\\haskell\\cube-rotation\\bower_components\\purescript-foreign\\src\\Data\\Foreign\\Index.purs","end":[85,29]},"Index"]},{"TypeClassRef":[{"start":[1,1],"name":"E:\\practice\\haskell\\cube-rotation\\bower_components\\purescript-foreign\\src\\Data\\Foreign\\Index.purs","end":[85,29]},"Indexable"]},{"ValueRef":[{"start":[1,1],"name":"E:\\practice\\haskell\\cube-rotation\\bower_components\\purescript-foreign\\src\\Data\\Foreign\\Index.purs","end":[85,29]},{"Ident":"readProp"}]},{"ValueRef":[{"start":[1,1],"name":"E:\\practice\\haskell\\cube-rotation\\bower_components\\purescript-foreign\\src\\Data\\Foreign\\Index.purs","end":[85,29]},{"Ident":"readIndex"}]},{"ValueRef":[{"start":[1,1],"name":"E:\\practice\\haskell\\cube-rotation\\bower_components\\purescript-foreign\\src\\Data\\Foreign\\Index.purs","end":[85,29]},{"Ident":"ix"}]},{"ValueOpRef":[{"start":[1,1],"name":"E:\\practice\\haskell\\cube-rotation\\bower_components\\purescript-foreign\\src\\Data\\Foreign\\Index.purs","end":[85,29]},"!"]},{"ValueRef":[{"start":[1,1],"name":"E:\\practice\\haskell\\cube-rotation\\bower_components\\purescript-foreign\\src\\Data\\Foreign\\Index.purs","end":[85,29]},{"Ident":"index"}]},{"ValueRef":[{"start":[1,1],"name":"E:\\practice\\haskell\\cube-rotation\\bower_components\\purescript-foreign\\src\\Data\\Foreign\\Index.purs","end":[85,29]},{"Ident":"hasProperty"}]},{"ValueRef":[{"start":[1,1],"name":"E:\\practice\\haskell\\cube-rotation\\bower_components\\purescript-foreign\\src\\Data\\Foreign\\Index.purs","end":[85,29]},{"Ident":"hasOwnProperty"}]},{"ValueRef":[{"start":[1,1],"name":"E:\\practice\\haskell\\cube-rotation\\bower_components\\purescript-foreign\\src\\Data\\Foreign\\Index.purs","end":[85,29]},{"Ident":"errorAt"}]},{"TypeInstanceRef":[{"start":[0,0],"name":"<generated>","end":[0,0]},{"Ident":"indexString"}]},{"TypeInstanceRef":[{"start":[0,0],"name":"<generated>","end":[0,0]},{"Ident":"indexInt"}]},{"TypeInstanceRef":[{"start":[0,0],"name":"<generated>","end":[0,0]},{"Ident":"indexableForeign"}]},{"TypeInstanceRef":[{"start":[0,0],"name":"<generated>","end":[0,0]},{"Ident":"indexableExceptT"}]}],"efImports":[{"eiModule":["Prim"],"eiImportType":{"Implicit":[]},"eiImportedAs":["Prim"]},{"eiModule":["Prim"],"eiImportType":{"Implicit":[]},"eiImportedAs":null},{"eiModule":["Prelude"],"eiImportType":{"Implicit":[]},"eiImportedAs":null},{"eiModule":["Control","Monad","Except","Trans"],"eiImportType":{"Explicit":[{"TypeRef":[{"start":[18,36],"name":"E:\\practice\\haskell\\cube-rotation\\bower_components\\purescript-foreign\\src\\Data\\Foreign\\Index.purs","end":[18,43]},"ExceptT",[]]}]},"eiImportedAs":null},{"eiModule":["Data","Foreign"],"eiImportType":{"Explicit":[{"TypeRef":[{"start":[20,22],"name":"E:\\practice\\haskell\\cube-rotation\\bower_components\\purescript-foreign\\src\\Data\\Foreign\\Index.purs","end":[20,29]},"Foreign",[]]},{"TypeRef":[{"start":[20,31],"name":"E:\\practice\\haskell\\cube-rotation\\bower_components\\purescript-foreign\\src\\Data\\Foreign\\Index.purs","end":[20,32]},"F",[]]},{"TypeRef":[{"start":[20,34],"name":"E:\\practice\\haskell\\cube-rotation\\bower_components\\purescript-foreign\\src\\Data\\Foreign\\Index.purs","end":[20,50]},"ForeignError",null]},{"ValueRef":[{"start":[20,52],"name":"E:\\practice\\haskell\\cube-rotation\\bower_components\\purescript-foreign\\src\\Data\\Foreign\\Index.purs","end":[20,58]},{"Ident":"typeOf"}]},{"ValueRef":[{"start":[20,60],"name":"E:\\practice\\haskell\\cube-rotation\\bower_components\\purescript-foreign\\src\\Data\\Foreign\\Index.purs","end":[20,71]},{"Ident":"isUndefined"}]},{"ValueRef":[{"start":[20,73],"name":"E:\\practice\\haskell\\cube-rotation\\bower_components\\purescript-foreign\\src\\Data\\Foreign\\Index.purs","end":[20,79]},{"Ident":"isNull"}]},{"ValueRef":[{"start":[20,81],"name":"E:\\practice\\haskell\\cube-rotation\\bower_components\\purescript-foreign\\src\\Data\\Foreign\\Index.purs","end":[20,85]},{"Ident":"fail"}]}]},"eiImportedAs":null},{"eiModule":["Data","Function","Uncurried"],"eiImportType":{"Explicit":[{"TypeRef":[{"start":[21,33],"name":"E:\\practice\\haskell\\cube-rotation\\bower_components\\purescript-foreign\\src\\Data\\Foreign\\Index.purs","end":[21,36]},"Fn2",[]]},{"ValueRef":[{"start":[21,38],"name":"E:\\practice\\haskell\\cube-rotation\\bower_components\\purescript-foreign\\src\\Data\\Foreign\\Index.purs","end":[21,44]},{"Ident":"runFn2"}]},{"TypeRef":[{"start":[21,46],"name":"E:\\practice\\haskell\\cube-rotation\\bower_components\\purescript-foreign\\src\\Data\\Foreign\\Index.purs","end":[21,49]},"Fn4",[]]},{"ValueRef":[{"start":[21,51],"name":"E:\\practice\\haskell\\cube-rotation\\bower_components\\purescript-foreign\\src\\Data\\Foreign\\Index.purs","end":[21,57]},{"Ident":"runFn4"}]}]},"eiImportedAs":null},{"eiModule":["Data","Identity"],"eiImportType":{"Explicit":[{"TypeRef":[{"start":[22,23],"name":"E:\\practice\\haskell\\cube-rotation\\bower_components\\purescript-foreign\\src\\Data\\Foreign\\Index.purs","end":[22,31]},"Identity",[]]}]},"eiImportedAs":null},{"eiModule":["Data","List","NonEmpty"],"eiImportType":{"Explicit":[{"TypeRef":[{"start":[23,28],"name":"E:\\practice\\haskell\\cube-rotation\\bower_components\\purescript-foreign\\src\\Data\\Foreign\\Index.purs","end":[23,40]},"NonEmptyList",[]]}]},"eiImportedAs":null}],"efFixities":[{"efAssociativity":"infixl","efPrecedence":9,"efOperator":"!","efAlias":[["Data","Foreign","Index"],{"Left":{"Ident":"ix"}}]}],"efTypeFixities":[],"efDeclarations":[{"EDType":{"edTypeName":"Index","edTypeKind":{"tag":"FunKind","contents":[{"tag":"NamedKind","contents":[["Prim"],"Type"]},{"tag":"NamedKind","contents":[["Prim"],"Type"]}]},"edTypeDeclarationKind":"TypeSynonym"}},{"EDTypeSynonym":{"edTypeSynonymName":"Index","edTypeSynonymArguments":[["i",null]],"edTypeSynonymType":{"tag":"TypeApp","contents":[{"tag":"TypeConstructor","contents":[["Prim"],"Record"]},{"tag":"RCons","contents":["index",{"tag":"TypeApp","contents":[{"tag":"TypeApp","contents":[{"tag":"TypeConstructor","contents":[["Prim"],"Function"]},{"tag":"TypeConstructor","contents":[["Data","Foreign"],"Foreign"]}]},{"tag":"TypeApp","contents":[{"tag":"TypeApp","contents":[{"tag":"TypeConstructor","contents":[["Prim"],"Function"]},{"tag":"TypeVar","contents":"i"}]},{"tag":"TypeApp","contents":[{"tag":"TypeConstructor","contents":[["Data","Foreign"],"F"]},{"tag":"TypeConstructor","contents":[["Data","Foreign"],"Foreign"]}]}]}]},{"tag":"RCons","contents":["hasProperty",{"tag":"TypeApp","contents":[{"tag":"TypeApp","contents":[{"tag":"TypeConstructor","contents":[["Prim"],"Function"]},{"tag":"TypeVar","contents":"i"}]},{"tag":"TypeApp","contents":[{"tag":"TypeApp","contents":[{"tag":"TypeConstructor","contents":[["Prim"],"Function"]},{"tag":"TypeConstructor","contents":[["Data","Foreign"],"Foreign"]}]},{"tag":"TypeConstructor","contents":[["Prim"],"Boolean"]}]}]},{"tag":"RCons","contents":["hasOwnProperty",{"tag":"TypeApp","contents":[{"tag":"TypeApp","contents":[{"tag":"TypeConstructor","contents":[["Prim"],"Function"]},{"tag":"TypeVar","contents":"i"}]},{"tag":"TypeApp","contents":[{"tag":"TypeApp","contents":[{"tag":"TypeConstructor","contents":[["Prim"],"Function"]},{"tag":"TypeConstructor","contents":[["Data","Foreign"],"Foreign"]}]},{"tag":"TypeConstructor","contents":[["Prim"],"Boolean"]}]}]},{"tag":"RCons","contents":["errorAt",{"tag":"TypeApp","contents":[{"tag":"TypeApp","contents":[{"tag":"TypeConstructor","contents":[["Prim"],"Function"]},{"tag":"TypeVar","contents":"i"}]},{"tag":"TypeApp","contents":[{"tag":"TypeApp","contents":[{"tag":"TypeConstructor","contents":[["Prim"],"Function"]},{"tag":"TypeConstructor","contents":[["Data","Foreign"],"ForeignError"]}]},{"tag":"TypeConstructor","contents":[["Data","Foreign"],"ForeignError"]}]}]},{"tag":"REmpty"}]}]}]}]}]}}},{"EDClass":{"edClassName":"Index","edClassTypeArguments":[["i",null]],"edClassMembers":[[{"Ident":"index"},{"tag":"TypeApp","contents":[{"tag":"TypeApp","contents":[{"tag":"TypeConstructor","contents":[["Prim"],"Function"]},{"tag":"TypeConstructor","contents":[["Data","Foreign"],"Foreign"]}]},{"tag":"TypeApp","contents":[{"tag":"TypeApp","contents":[{"tag":"TypeConstructor","contents":[["Prim"],"Function"]},{"tag":"TypeVar","contents":"i"}]},{"tag":"TypeApp","contents":[{"tag":"TypeConstructor","contents":[["Data","Foreign"],"F"]},{"tag":"TypeConstructor","contents":[["Data","Foreign"],"Foreign"]}]}]}]}],[{"Ident":"hasProperty"},{"tag":"TypeApp","contents":[{"tag":"TypeApp","contents":[{"tag":"TypeConstructor","contents":[["Prim"],"Function"]},{"tag":"TypeVar","contents":"i"}]},{"tag":"TypeApp","contents":[{"tag":"TypeApp","contents":[{"tag":"TypeConstructor","contents":[["Prim"],"Function"]},{"tag":"TypeConstructor","contents":[["Data","Foreign"],"Foreign"]}]},{"tag":"TypeConstructor","contents":[["Prim"],"Boolean"]}]}]}],[{"Ident":"hasOwnProperty"},{"tag":"TypeApp","contents":[{"tag":"TypeApp","contents":[{"tag":"TypeConstructor","contents":[["Prim"],"Function"]},{"tag":"TypeVar","contents":"i"}]},{"tag":"TypeApp","contents":[{"tag":"TypeApp","contents":[{"tag":"TypeConstructor","contents":[["Prim"],"Function"]},{"tag":"TypeConstructor","contents":[["Data","Foreign"],"Foreign"]}]},{"tag":"TypeConstructor","contents":[["Prim"],"Boolean"]}]}]}],[{"Ident":"errorAt"},{"tag":"TypeApp","contents":[{"tag":"TypeApp","contents":[{"tag":"TypeConstructor","contents":[["Prim"],"Function"]},{"tag":"TypeVar","contents":"i"}]},{"tag":"TypeApp","contents":[{"tag":"TypeApp","contents":[{"tag":"TypeConstructor","contents":[["Prim"],"Function"]},{"tag":"TypeConstructor","contents":[["Data","Foreign"],"ForeignError"]}]},{"tag":"TypeConstructor","contents":[["Data","Foreign"],"ForeignError"]}]}]}]],"edClassConstraints":[],"edFunctionalDependencies":[]}},{"EDType":{"edTypeName":"Indexable","edTypeKind":{"tag":"FunKind","contents":[{"tag":"NamedKind","contents":[["Prim"],"Type"]},{"tag":"NamedKind","contents":[["Prim"],"Type"]}]},"edTypeDeclarationKind":"TypeSynonym"}},{"EDTypeSynonym":{"edTypeSynonymName":"Indexable","edTypeSynonymArguments":[["a",null]],"edTypeSynonymType":{"tag":"TypeApp","contents":[{"tag":"TypeConstructor","contents":[["Prim"],"Record"]},{"tag":"RCons","contents":["ix",{"tag":"ForAll","contents":["i",{"tag":"ConstrainedType","contents":[{"constraintClass":[["Data","Foreign","Index"],"Index"],"constraintArgs":[{"tag":"TypeVar","contents":"i"}],"constraintData":null},{"tag":"TypeApp","contents":[{"tag":"TypeApp","contents":[{"tag":"TypeConstructor","contents":[["Prim"],"Function"]},{"tag":"TypeVar","contents":"a"}]},{"tag":"TypeApp","contents":[{"tag":"TypeApp","contents":[{"tag":"TypeConstructor","contents":[["Prim"],"Function"]},{"tag":"TypeVar","contents":"i"}]},{"tag":"TypeApp","contents":[{"tag":"TypeConstructor","contents":[["Data","Foreign"],"F"]},{"tag":"TypeConstructor","contents":[["Data","Foreign"],"Foreign"]}]}]}]}]},null]},{"tag":"REmpty"}]}]}}},{"EDClass":{"edClassName":"Indexable","edClassTypeArguments":[["a",null]],"edClassMembers":[[{"Ident":"ix"},{"tag":"ForAll","contents":["i",{"tag":"ConstrainedType","contents":[{"constraintClass":[["Data","Foreign","Index"],"Index"],"constraintArgs":[{"tag":"TypeVar","contents":"i"}],"constraintData":null},{"tag":"TypeApp","contents":[{"tag":"TypeApp","contents":[{"tag":"TypeConstructor","contents":[["Prim"],"Function"]},{"tag":"TypeVar","contents":"a"}]},{"tag":"TypeApp","contents":[{"tag":"TypeApp","contents":[{"tag":"TypeConstructor","contents":[["Prim"],"Function"]},{"tag":"TypeVar","contents":"i"}]},{"tag":"TypeApp","contents":[{"tag":"TypeConstructor","contents":[["Data","Foreign"],"F"]},{"tag":"TypeConstructor","contents":[["Data","Foreign"],"Foreign"]}]}]}]}]},null]}]],"edClassConstraints":[],"edFunctionalDependencies":[]}},{"EDValue":{"edValueName":{"Ident":"readProp"},"edValueType":{"tag":"TypeApp","contents":[{"tag":"TypeApp","contents":[{"tag":"TypeConstructor","contents":[["Prim"],"Function"]},{"tag":"TypeConstructor","contents":[["Prim"],"String"]}]},{"tag":"TypeApp","contents":[{"tag":"TypeApp","contents":[{"tag":"TypeConstructor","contents":[["Prim"],"Function"]},{"tag":"TypeConstructor","contents":[["Data","Foreign"],"Foreign"]}]},{"tag":"TypeApp","contents":[{"tag":"TypeApp","contents":[{"tag":"TypeApp","contents":[{"tag":"TypeConstructor","contents":[["Control","Monad","Except","Trans"],"ExceptT"]},{"tag":"TypeApp","contents":[{"tag":"TypeConstructor","contents":[["Data","List","Types"],"NonEmptyList"]},{"tag":"TypeConstructor","contents":[["Data","Foreign"],"ForeignError"]}]}]},{"tag":"TypeConstructor","contents":[["Data","Identity"],"Identity"]}]},{"tag":"TypeConstructor","contents":[["Data","Foreign"],"Foreign"]}]}]}]}}},{"EDValue":{"edValueName":{"Ident":"readIndex"},"edValueType":{"tag":"TypeApp","contents":[{"tag":"TypeApp","contents":[{"tag":"TypeConstructor","contents":[["Prim"],"Function"]},{"tag":"TypeConstructor","contents":[["Prim"],"Int"]}]},{"tag":"TypeApp","contents":[{"tag":"TypeApp","contents":[{"tag":"TypeConstructor","contents":[["Prim"],"Function"]},{"tag":"TypeConstructor","contents":[["Data","Foreign"],"Foreign"]}]},{"tag":"TypeApp","contents":[{"tag":"TypeApp","contents":[{"tag":"TypeApp","contents":[{"tag":"TypeConstructor","contents":[["Control","Monad","Except","Trans"],"ExceptT"]},{"tag":"TypeApp","contents":[{"tag":"TypeConstructor","contents":[["Data","List","Types"],"NonEmptyList"]},{"tag":"TypeConstructor","contents":[["Data","Foreign"],"ForeignError"]}]}]},{"tag":"TypeConstructor","contents":[["Data","Identity"],"Identity"]}]},{"tag":"TypeConstructor","contents":[["Data","Foreign"],"Foreign"]}]}]}]}}},{"EDValue":{"edValueName":{"Ident":"ix"},"edValueType":{"tag":"ForAll","contents":["a",{"tag":"ForAll","contents":["i",{"tag":"ConstrainedType","contents":[{"constraintClass":[["Data","Foreign","Index"],"Indexable"],"constraintArgs":[{"tag":"TypeVar","contents":"a"}],"constraintData":null},{"tag":"ConstrainedType","contents":[{"constraintClass":[["Data","Foreign","Index"],"Index"],"constraintArgs":[{"tag":"TypeVar","contents":"i"}],"constraintData":null},{"tag":"TypeApp","contents":[{"tag":"TypeApp","contents":[{"tag":"TypeConstructor","contents":[["Prim"],"Function"]},{"tag":"TypeVar","contents":"a"}]},{"tag":"TypeApp","contents":[{"tag":"TypeApp","contents":[{"tag":"TypeConstructor","contents":[["Prim"],"Function"]},{"tag":"TypeVar","contents":"i"}]},{"tag":"TypeApp","contents":[{"tag":"TypeApp","contents":[{"tag":"TypeApp","contents":[{"tag":"TypeConstructor","contents":[["Control","Monad","Except","Trans"],"ExceptT"]},{"tag":"TypeApp","contents":[{"tag":"TypeConstructor","contents":[["Data","List","Types"],"NonEmptyList"]},{"tag":"TypeConstructor","contents":[["Data","Foreign"],"ForeignError"]}]}]},{"tag":"TypeConstructor","contents":[["Data","Identity"],"Identity"]}]},{"tag":"TypeConstructor","contents":[["Data","Foreign"],"Foreign"]}]}]}]}]}]},9]},10]}}},{"EDValue":{"edValueName":{"Ident":"index"},"edValueType":{"tag":"ForAll","contents":["i",{"tag":"ConstrainedType","contents":[{"constraintClass":[["Data","Foreign","Index"],"Index"],"constraintArgs":[{"tag":"TypeVar","contents":"i"}],"constraintData":null},{"tag":"TypeApp","contents":[{"tag":"TypeApp","contents":[{"tag":"TypeConstructor","contents":[["Prim"],"Function"]},{"tag":"TypeConstructor","contents":[["Data","Foreign"],"Foreign"]}]},{"tag":"TypeApp","contents":[{"tag":"TypeApp","contents":[{"tag":"TypeConstructor","contents":[["Prim"],"Function"]},{"tag":"TypeVar","contents":"i"}]},{"tag":"TypeApp","contents":[{"tag":"TypeApp","contents":[{"tag":"TypeApp","contents":[{"tag":"TypeConstructor","contents":[["Control","Monad","Except","Trans"],"ExceptT"]},{"tag":"TypeApp","contents":[{"tag":"TypeConstructor","contents":[["Data","List","Types"],"NonEmptyList"]},{"tag":"TypeConstructor","contents":[["Data","Foreign"],"ForeignError"]}]}]},{"tag":"TypeConstructor","contents":[["Data","Identity"],"Identity"]}]},{"tag":"TypeConstructor","contents":[["Data","Foreign"],"Foreign"]}]}]}]}]},11]}}},{"EDValue":{"edValueName":{"Ident":"hasProperty"},"edValueType":{"tag":"ForAll","contents":["i",{"tag":"ConstrainedType","contents":[{"constraintClass":[["Data","Foreign","Index"],"Index"],"constraintArgs":[{"tag":"TypeVar","contents":"i"}],"constraintData":null},{"tag":"TypeApp","contents":[{"tag":"TypeApp","contents":[{"tag":"TypeConstructor","contents":[["Prim"],"Function"]},{"tag":"TypeVar","contents":"i"}]},{"tag":"TypeApp","contents":[{"tag":"TypeApp","contents":[{"tag":"TypeConstructor","contents":[["Prim"],"Function"]},{"tag":"TypeConstructor","contents":[["Data","Foreign"],"Foreign"]}]},{"tag":"TypeConstructor","contents":[["Prim"],"Boolean"]}]}]}]},22]}}},{"EDValue":{"edValueName":{"Ident":"hasOwnProperty"},"edValueType":{"tag":"ForAll","contents":["i",{"tag":"ConstrainedType","contents":[{"constraintClass":[["Data","Foreign","Index"],"Index"],"constraintArgs":[{"tag":"TypeVar","contents":"i"}],"constraintData":null},{"tag":"TypeApp","contents":[{"tag":"TypeApp","contents":[{"tag":"TypeConstructor","contents":[["Prim"],"Function"]},{"tag":"TypeVar","contents":"i"}]},{"tag":"TypeApp","contents":[{"tag":"TypeApp","contents":[{"tag":"TypeConstructor","contents":[["Prim"],"Function"]},{"tag":"TypeConstructor","contents":[["Data","Foreign"],"Foreign"]}]},{"tag":"TypeConstructor","contents":[["Prim"],"Boolean"]}]}]}]},29]}}},{"EDValue":{"edValueName":{"Ident":"errorAt"},"edValueType":{"tag":"ForAll","contents":["i",{"tag":"ConstrainedType","contents":[{"constraintClass":[["Data","Foreign","Index"],"Index"],"constraintArgs":[{"tag":"TypeVar","contents":"i"}],"constraintData":null},{"tag":"TypeApp","contents":[{"tag":"TypeApp","contents":[{"tag":"TypeConstructor","contents":[["Prim"],"Function"]},{"tag":"TypeVar","contents":"i"}]},{"tag":"TypeApp","contents":[{"tag":"TypeApp","contents":[{"tag":"TypeConstructor","contents":[["Prim"],"Function"]},{"tag":"TypeConstructor","contents":[["Data","Foreign"],"ForeignError"]}]},{"tag":"TypeConstructor","contents":[["Data","Foreign"],"ForeignError"]}]}]}]},30]}}},{"EDInstance":{"edInstanceClassName":[["Data","Foreign","Index"],"Index"],"edInstanceName":{"Ident":"indexString"},"edInstanceTypes":[{"tag":"TypeConstructor","contents":[["Prim"],"String"]}],"edInstanceConstraints":[]}},{"EDInstance":{"edInstanceClassName":[["Data","Foreign","Index"],"Index"],"edInstanceName":{"Ident":"indexInt"},"edInstanceTypes":[{"tag":"TypeConstructor","contents":[["Prim"],"Int"]}],"edInstanceConstraints":[]}},{"EDInstance":{"edInstanceClassName":[["Data","Foreign","Index"],"Indexable"],"edInstanceName":{"Ident":"indexableForeign"},"edInstanceTypes":[{"tag":"TypeConstructor","contents":[["Data","Foreign"],"Foreign"]}],"edInstanceConstraints":[]}},{"EDInstance":{"edInstanceClassName":[["Data","Foreign","Index"],"Indexable"],"edInstanceName":{"Ident":"indexableExceptT"},"edInstanceTypes":[{"tag":"TypeApp","contents":[{"tag":"TypeApp","contents":[{"tag":"TypeApp","contents":[{"tag":"TypeConstructor","contents":[["Control","Monad","Except","Trans"],"ExceptT"]},{"tag":"TypeApp","contents":[{"tag":"TypeConstructor","contents":[["Data","List","Types"],"NonEmptyList"]},{"tag":"TypeConstructor","contents":[["Data","Foreign"],"ForeignError"]}]}]},{"tag":"TypeConstructor","contents":[["Data","Identity"],"Identity"]}]},{"tag":"TypeConstructor","contents":[["Data","Foreign"],"Foreign"]}]}],"edInstanceConstraints":[]}}],"efSourceSpan":{"start":[1,1],"name":"E:\\practice\\haskell\\cube-rotation\\bower_components\\purescript-foreign\\src\\Data\\Foreign\\Index.purs","end":[85,29]}}