{"efVersion":"0.11.7","efModuleName":["Data","MediaType","Common"],"efExports":[{"ValueRef":[{"start":[1,1],"name":"E:\\practice\\haskell\\cube-rotation\\bower_components\\purescript-media-types\\src\\Data\\MediaType\\Common.purs","end":[42,21]},{"Ident":"applicationFormURLEncoded"}]},{"ValueRef":[{"start":[1,1],"name":"E:\\practice\\haskell\\cube-rotation\\bower_components\\purescript-media-types\\src\\Data\\MediaType\\Common.purs","end":[42,21]},{"Ident":"applicationJSON"}]},{"ValueRef":[{"start":[1,1],"name":"E:\\practice\\haskell\\cube-rotation\\bower_components\\purescript-media-types\\src\\Data\\MediaType\\Common.purs","end":[42,21]},{"Ident":"applicationJavascript"}]},{"ValueRef":[{"start":[1,1],"name":"E:\\practice\\haskell\\cube-rotation\\bower_components\\purescript-media-types\\src\\Data\\MediaType\\Common.purs","end":[42,21]},{"Ident":"applicationOctetStream"}]},{"ValueRef":[{"start":[1,1],"name":"E:\\practice\\haskell\\cube-rotation\\bower_components\\purescript-media-types\\src\\Data\\MediaType\\Common.purs","end":[42,21]},{"Ident":"applicationXML"}]},{"ValueRef":[{"start":[1,1],"name":"E:\\practice\\haskell\\cube-rotation\\bower_components\\purescript-media-types\\src\\Data\\MediaType\\Common.purs","end":[42,21]},{"Ident":"imageGIF"}]},{"ValueRef":[{"start":[1,1],"name":"E:\\practice\\haskell\\cube-rotation\\bower_components\\purescript-media-types\\src\\Data\\MediaType\\Common.purs","end":[42,21]},{"Ident":"imageJPEG"}]},{"ValueRef":[{"start":[1,1],"name":"E:\\practice\\haskell\\cube-rotation\\bower_components\\purescript-media-types\\src\\Data\\MediaType\\Common.purs","end":[42,21]},{"Ident":"imagePNG"}]},{"ValueRef":[{"start":[1,1],"name":"E:\\practice\\haskell\\cube-rotation\\bower_components\\purescript-media-types\\src\\Data\\MediaType\\Common.purs","end":[42,21]},{"Ident":"multipartFormData"}]},{"ValueRef":[{"start":[1,1],"name":"E:\\practice\\haskell\\cube-rotation\\bower_components\\purescript-media-types\\src\\Data\\MediaType\\Common.purs","end":[42,21]},{"Ident":"textCSV"}]},{"ValueRef":[{"start":[1,1],"name":"E:\\practice\\haskell\\cube-rotation\\bower_components\\purescript-media-types\\src\\Data\\MediaType\\Common.purs","end":[42,21]},{"Ident":"textHTML"}]},{"ValueRef":[{"start":[1,1],"name":"E:\\practice\\haskell\\cube-rotation\\bower_components\\purescript-media-types\\src\\Data\\MediaType\\Common.purs","end":[42,21]},{"Ident":"textPlain"}]},{"ValueRef":[{"start":[1,1],"name":"E:\\practice\\haskell\\cube-rotation\\bower_components\\purescript-media-types\\src\\Data\\MediaType\\Common.purs","end":[42,21]},{"Ident":"textXML"}]}],"efImports":[{"eiModule":["Prim"],"eiImportType":{"Implicit":[]},"eiImportedAs":["Prim"]},{"eiModule":["Prim"],"eiImportType":{"Implicit":[]},"eiImportedAs":null},{"eiModule":["Data","MediaType"],"eiImportType":{"Explicit":[{"TypeRef":[{"start":[3,24],"name":"E:\\practice\\haskell\\cube-rotation\\bower_components\\purescript-media-types\\src\\Data\\MediaType\\Common.purs","end":[3,37]},"MediaType",null]}]},"eiImportedAs":null}],"efFixities":[],"efTypeFixities":[],"efDeclarations":[{"EDValue":{"edValueName":{"Ident":"applicationFormURLEncoded"},"edValueType":{"tag":"TypeConstructor","contents":[["Data","MediaType"],"MediaType"]}}},{"EDValue":{"edValueName":{"Ident":"applicationJSON"},"edValueType":{"tag":"TypeConstructor","contents":[["Data","MediaType"],"MediaType"]}}},{"EDValue":{"edValueName":{"Ident":"applicationJavascript"},"edValueType":{"tag":"TypeConstructor","contents":[["Data","MediaType"],"MediaType"]}}},{"EDValue":{"edValueName":{"Ident":"applicationOctetStream"},"edValueType":{"tag":"TypeConstructor","contents":[["Data","MediaType"],"MediaType"]}}},{"EDValue":{"edValueName":{"Ident":"applicationXML"},"edValueType":{"tag":"TypeConstructor","contents":[["Data","MediaType"],"MediaType"]}}},{"EDValue":{"edValueName":{"Ident":"imageGIF"},"edValueType":{"tag":"TypeConstructor","contents":[["Data","MediaType"],"MediaType"]}}},{"EDValue":{"edValueName":{"Ident":"imageJPEG"},"edValueType":{"tag":"TypeConstructor","contents":[["Data","MediaType"],"MediaType"]}}},{"EDValue":{"edValueName":{"Ident":"imagePNG"},"edValueType":{"tag":"TypeConstructor","contents":[["Data","MediaType"],"MediaType"]}}},{"EDValue":{"edValueName":{"Ident":"multipartFormData"},"edValueType":{"tag":"TypeConstructor","contents":[["Data","MediaType"],"MediaType"]}}},{"EDValue":{"edValueName":{"Ident":"textCSV"},"edValueType":{"tag":"TypeConstructor","contents":[["Data","MediaType"],"MediaType"]}}},{"EDValue":{"edValueName":{"Ident":"textHTML"},"edValueType":{"tag":"TypeConstructor","contents":[["Data","MediaType"],"MediaType"]}}},{"EDValue":{"edValueName":{"Ident":"textPlain"},"edValueType":{"tag":"TypeConstructor","contents":[["Data","MediaType"],"MediaType"]}}},{"EDValue":{"edValueName":{"Ident":"textXML"},"edValueType":{"tag":"TypeConstructor","contents":[["Data","MediaType"],"MediaType"]}}}],"efSourceSpan":{"start":[1,1],"name":"E:\\practice\\haskell\\cube-rotation\\bower_components\\purescript-media-types\\src\\Data\\MediaType\\Common.purs","end":[42,21]}}