{"efVersion":"0.11.7","efModuleName":["Data","Lens","Traversal"],"efExports":[{"ReExportRef":[{"start":[1,1],"name":"E:\\practice\\haskell\\cube-rotation\\bower_components\\purescript-profunctor-lenses\\src\\Data\\Lens\\Traversal.purs","end":[96,19]},["Data","Lens","Types"],{"TypeRef":[{"start":[1,1],"name":"E:\\practice\\haskell\\cube-rotation\\bower_components\\purescript-profunctor-lenses\\src\\Data\\Lens\\Traversal.purs","end":[96,19]},"Traversal",[]]}]},{"ReExportRef":[{"start":[1,1],"name":"E:\\practice\\haskell\\cube-rotation\\bower_components\\purescript-profunctor-lenses\\src\\Data\\Lens\\Traversal.purs","end":[96,19]},["Data","Lens","Types"],{"TypeRef":[{"start":[1,1],"name":"E:\\practice\\haskell\\cube-rotation\\bower_components\\purescript-profunctor-lenses\\src\\Data\\Lens\\Traversal.purs","end":[96,19]},"Traversal'",[]]}]},{"ValueRef":[{"start":[1,1],"name":"E:\\practice\\haskell\\cube-rotation\\bower_components\\purescript-profunctor-lenses\\src\\Data\\Lens\\Traversal.purs","end":[96,19]},{"Ident":"traversed"}]},{"ValueRef":[{"start":[1,1],"name":"E:\\practice\\haskell\\cube-rotation\\bower_components\\purescript-profunctor-lenses\\src\\Data\\Lens\\Traversal.purs","end":[96,19]},{"Ident":"traverseOf"}]},{"ValueRef":[{"start":[1,1],"name":"E:\\practice\\haskell\\cube-rotation\\bower_components\\purescript-profunctor-lenses\\src\\Data\\Lens\\Traversal.purs","end":[96,19]},{"Ident":"sequenceOf"}]},{"ValueRef":[{"start":[1,1],"name":"E:\\practice\\haskell\\cube-rotation\\bower_components\\purescript-profunctor-lenses\\src\\Data\\Lens\\Traversal.purs","end":[96,19]},{"Ident":"failover"}]},{"ValueRef":[{"start":[1,1],"name":"E:\\practice\\haskell\\cube-rotation\\bower_components\\purescript-profunctor-lenses\\src\\Data\\Lens\\Traversal.purs","end":[96,19]},{"Ident":"elementsOf"}]},{"ValueRef":[{"start":[1,1],"name":"E:\\practice\\haskell\\cube-rotation\\bower_components\\purescript-profunctor-lenses\\src\\Data\\Lens\\Traversal.purs","end":[96,19]},{"Ident":"itraverseOf"}]},{"ValueRef":[{"start":[1,1],"name":"E:\\practice\\haskell\\cube-rotation\\bower_components\\purescript-profunctor-lenses\\src\\Data\\Lens\\Traversal.purs","end":[96,19]},{"Ident":"element"}]},{"ModuleRef":[{"start":[10,5],"name":"E:\\practice\\haskell\\cube-rotation\\bower_components\\purescript-profunctor-lenses\\src\\Data\\Lens\\Traversal.purs","end":[10,23]},["ExportTypes"]]}],"efImports":[{"eiModule":["Prim"],"eiImportType":{"Implicit":[]},"eiImportedAs":["Prim"]},{"eiModule":["Prim"],"eiImportType":{"Implicit":[]},"eiImportedAs":null},{"eiModule":["Prelude"],"eiImportType":{"Implicit":[]},"eiImportedAs":null},{"eiModule":["Control","Alternative"],"eiImportType":{"Explicit":[{"TypeClassRef":[{"start":[15,29],"name":"E:\\practice\\haskell\\cube-rotation\\bower_components\\purescript-profunctor-lenses\\src\\Data\\Lens\\Traversal.purs","end":[15,46]},"Alternative"]}]},"eiImportedAs":null},{"eiModule":["Control","Plus"],"eiImportType":{"Explicit":[{"ValueRef":[{"start":[16,22],"name":"E:\\practice\\haskell\\cube-rotation\\bower_components\\purescript-profunctor-lenses\\src\\Data\\Lens\\Traversal.purs","end":[16,27]},{"Ident":"empty"}]}]},"eiImportedAs":null},{"eiModule":["Data","Lens","Indexed"],"eiImportType":{"Explicit":[{"ValueRef":[{"start":[18,27],"name":"E:\\practice\\haskell\\cube-rotation\\bower_components\\purescript-profunctor-lenses\\src\\Data\\Lens\\Traversal.purs","end":[18,34]},{"Ident":"iwander"}]},{"ValueRef":[{"start":[18,36],"name":"E:\\practice\\haskell\\cube-rotation\\bower_components\\purescript-profunctor-lenses\\src\\Data\\Lens\\Traversal.purs","end":[18,45]},{"Ident":"positions"}]},{"ValueRef":[{"start":[18,47],"name":"E:\\practice\\haskell\\cube-rotation\\bower_components\\purescript-profunctor-lenses\\src\\Data\\Lens\\Traversal.purs","end":[18,54]},{"Ident":"unIndex"}]}]},"eiImportedAs":null},{"eiModule":["Data","Lens","Types"],"eiImportType":{"Explicit":[{"TypeRef":[{"start":[19,25],"name":"E:\\practice\\haskell\\cube-rotation\\bower_components\\purescript-profunctor-lenses\\src\\Data\\Lens\\Traversal.purs","end":[19,41]},"IndexedTraversal",[]]},{"TypeRef":[{"start":[19,43],"name":"E:\\practice\\haskell\\cube-rotation\\bower_components\\purescript-profunctor-lenses\\src\\Data\\Lens\\Traversal.purs","end":[19,55]},"IndexedOptic",[]]},{"TypeRef":[{"start":[19,57],"name":"E:\\practice\\haskell\\cube-rotation\\bower_components\\purescript-profunctor-lenses\\src\\Data\\Lens\\Traversal.purs","end":[19,68]},"Indexed",null]},{"TypeRef":[{"start":[19,70],"name":"E:\\practice\\haskell\\cube-rotation\\bower_components\\purescript-profunctor-lenses\\src\\Data\\Lens\\Traversal.purs","end":[19,79]},"Traversal",[]]},{"TypeRef":[{"start":[19,81],"name":"E:\\practice\\haskell\\cube-rotation\\bower_components\\purescript-profunctor-lenses\\src\\Data\\Lens\\Traversal.purs","end":[19,86]},"Optic",[]]},{"TypeClassRef":[{"start":[19,88],"name":"E:\\practice\\haskell\\cube-rotation\\bower_components\\purescript-profunctor-lenses\\src\\Data\\Lens\\Traversal.purs","end":[19,100]},"Wander"]},{"ValueRef":[{"start":[19,102],"name":"E:\\practice\\haskell\\cube-rotation\\bower_components\\purescript-profunctor-lenses\\src\\Data\\Lens\\Traversal.purs","end":[19,108]},{"Ident":"wander"}]}]},"eiImportedAs":null},{"eiModule":["Data","Lens","Types"],"eiImportType":{"Explicit":[{"TypeRef":[{"start":[20,25],"name":"E:\\practice\\haskell\\cube-rotation\\bower_components\\purescript-profunctor-lenses\\src\\Data\\Lens\\Traversal.purs","end":[20,34]},"Traversal",[]]},{"TypeRef":[{"start":[20,36],"name":"E:\\practice\\haskell\\cube-rotation\\bower_components\\purescript-profunctor-lenses\\src\\Data\\Lens\\Traversal.purs","end":[20,46]},"Traversal'",[]]}]},"eiImportedAs":["ExportTypes"]},{"eiModule":["Data","Monoid","Disj"],"eiImportType":{"Explicit":[{"TypeRef":[{"start":[21,26],"name":"E:\\practice\\haskell\\cube-rotation\\bower_components\\purescript-profunctor-lenses\\src\\Data\\Lens\\Traversal.purs","end":[21,34]},"Disj",null]}]},"eiImportedAs":null},{"eiModule":["Data","Profunctor","Star"],"eiImportType":{"Explicit":[{"TypeRef":[{"start":[22,30],"name":"E:\\practice\\haskell\\cube-rotation\\bower_components\\purescript-profunctor-lenses\\src\\Data\\Lens\\Traversal.purs","end":[22,38]},"Star",null]}]},"eiImportedAs":null},{"eiModule":["Data","Traversable"],"eiImportType":{"Explicit":[{"TypeClassRef":[{"start":[23,26],"name":"E:\\practice\\haskell\\cube-rotation\\bower_components\\purescript-profunctor-lenses\\src\\Data\\Lens\\Traversal.purs","end":[23,43]},"Traversable"]},{"ValueRef":[{"start":[23,45],"name":"E:\\practice\\haskell\\cube-rotation\\bower_components\\purescript-profunctor-lenses\\src\\Data\\Lens\\Traversal.purs","end":[23,53]},{"Ident":"traverse"}]}]},"eiImportedAs":null},{"eiModule":["Data","Tuple"],"eiImportType":{"Explicit":[{"TypeRef":[{"start":[24,20],"name":"E:\\practice\\haskell\\cube-rotation\\bower_components\\purescript-profunctor-lenses\\src\\Data\\Lens\\Traversal.purs","end":[24,29]},"Tuple",null]},{"ValueRef":[{"start":[24,31],"name":"E:\\practice\\haskell\\cube-rotation\\bower_components\\purescript-profunctor-lenses\\src\\Data\\Lens\\Traversal.purs","end":[24,38]},{"Ident":"uncurry"}]}]},"eiImportedAs":null},{"eiModule":["Data","Newtype"],"eiImportType":{"Explicit":[{"ValueRef":[{"start":[25,22],"name":"E:\\practice\\haskell\\cube-rotation\\bower_components\\purescript-profunctor-lenses\\src\\Data\\Lens\\Traversal.purs","end":[25,27]},{"Ident":"under"}]},{"ValueRef":[{"start":[25,29],"name":"E:\\practice\\haskell\\cube-rotation\\bower_components\\purescript-profunctor-lenses\\src\\Data\\Lens\\Traversal.purs","end":[25,35]},{"Ident":"unwrap"}]}]},"eiImportedAs":null}],"efFixities":[],"efTypeFixities":[],"efDeclarations":[{"EDValue":{"edValueName":{"Ident":"traversed"},"edValueType":{"tag":"ForAll","contents":["b",{"tag":"ForAll","contents":["a",{"tag":"ForAll","contents":["t",{"tag":"ConstrainedType","contents":[{"constraintClass":[["Data","Traversable"],"Traversable"],"constraintArgs":[{"tag":"TypeVar","contents":"t"}],"constraintData":null},{"tag":"ForAll","contents":["p",{"tag":"ConstrainedType","contents":[{"constraintClass":[["Data","Lens","Internal","Wander"],"Wander"],"constraintArgs":[{"tag":"TypeVar","contents":"p"}],"constraintData":null},{"tag":"TypeApp","contents":[{"tag":"TypeApp","contents":[{"tag":"TypeConstructor","contents":[["Prim"],"Function"]},{"tag":"TypeApp","contents":[{"tag":"TypeApp","contents":[{"tag":"TypeVar","contents":"p"},{"tag":"TypeVar","contents":"a"}]},{"tag":"TypeVar","contents":"b"}]}]},{"tag":"TypeApp","contents":[{"tag":"TypeApp","contents":[{"tag":"TypeVar","contents":"p"},{"tag":"TypeApp","contents":[{"tag":"TypeVar","contents":"t"},{"tag":"TypeVar","contents":"a"}]}]},{"tag":"TypeApp","contents":[{"tag":"TypeVar","contents":"t"},{"tag":"TypeVar","contents":"b"}]}]}]}]},0]}]},1]},2]},3]}}},{"EDValue":{"edValueName":{"Ident":"traverseOf"},"edValueType":{"tag":"ForAll","contents":["b",{"tag":"ForAll","contents":["a",{"tag":"ForAll","contents":["t",{"tag":"ForAll","contents":["s",{"tag":"ForAll","contents":["f",{"tag":"ConstrainedType","contents":[{"constraintClass":[["Control","Applicative"],"Applicative"],"constraintArgs":[{"tag":"TypeVar","contents":"f"}],"constraintData":null},{"tag":"TypeApp","contents":[{"tag":"TypeApp","contents":[{"tag":"TypeConstructor","contents":[["Prim"],"Function"]},{"tag":"TypeApp","contents":[{"tag":"TypeApp","contents":[{"tag":"TypeConstructor","contents":[["Prim"],"Function"]},{"tag":"TypeApp","contents":[{"tag":"TypeApp","contents":[{"tag":"TypeApp","contents":[{"tag":"TypeConstructor","contents":[["Data","Profunctor","Star"],"Star"]},{"tag":"TypeVar","contents":"f"}]},{"tag":"TypeVar","contents":"a"}]},{"tag":"TypeVar","contents":"b"}]}]},{"tag":"TypeApp","contents":[{"tag":"TypeApp","contents":[{"tag":"TypeApp","contents":[{"tag":"TypeConstructor","contents":[["Data","Profunctor","Star"],"Star"]},{"tag":"TypeVar","contents":"f"}]},{"tag":"TypeVar","contents":"s"}]},{"tag":"TypeVar","contents":"t"}]}]}]},{"tag":"TypeApp","contents":[{"tag":"TypeApp","contents":[{"tag":"TypeConstructor","contents":[["Prim"],"Function"]},{"tag":"TypeApp","contents":[{"tag":"TypeApp","contents":[{"tag":"TypeConstructor","contents":[["Prim"],"Function"]},{"tag":"TypeVar","contents":"a"}]},{"tag":"TypeApp","contents":[{"tag":"TypeVar","contents":"f"},{"tag":"TypeVar","contents":"b"}]}]}]},{"tag":"TypeApp","contents":[{"tag":"TypeApp","contents":[{"tag":"TypeConstructor","contents":[["Prim"],"Function"]},{"tag":"TypeVar","contents":"s"}]},{"tag":"TypeApp","contents":[{"tag":"TypeVar","contents":"f"},{"tag":"TypeVar","contents":"t"}]}]}]}]}]},9]},10]},11]},12]},13]}}},{"EDValue":{"edValueName":{"Ident":"sequenceOf"},"edValueType":{"tag":"ForAll","contents":["a",{"tag":"ForAll","contents":["t",{"tag":"ForAll","contents":["s",{"tag":"ForAll","contents":["f",{"tag":"ConstrainedType","contents":[{"constraintClass":[["Control","Applicative"],"Applicative"],"constraintArgs":[{"tag":"TypeVar","contents":"f"}],"constraintData":null},{"tag":"TypeApp","contents":[{"tag":"TypeApp","contents":[{"tag":"TypeConstructor","contents":[["Prim"],"Function"]},{"tag":"TypeApp","contents":[{"tag":"TypeApp","contents":[{"tag":"TypeConstructor","contents":[["Prim"],"Function"]},{"tag":"TypeApp","contents":[{"tag":"TypeApp","contents":[{"tag":"TypeApp","contents":[{"tag":"TypeConstructor","contents":[["Data","Profunctor","Star"],"Star"]},{"tag":"TypeVar","contents":"f"}]},{"tag":"TypeApp","contents":[{"tag":"TypeVar","contents":"f"},{"tag":"TypeVar","contents":"a"}]}]},{"tag":"TypeVar","contents":"a"}]}]},{"tag":"TypeApp","contents":[{"tag":"TypeApp","contents":[{"tag":"TypeApp","contents":[{"tag":"TypeConstructor","contents":[["Data","Profunctor","Star"],"Star"]},{"tag":"TypeVar","contents":"f"}]},{"tag":"TypeVar","contents":"s"}]},{"tag":"TypeVar","contents":"t"}]}]}]},{"tag":"TypeApp","contents":[{"tag":"TypeApp","contents":[{"tag":"TypeConstructor","contents":[["Prim"],"Function"]},{"tag":"TypeVar","contents":"s"}]},{"tag":"TypeApp","contents":[{"tag":"TypeVar","contents":"f"},{"tag":"TypeVar","contents":"t"}]}]}]}]},22]},23]},24]},25]}}},{"EDValue":{"edValueName":{"Ident":"failover"},"edValueType":{"tag":"ForAll","contents":["b",{"tag":"ForAll","contents":["a",{"tag":"ForAll","contents":["t",{"tag":"ForAll","contents":["s",{"tag":"ForAll","contents":["f",{"tag":"ConstrainedType","contents":[{"constraintClass":[["Control","Alternative"],"Alternative"],"constraintArgs":[{"tag":"TypeVar","contents":"f"}],"constraintData":null},{"tag":"TypeApp","contents":[{"tag":"TypeApp","contents":[{"tag":"TypeConstructor","contents":[["Prim"],"Function"]},{"tag":"TypeApp","contents":[{"tag":"TypeApp","contents":[{"tag":"TypeConstructor","contents":[["Prim"],"Function"]},{"tag":"TypeApp","contents":[{"tag":"TypeApp","contents":[{"tag":"TypeApp","contents":[{"tag":"TypeConstructor","contents":[["Data","Profunctor","Star"],"Star"]},{"tag":"TypeApp","contents":[{"tag":"TypeConstructor","contents":[["Data","Tuple"],"Tuple"]},{"tag":"TypeApp","contents":[{"tag":"TypeConstructor","contents":[["Data","Monoid","Disj"],"Disj"]},{"tag":"TypeConstructor","contents":[["Prim"],"Boolean"]}]}]}]},{"tag":"TypeVar","contents":"a"}]},{"tag":"TypeVar","contents":"b"}]}]},{"tag":"TypeApp","contents":[{"tag":"TypeApp","contents":[{"tag":"TypeApp","contents":[{"tag":"TypeConstructor","contents":[["Data","Profunctor","Star"],"Star"]},{"tag":"TypeApp","contents":[{"tag":"TypeConstructor","contents":[["Data","Tuple"],"Tuple"]},{"tag":"TypeApp","contents":[{"tag":"TypeConstructor","contents":[["Data","Monoid","Disj"],"Disj"]},{"tag":"TypeConstructor","contents":[["Prim"],"Boolean"]}]}]}]},{"tag":"TypeVar","contents":"s"}]},{"tag":"TypeVar","contents":"t"}]}]}]},{"tag":"TypeApp","contents":[{"tag":"TypeApp","contents":[{"tag":"TypeConstructor","contents":[["Prim"],"Function"]},{"tag":"TypeApp","contents":[{"tag":"TypeApp","contents":[{"tag":"TypeConstructor","contents":[["Prim"],"Function"]},{"tag":"TypeVar","contents":"a"}]},{"tag":"TypeVar","contents":"b"}]}]},{"tag":"TypeApp","contents":[{"tag":"TypeApp","contents":[{"tag":"TypeConstructor","contents":[["Prim"],"Function"]},{"tag":"TypeVar","contents":"s"}]},{"tag":"TypeApp","contents":[{"tag":"TypeVar","contents":"f"},{"tag":"TypeVar","contents":"t"}]}]}]}]}]},61]},62]},63]},64]},65]}}},{"EDValue":{"edValueName":{"Ident":"elementsOf"},"edValueType":{"tag":"ForAll","contents":["a",{"tag":"ForAll","contents":["t",{"tag":"ForAll","contents":["s",{"tag":"ForAll","contents":["i",{"tag":"ForAll","contents":["p",{"tag":"ConstrainedType","contents":[{"constraintClass":[["Data","Lens","Internal","Wander"],"Wander"],"constraintArgs":[{"tag":"TypeVar","contents":"p"}],"constraintData":null},{"tag":"TypeApp","contents":[{"tag":"TypeApp","contents":[{"tag":"TypeConstructor","contents":[["Prim"],"Function"]},{"tag":"ForAll","contents":["p",{"tag":"ConstrainedType","contents":[{"constraintClass":[["Data","Lens","Internal","Wander"],"Wander"],"constraintArgs":[{"tag":"TypeVar","contents":"p"}],"constraintData":null},{"tag":"TypeApp","contents":[{"tag":"TypeApp","contents":[{"tag":"TypeConstructor","contents":[["Prim"],"Function"]},{"tag":"TypeApp","contents":[{"tag":"TypeApp","contents":[{"tag":"TypeApp","contents":[{"tag":"TypeApp","contents":[{"tag":"TypeConstructor","contents":[["Data","Lens","Internal","Indexed"],"Indexed"]},{"tag":"TypeVar","contents":"p"}]},{"tag":"TypeVar","contents":"i"}]},{"tag":"TypeVar","contents":"a"}]},{"tag":"TypeVar","contents":"a"}]}]},{"tag":"TypeApp","contents":[{"tag":"TypeApp","contents":[{"tag":"TypeVar","contents":"p"},{"tag":"TypeVar","contents":"s"}]},{"tag":"TypeVar","contents":"t"}]}]}]},74]}]},{"tag":"TypeApp","contents":[{"tag":"TypeApp","contents":[{"tag":"TypeConstructor","contents":[["Prim"],"Function"]},{"tag":"TypeApp","contents":[{"tag":"TypeApp","contents":[{"tag":"TypeConstructor","contents":[["Prim"],"Function"]},{"tag":"TypeVar","contents":"i"}]},{"tag":"TypeConstructor","contents":[["Prim"],"Boolean"]}]}]},{"tag":"TypeApp","contents":[{"tag":"TypeApp","contents":[{"tag":"TypeConstructor","contents":[["Prim"],"Function"]},{"tag":"TypeApp","contents":[{"tag":"TypeApp","contents":[{"tag":"TypeApp","contents":[{"tag":"TypeApp","contents":[{"tag":"TypeConstructor","contents":[["Data","Lens","Internal","Indexed"],"Indexed"]},{"tag":"TypeVar","contents":"p"}]},{"tag":"TypeVar","contents":"i"}]},{"tag":"TypeVar","contents":"a"}]},{"tag":"TypeVar","contents":"a"}]}]},{"tag":"TypeApp","contents":[{"tag":"TypeApp","contents":[{"tag":"TypeVar","contents":"p"},{"tag":"TypeVar","contents":"s"}]},{"tag":"TypeVar","contents":"t"}]}]}]}]}]},75]},76]},77]},78]},79]}}},{"EDValue":{"edValueName":{"Ident":"itraverseOf"},"edValueType":{"tag":"ForAll","contents":["b",{"tag":"ForAll","contents":["a",{"tag":"ForAll","contents":["t",{"tag":"ForAll","contents":["s",{"tag":"ForAll","contents":["i",{"tag":"ForAll","contents":["f",{"tag":"ConstrainedType","contents":[{"constraintClass":[["Control","Applicative"],"Applicative"],"constraintArgs":[{"tag":"TypeVar","contents":"f"}],"constraintData":null},{"tag":"TypeApp","contents":[{"tag":"TypeApp","contents":[{"tag":"TypeConstructor","contents":[["Prim"],"Function"]},{"tag":"TypeApp","contents":[{"tag":"TypeApp","contents":[{"tag":"TypeConstructor","contents":[["Prim"],"Function"]},{"tag":"TypeApp","contents":[{"tag":"TypeApp","contents":[{"tag":"TypeApp","contents":[{"tag":"TypeApp","contents":[{"tag":"TypeConstructor","contents":[["Data","Lens","Internal","Indexed"],"Indexed"]},{"tag":"TypeApp","contents":[{"tag":"TypeConstructor","contents":[["Data","Profunctor","Star"],"Star"]},{"tag":"TypeVar","contents":"f"}]}]},{"tag":"TypeVar","contents":"i"}]},{"tag":"TypeVar","contents":"a"}]},{"tag":"TypeVar","contents":"b"}]}]},{"tag":"TypeApp","contents":[{"tag":"TypeApp","contents":[{"tag":"TypeApp","contents":[{"tag":"TypeConstructor","contents":[["Data","Profunctor","Star"],"Star"]},{"tag":"TypeVar","contents":"f"}]},{"tag":"TypeVar","contents":"s"}]},{"tag":"TypeVar","contents":"t"}]}]}]},{"tag":"TypeApp","contents":[{"tag":"TypeApp","contents":[{"tag":"TypeConstructor","contents":[["Prim"],"Function"]},{"tag":"TypeApp","contents":[{"tag":"TypeApp","contents":[{"tag":"TypeConstructor","contents":[["Prim"],"Function"]},{"tag":"TypeVar","contents":"i"}]},{"tag":"TypeApp","contents":[{"tag":"TypeApp","contents":[{"tag":"TypeConstructor","contents":[["Prim"],"Function"]},{"tag":"TypeVar","contents":"a"}]},{"tag":"TypeApp","contents":[{"tag":"TypeVar","contents":"f"},{"tag":"TypeVar","contents":"b"}]}]}]}]},{"tag":"TypeApp","contents":[{"tag":"TypeApp","contents":[{"tag":"TypeConstructor","contents":[["Prim"],"Function"]},{"tag":"TypeVar","contents":"s"}]},{"tag":"TypeApp","contents":[{"tag":"TypeVar","contents":"f"},{"tag":"TypeVar","contents":"t"}]}]}]}]}]},30]},31]},32]},33]},34]},35]}}},{"EDValue":{"edValueName":{"Ident":"element"},"edValueType":{"tag":"ForAll","contents":["a",{"tag":"ForAll","contents":["t",{"tag":"ForAll","contents":["s",{"tag":"ForAll","contents":["p",{"tag":"ConstrainedType","contents":[{"constraintClass":[["Data","Lens","Internal","Wander"],"Wander"],"constraintArgs":[{"tag":"TypeVar","contents":"p"}],"constraintData":null},{"tag":"TypeApp","contents":[{"tag":"TypeApp","contents":[{"tag":"TypeConstructor","contents":[["Prim"],"Function"]},{"tag":"TypeConstructor","contents":[["Prim"],"Int"]}]},{"tag":"TypeApp","contents":[{"tag":"TypeApp","contents":[{"tag":"TypeConstructor","contents":[["Prim"],"Function"]},{"tag":"ForAll","contents":["p",{"tag":"ConstrainedType","contents":[{"constraintClass":[["Data","Lens","Internal","Wander"],"Wander"],"constraintArgs":[{"tag":"TypeVar","contents":"p"}],"constraintData":null},{"tag":"TypeApp","contents":[{"tag":"TypeApp","contents":[{"tag":"TypeConstructor","contents":[["Prim"],"Function"]},{"tag":"TypeApp","contents":[{"tag":"TypeApp","contents":[{"tag":"TypeVar","contents":"p"},{"tag":"TypeVar","contents":"a"}]},{"tag":"TypeVar","contents":"a"}]}]},{"tag":"TypeApp","contents":[{"tag":"TypeApp","contents":[{"tag":"TypeVar","contents":"p"},{"tag":"TypeVar","contents":"s"}]},{"tag":"TypeVar","contents":"t"}]}]}]},93]}]},{"tag":"TypeApp","contents":[{"tag":"TypeApp","contents":[{"tag":"TypeConstructor","contents":[["Prim"],"Function"]},{"tag":"TypeApp","contents":[{"tag":"TypeApp","contents":[{"tag":"TypeVar","contents":"p"},{"tag":"TypeVar","contents":"a"}]},{"tag":"TypeVar","contents":"a"}]}]},{"tag":"TypeApp","contents":[{"tag":"TypeApp","contents":[{"tag":"TypeVar","contents":"p"},{"tag":"TypeVar","contents":"s"}]},{"tag":"TypeVar","contents":"t"}]}]}]}]}]},94]},95]},96]},97]}}}],"efSourceSpan":{"start":[1,1],"name":"E:\\practice\\haskell\\cube-rotation\\bower_components\\purescript-profunctor-lenses\\src\\Data\\Lens\\Traversal.purs","end":[96,19]}}