{"efVersion":"0.11.7","efModuleName":["Data","Int","Bits"],"efExports":[{"ValueRef":[{"start":[1,1],"name":"E:\\practice\\haskell\\cube-rotation\\bower_components\\purescript-integers\\src\\Data\\Int\\Bits.purs","end":[37,37]},{"Ident":"and"}]},{"ValueOpRef":[{"start":[1,1],"name":"E:\\practice\\haskell\\cube-rotation\\bower_components\\purescript-integers\\src\\Data\\Int\\Bits.purs","end":[37,37]},".&."]},{"ValueRef":[{"start":[1,1],"name":"E:\\practice\\haskell\\cube-rotation\\bower_components\\purescript-integers\\src\\Data\\Int\\Bits.purs","end":[37,37]},{"Ident":"or"}]},{"ValueOpRef":[{"start":[1,1],"name":"E:\\practice\\haskell\\cube-rotation\\bower_components\\purescript-integers\\src\\Data\\Int\\Bits.purs","end":[37,37]},".|."]},{"ValueRef":[{"start":[1,1],"name":"E:\\practice\\haskell\\cube-rotation\\bower_components\\purescript-integers\\src\\Data\\Int\\Bits.purs","end":[37,37]},{"Ident":"xor"}]},{"ValueOpRef":[{"start":[1,1],"name":"E:\\practice\\haskell\\cube-rotation\\bower_components\\purescript-integers\\src\\Data\\Int\\Bits.purs","end":[37,37]},".^."]},{"ValueRef":[{"start":[1,1],"name":"E:\\practice\\haskell\\cube-rotation\\bower_components\\purescript-integers\\src\\Data\\Int\\Bits.purs","end":[37,37]},{"Ident":"shl"}]},{"ValueRef":[{"start":[1,1],"name":"E:\\practice\\haskell\\cube-rotation\\bower_components\\purescript-integers\\src\\Data\\Int\\Bits.purs","end":[37,37]},{"Ident":"shr"}]},{"ValueRef":[{"start":[1,1],"name":"E:\\practice\\haskell\\cube-rotation\\bower_components\\purescript-integers\\src\\Data\\Int\\Bits.purs","end":[37,37]},{"Ident":"zshr"}]},{"ValueRef":[{"start":[1,1],"name":"E:\\practice\\haskell\\cube-rotation\\bower_components\\purescript-integers\\src\\Data\\Int\\Bits.purs","end":[37,37]},{"Ident":"complement"}]}],"efImports":[{"eiModule":["Prim"],"eiImportType":{"Implicit":[]},"eiImportedAs":["Prim"]},{"eiModule":["Prim"],"eiImportType":{"Implicit":[]},"eiImportedAs":null}],"efFixities":[{"efAssociativity":"infixl","efPrecedence":10,"efOperator":".&.","efAlias":[["Data","Int","Bits"],{"Left":{"Ident":"and"}}]},{"efAssociativity":"infixl","efPrecedence":10,"efOperator":".|.","efAlias":[["Data","Int","Bits"],{"Left":{"Ident":"or"}}]},{"efAssociativity":"infixl","efPrecedence":10,"efOperator":".^.","efAlias":[["Data","Int","Bits"],{"Left":{"Ident":"xor"}}]}],"efTypeFixities":[],"efDeclarations":[{"EDValue":{"edValueName":{"Ident":"and"},"edValueType":{"tag":"TypeApp","contents":[{"tag":"TypeApp","contents":[{"tag":"TypeConstructor","contents":[["Prim"],"Function"]},{"tag":"TypeConstructor","contents":[["Prim"],"Int"]}]},{"tag":"TypeApp","contents":[{"tag":"TypeApp","contents":[{"tag":"TypeConstructor","contents":[["Prim"],"Function"]},{"tag":"TypeConstructor","contents":[["Prim"],"Int"]}]},{"tag":"TypeConstructor","contents":[["Prim"],"Int"]}]}]}}},{"EDValue":{"edValueName":{"Ident":"or"},"edValueType":{"tag":"TypeApp","contents":[{"tag":"TypeApp","contents":[{"tag":"TypeConstructor","contents":[["Prim"],"Function"]},{"tag":"TypeConstructor","contents":[["Prim"],"Int"]}]},{"tag":"TypeApp","contents":[{"tag":"TypeApp","contents":[{"tag":"TypeConstructor","contents":[["Prim"],"Function"]},{"tag":"TypeConstructor","contents":[["Prim"],"Int"]}]},{"tag":"TypeConstructor","contents":[["Prim"],"Int"]}]}]}}},{"EDValue":{"edValueName":{"Ident":"xor"},"edValueType":{"tag":"TypeApp","contents":[{"tag":"TypeApp","contents":[{"tag":"TypeConstructor","contents":[["Prim"],"Function"]},{"tag":"TypeConstructor","contents":[["Prim"],"Int"]}]},{"tag":"TypeApp","contents":[{"tag":"TypeApp","contents":[{"tag":"TypeConstructor","contents":[["Prim"],"Function"]},{"tag":"TypeConstructor","contents":[["Prim"],"Int"]}]},{"tag":"TypeConstructor","contents":[["Prim"],"Int"]}]}]}}},{"EDValue":{"edValueName":{"Ident":"shl"},"edValueType":{"tag":"TypeApp","contents":[{"tag":"TypeApp","contents":[{"tag":"TypeConstructor","contents":[["Prim"],"Function"]},{"tag":"TypeConstructor","contents":[["Prim"],"Int"]}]},{"tag":"TypeApp","contents":[{"tag":"TypeApp","contents":[{"tag":"TypeConstructor","contents":[["Prim"],"Function"]},{"tag":"TypeConstructor","contents":[["Prim"],"Int"]}]},{"tag":"TypeConstructor","contents":[["Prim"],"Int"]}]}]}}},{"EDValue":{"edValueName":{"Ident":"shr"},"edValueType":{"tag":"TypeApp","contents":[{"tag":"TypeApp","contents":[{"tag":"TypeConstructor","contents":[["Prim"],"Function"]},{"tag":"TypeConstructor","contents":[["Prim"],"Int"]}]},{"tag":"TypeApp","contents":[{"tag":"TypeApp","contents":[{"tag":"TypeConstructor","contents":[["Prim"],"Function"]},{"tag":"TypeConstructor","contents":[["Prim"],"Int"]}]},{"tag":"TypeConstructor","contents":[["Prim"],"Int"]}]}]}}},{"EDValue":{"edValueName":{"Ident":"zshr"},"edValueType":{"tag":"TypeApp","contents":[{"tag":"TypeApp","contents":[{"tag":"TypeConstructor","contents":[["Prim"],"Function"]},{"tag":"TypeConstructor","contents":[["Prim"],"Int"]}]},{"tag":"TypeApp","contents":[{"tag":"TypeApp","contents":[{"tag":"TypeConstructor","contents":[["Prim"],"Function"]},{"tag":"TypeConstructor","contents":[["Prim"],"Int"]}]},{"tag":"TypeConstructor","contents":[["Prim"],"Int"]}]}]}}},{"EDValue":{"edValueName":{"Ident":"complement"},"edValueType":{"tag":"TypeApp","contents":[{"tag":"TypeApp","contents":[{"tag":"TypeConstructor","contents":[["Prim"],"Function"]},{"tag":"TypeConstructor","contents":[["Prim"],"Int"]}]},{"tag":"TypeConstructor","contents":[["Prim"],"Int"]}]}}}],"efSourceSpan":{"start":[1,1],"name":"E:\\practice\\haskell\\cube-rotation\\bower_components\\purescript-integers\\src\\Data\\Int\\Bits.purs","end":[37,37]}}