{"efVersion":"0.11.7","efModuleName":["Data","Char","Gen"],"efExports":[{"ValueRef":[{"start":[1,1],"name":"E:\\practice\\haskell\\cube-rotation\\bower_components\\purescript-strings\\src\\Data\\Char\\Gen.purs","end":[35,53]},{"Ident":"genUnicodeChar"}]},{"ValueRef":[{"start":[1,1],"name":"E:\\practice\\haskell\\cube-rotation\\bower_components\\purescript-strings\\src\\Data\\Char\\Gen.purs","end":[35,53]},{"Ident":"genAsciiChar"}]},{"ValueRef":[{"start":[1,1],"name":"E:\\practice\\haskell\\cube-rotation\\bower_components\\purescript-strings\\src\\Data\\Char\\Gen.purs","end":[35,53]},{"Ident":"genAsciiChar'"}]},{"ValueRef":[{"start":[1,1],"name":"E:\\practice\\haskell\\cube-rotation\\bower_components\\purescript-strings\\src\\Data\\Char\\Gen.purs","end":[35,53]},{"Ident":"genDigitChar"}]},{"ValueRef":[{"start":[1,1],"name":"E:\\practice\\haskell\\cube-rotation\\bower_components\\purescript-strings\\src\\Data\\Char\\Gen.purs","end":[35,53]},{"Ident":"genAlpha"}]},{"ValueRef":[{"start":[1,1],"name":"E:\\practice\\haskell\\cube-rotation\\bower_components\\purescript-strings\\src\\Data\\Char\\Gen.purs","end":[35,53]},{"Ident":"genAlphaLowercase"}]},{"ValueRef":[{"start":[1,1],"name":"E:\\practice\\haskell\\cube-rotation\\bower_components\\purescript-strings\\src\\Data\\Char\\Gen.purs","end":[35,53]},{"Ident":"genAlphaUppercase"}]}],"efImports":[{"eiModule":["Prim"],"eiImportType":{"Implicit":[]},"eiImportedAs":["Prim"]},{"eiModule":["Prim"],"eiImportType":{"Implicit":[]},"eiImportedAs":null},{"eiModule":["Prelude"],"eiImportType":{"Implicit":[]},"eiImportedAs":null},{"eiModule":["Control","Monad","Gen"],"eiImportType":{"Explicit":[{"TypeClassRef":[{"start":[5,27],"name":"E:\\practice\\haskell\\cube-rotation\\bower_components\\purescript-strings\\src\\Data\\Char\\Gen.purs","end":[5,41]},"MonadGen"]},{"ValueRef":[{"start":[5,43],"name":"E:\\practice\\haskell\\cube-rotation\\bower_components\\purescript-strings\\src\\Data\\Char\\Gen.purs","end":[5,52]},{"Ident":"chooseInt"}]},{"ValueRef":[{"start":[5,54],"name":"E:\\practice\\haskell\\cube-rotation\\bower_components\\purescript-strings\\src\\Data\\Char\\Gen.purs","end":[5,59]},{"Ident":"oneOf"}]}]},"eiImportedAs":null},{"eiModule":["Data","Char"],"eiImportType":{"Implicit":[]},"eiImportedAs":["C"]},{"eiModule":["Data","NonEmpty"],"eiImportType":{"Explicit":[{"ValueOpRef":[{"start":[7,23],"name":"E:\\practice\\haskell\\cube-rotation\\bower_components\\purescript-strings\\src\\Data\\Char\\Gen.purs","end":[7,27]},":|"]}]},"eiImportedAs":null}],"efFixities":[],"efTypeFixities":[],"efDeclarations":[{"EDValue":{"edValueName":{"Ident":"genUnicodeChar"},"edValueType":{"tag":"ForAll","contents":["m",{"tag":"ConstrainedType","contents":[{"constraintClass":[["Control","Monad","Gen","Class"],"MonadGen"],"constraintArgs":[{"tag":"TypeVar","contents":"m"}],"constraintData":null},{"tag":"TypeApp","contents":[{"tag":"TypeVar","contents":"m"},{"tag":"TypeConstructor","contents":[["Prim"],"Char"]}]}]},0]}}},{"EDValue":{"edValueName":{"Ident":"genAsciiChar"},"edValueType":{"tag":"ForAll","contents":["m",{"tag":"ConstrainedType","contents":[{"constraintClass":[["Control","Monad","Gen","Class"],"MonadGen"],"constraintArgs":[{"tag":"TypeVar","contents":"m"}],"constraintData":null},{"tag":"TypeApp","contents":[{"tag":"TypeVar","contents":"m"},{"tag":"TypeConstructor","contents":[["Prim"],"Char"]}]}]},6]}}},{"EDValue":{"edValueName":{"Ident":"genAsciiChar'"},"edValueType":{"tag":"ForAll","contents":["m",{"tag":"ConstrainedType","contents":[{"constraintClass":[["Control","Monad","Gen","Class"],"MonadGen"],"constraintArgs":[{"tag":"TypeVar","contents":"m"}],"constraintData":null},{"tag":"TypeApp","contents":[{"tag":"TypeVar","contents":"m"},{"tag":"TypeConstructor","contents":[["Prim"],"Char"]}]}]},4]}}},{"EDValue":{"edValueName":{"Ident":"genDigitChar"},"edValueType":{"tag":"ForAll","contents":["m",{"tag":"ConstrainedType","contents":[{"constraintClass":[["Control","Monad","Gen","Class"],"MonadGen"],"constraintArgs":[{"tag":"TypeVar","contents":"m"}],"constraintData":null},{"tag":"TypeApp","contents":[{"tag":"TypeVar","contents":"m"},{"tag":"TypeConstructor","contents":[["Prim"],"Char"]}]}]},2]}}},{"EDValue":{"edValueName":{"Ident":"genAlpha"},"edValueType":{"tag":"ForAll","contents":["m",{"tag":"ConstrainedType","contents":[{"constraintClass":[["Control","Monad","Gen","Class"],"MonadGen"],"constraintArgs":[{"tag":"TypeVar","contents":"m"}],"constraintData":null},{"tag":"TypeApp","contents":[{"tag":"TypeVar","contents":"m"},{"tag":"TypeConstructor","contents":[["Prim"],"Char"]}]}]},12]}}},{"EDValue":{"edValueName":{"Ident":"genAlphaLowercase"},"edValueType":{"tag":"ForAll","contents":["m",{"tag":"ConstrainedType","contents":[{"constraintClass":[["Control","Monad","Gen","Class"],"MonadGen"],"constraintArgs":[{"tag":"TypeVar","contents":"m"}],"constraintData":null},{"tag":"TypeApp","contents":[{"tag":"TypeVar","contents":"m"},{"tag":"TypeConstructor","contents":[["Prim"],"Char"]}]}]},10]}}},{"EDValue":{"edValueName":{"Ident":"genAlphaUppercase"},"edValueType":{"tag":"ForAll","contents":["m",{"tag":"ConstrainedType","contents":[{"constraintClass":[["Control","Monad","Gen","Class"],"MonadGen"],"constraintArgs":[{"tag":"TypeVar","contents":"m"}],"constraintData":null},{"tag":"TypeApp","contents":[{"tag":"TypeVar","contents":"m"},{"tag":"TypeConstructor","contents":[["Prim"],"Char"]}]}]},8]}}}],"efSourceSpan":{"start":[1,1],"name":"E:\\practice\\haskell\\cube-rotation\\bower_components\\purescript-strings\\src\\Data\\Char\\Gen.purs","end":[35,53]}}