{"efVersion":"0.11.7","efModuleName":["Control","Comonad","Env","Trans"],"efExports":[{"TypeRef":[{"start":[1,1],"name":"E:\\practice\\haskell\\cube-rotation\\bower_components\\purescript-transformers\\src\\Control\\Comonad\\Env\\Trans.purs","end":[56,67]},"EnvT",["EnvT"]]},{"ValueRef":[{"start":[1,1],"name":"E:\\practice\\haskell\\cube-rotation\\bower_components\\purescript-transformers\\src\\Control\\Comonad\\Env\\Trans.purs","end":[56,67]},{"Ident":"runEnvT"}]},{"ValueRef":[{"start":[1,1],"name":"E:\\practice\\haskell\\cube-rotation\\bower_components\\purescript-transformers\\src\\Control\\Comonad\\Env\\Trans.purs","end":[56,67]},{"Ident":"withEnvT"}]},{"ValueRef":[{"start":[1,1],"name":"E:\\practice\\haskell\\cube-rotation\\bower_components\\purescript-transformers\\src\\Control\\Comonad\\Env\\Trans.purs","end":[56,67]},{"Ident":"mapEnvT"}]},{"TypeInstanceRef":[{"start":[0,0],"name":"<generated>","end":[0,0]},{"Ident":"newtypeEnvT"}]},{"TypeInstanceRef":[{"start":[0,0],"name":"<generated>","end":[0,0]},{"Ident":"functorEnvT"}]},{"TypeInstanceRef":[{"start":[0,0],"name":"<generated>","end":[0,0]},{"Ident":"extendEnvT"}]},{"TypeInstanceRef":[{"start":[0,0],"name":"<generated>","end":[0,0]},{"Ident":"comonadEnvT"}]},{"TypeInstanceRef":[{"start":[0,0],"name":"<generated>","end":[0,0]},{"Ident":"comonadTransEnvT"}]},{"TypeInstanceRef":[{"start":[0,0],"name":"<generated>","end":[0,0]},{"Ident":"foldableEnvT"}]},{"TypeInstanceRef":[{"start":[0,0],"name":"<generated>","end":[0,0]},{"Ident":"traversableEnvT"}]}],"efImports":[{"eiModule":["Prim"],"eiImportType":{"Implicit":[]},"eiImportedAs":["Prim"]},{"eiModule":["Prim"],"eiImportType":{"Implicit":[]},"eiImportedAs":null},{"eiModule":["Prelude"],"eiImportType":{"Implicit":[]},"eiImportedAs":null},{"eiModule":["Control","Comonad"],"eiImportType":{"Explicit":[{"TypeClassRef":[{"start":[7,25],"name":"E:\\practice\\haskell\\cube-rotation\\bower_components\\purescript-transformers\\src\\Control\\Comonad\\Env\\Trans.purs","end":[7,38]},"Comonad"]},{"ValueRef":[{"start":[7,40],"name":"E:\\practice\\haskell\\cube-rotation\\bower_components\\purescript-transformers\\src\\Control\\Comonad\\Env\\Trans.purs","end":[7,47]},{"Ident":"extract"}]}]},"eiImportedAs":null},{"eiModule":["Control","Comonad","Trans","Class"],"eiImportType":{"Explicit":[{"TypeClassRef":[{"start":[8,37],"name":"E:\\practice\\haskell\\cube-rotation\\bower_components\\purescript-transformers\\src\\Control\\Comonad\\Env\\Trans.purs","end":[8,55]},"ComonadTrans"]}]},"eiImportedAs":null},{"eiModule":["Control","Extend"],"eiImportType":{"Explicit":[{"TypeClassRef":[{"start":[9,24],"name":"E:\\practice\\haskell\\cube-rotation\\bower_components\\purescript-transformers\\src\\Control\\Comonad\\Env\\Trans.purs","end":[9,36]},"Extend"]},{"ValueOpRef":[{"start":[9,38],"name":"E:\\practice\\haskell\\cube-rotation\\bower_components\\purescript-transformers\\src\\Control\\Comonad\\Env\\Trans.purs","end":[9,43]},"<<="]}]},"eiImportedAs":null},{"eiModule":["Data","Traversable"],"eiImportType":{"Explicit":[{"TypeClassRef":[{"start":[11,26],"name":"E:\\practice\\haskell\\cube-rotation\\bower_components\\purescript-transformers\\src\\Control\\Comonad\\Env\\Trans.purs","end":[11,43]},"Traversable"]},{"TypeClassRef":[{"start":[11,45],"name":"E:\\practice\\haskell\\cube-rotation\\bower_components\\purescript-transformers\\src\\Control\\Comonad\\Env\\Trans.purs","end":[11,59]},"Foldable"]},{"ValueRef":[{"start":[11,61],"name":"E:\\practice\\haskell\\cube-rotation\\bower_components\\purescript-transformers\\src\\Control\\Comonad\\Env\\Trans.purs","end":[11,66]},{"Ident":"foldl"}]},{"ValueRef":[{"start":[11,68],"name":"E:\\practice\\haskell\\cube-rotation\\bower_components\\purescript-transformers\\src\\Control\\Comonad\\Env\\Trans.purs","end":[11,73]},{"Ident":"foldr"}]},{"ValueRef":[{"start":[11,75],"name":"E:\\practice\\haskell\\cube-rotation\\bower_components\\purescript-transformers\\src\\Control\\Comonad\\Env\\Trans.purs","end":[11,82]},{"Ident":"foldMap"}]},{"ValueRef":[{"start":[11,84],"name":"E:\\practice\\haskell\\cube-rotation\\bower_components\\purescript-transformers\\src\\Control\\Comonad\\Env\\Trans.purs","end":[11,92]},{"Ident":"traverse"}]},{"ValueRef":[{"start":[11,94],"name":"E:\\practice\\haskell\\cube-rotation\\bower_components\\purescript-transformers\\src\\Control\\Comonad\\Env\\Trans.purs","end":[11,102]},{"Ident":"sequence"}]}]},"eiImportedAs":null},{"eiModule":["Data","Tuple"],"eiImportType":{"Explicit":[{"TypeRef":[{"start":[12,20],"name":"E:\\practice\\haskell\\cube-rotation\\bower_components\\purescript-transformers\\src\\Control\\Comonad\\Env\\Trans.purs","end":[12,29]},"Tuple",null]}]},"eiImportedAs":null},{"eiModule":["Data","Newtype"],"eiImportType":{"Explicit":[{"TypeClassRef":[{"start":[13,22],"name":"E:\\practice\\haskell\\cube-rotation\\bower_components\\purescript-transformers\\src\\Control\\Comonad\\Env\\Trans.purs","end":[13,35]},"Newtype"]}]},"eiImportedAs":null}],"efFixities":[],"efTypeFixities":[],"efDeclarations":[{"EDType":{"edTypeName":"EnvT","edTypeKind":{"tag":"FunKind","contents":[{"tag":"NamedKind","contents":[["Prim"],"Type"]},{"tag":"FunKind","contents":[{"tag":"FunKind","contents":[{"tag":"NamedKind","contents":[["Prim"],"Type"]},{"tag":"NamedKind","contents":[["Prim"],"Type"]}]},{"tag":"FunKind","contents":[{"tag":"NamedKind","contents":[["Prim"],"Type"]},{"tag":"NamedKind","contents":[["Prim"],"Type"]}]}]}]},"edTypeDeclarationKind":{"DataType":{"args":[["e",{"tag":"NamedKind","contents":[["Prim"],"Type"]}],["w",{"tag":"FunKind","contents":[{"tag":"NamedKind","contents":[["Prim"],"Type"]},{"tag":"NamedKind","contents":[["Prim"],"Type"]}]}],["a",{"tag":"NamedKind","contents":[["Prim"],"Type"]}]],"ctors":[["EnvT",[{"tag":"TypeApp","contents":[{"tag":"TypeApp","contents":[{"tag":"TypeConstructor","contents":[["Data","Tuple"],"Tuple"]},{"tag":"TypeVar","contents":"e"}]},{"tag":"TypeApp","contents":[{"tag":"TypeVar","contents":"w"},{"tag":"TypeVar","contents":"a"}]}]}]]]}}}},{"EDDataConstructor":{"edDataCtorName":"EnvT","edDataCtorOrigin":"newtype","edDataCtorTypeCtor":"EnvT","edDataCtorType":{"tag":"ForAll","contents":["a",{"tag":"ForAll","contents":["w",{"tag":"ForAll","contents":["e",{"tag":"TypeApp","contents":[{"tag":"TypeApp","contents":[{"tag":"TypeConstructor","contents":[["Prim"],"Function"]},{"tag":"TypeApp","contents":[{"tag":"TypeApp","contents":[{"tag":"TypeConstructor","contents":[["Data","Tuple"],"Tuple"]},{"tag":"TypeVar","contents":"e"}]},{"tag":"TypeApp","contents":[{"tag":"TypeVar","contents":"w"},{"tag":"TypeVar","contents":"a"}]}]}]},{"tag":"TypeApp","contents":[{"tag":"TypeApp","contents":[{"tag":"TypeApp","contents":[{"tag":"TypeConstructor","contents":[["Control","Comonad","Env","Trans"],"EnvT"]},{"tag":"TypeVar","contents":"e"}]},{"tag":"TypeVar","contents":"w"}]},{"tag":"TypeVar","contents":"a"}]}]},null]},null]},null]},"edDataCtorFields":[{"Ident":"value0"}]}},{"EDValue":{"edValueName":{"Ident":"runEnvT"},"edValueType":{"tag":"ForAll","contents":["a",{"tag":"ForAll","contents":["w",{"tag":"ForAll","contents":["e",{"tag":"TypeApp","contents":[{"tag":"TypeApp","contents":[{"tag":"TypeConstructor","contents":[["Prim"],"Function"]},{"tag":"TypeApp","contents":[{"tag":"TypeApp","contents":[{"tag":"TypeApp","contents":[{"tag":"TypeConstructor","contents":[["Control","Comonad","Env","Trans"],"EnvT"]},{"tag":"TypeVar","contents":"e"}]},{"tag":"TypeVar","contents":"w"}]},{"tag":"TypeVar","contents":"a"}]}]},{"tag":"TypeApp","contents":[{"tag":"TypeApp","contents":[{"tag":"TypeConstructor","contents":[["Data","Tuple"],"Tuple"]},{"tag":"TypeVar","contents":"e"}]},{"tag":"TypeApp","contents":[{"tag":"TypeVar","contents":"w"},{"tag":"TypeVar","contents":"a"}]}]}]},39]},40]},41]}}},{"EDValue":{"edValueName":{"Ident":"withEnvT"},"edValueType":{"tag":"ForAll","contents":["a",{"tag":"ForAll","contents":["w",{"tag":"ForAll","contents":["e2",{"tag":"ForAll","contents":["e1",{"tag":"TypeApp","contents":[{"tag":"TypeApp","contents":[{"tag":"TypeConstructor","contents":[["Prim"],"Function"]},{"tag":"TypeApp","contents":[{"tag":"TypeApp","contents":[{"tag":"TypeConstructor","contents":[["Prim"],"Function"]},{"tag":"TypeVar","contents":"e1"}]},{"tag":"TypeVar","contents":"e2"}]}]},{"tag":"TypeApp","contents":[{"tag":"TypeApp","contents":[{"tag":"TypeConstructor","contents":[["Prim"],"Function"]},{"tag":"TypeApp","contents":[{"tag":"TypeApp","contents":[{"tag":"TypeApp","contents":[{"tag":"TypeConstructor","contents":[["Control","Comonad","Env","Trans"],"EnvT"]},{"tag":"TypeVar","contents":"e1"}]},{"tag":"TypeVar","contents":"w"}]},{"tag":"TypeVar","contents":"a"}]}]},{"tag":"TypeApp","contents":[{"tag":"TypeApp","contents":[{"tag":"TypeApp","contents":[{"tag":"TypeConstructor","contents":[["Control","Comonad","Env","Trans"],"EnvT"]},{"tag":"TypeVar","contents":"e2"}]},{"tag":"TypeVar","contents":"w"}]},{"tag":"TypeVar","contents":"a"}]}]}]},0]},1]},2]},3]}}},{"EDValue":{"edValueName":{"Ident":"mapEnvT"},"edValueType":{"tag":"ForAll","contents":["b",{"tag":"ForAll","contents":["a",{"tag":"ForAll","contents":["w2",{"tag":"ForAll","contents":["w1",{"tag":"ForAll","contents":["e",{"tag":"TypeApp","contents":[{"tag":"TypeApp","contents":[{"tag":"TypeConstructor","contents":[["Prim"],"Function"]},{"tag":"TypeApp","contents":[{"tag":"TypeApp","contents":[{"tag":"TypeConstructor","contents":[["Prim"],"Function"]},{"tag":"TypeApp","contents":[{"tag":"TypeVar","contents":"w1"},{"tag":"TypeVar","contents":"a"}]}]},{"tag":"TypeApp","contents":[{"tag":"TypeVar","contents":"w2"},{"tag":"TypeVar","contents":"b"}]}]}]},{"tag":"TypeApp","contents":[{"tag":"TypeApp","contents":[{"tag":"TypeConstructor","contents":[["Prim"],"Function"]},{"tag":"TypeApp","contents":[{"tag":"TypeApp","contents":[{"tag":"TypeApp","contents":[{"tag":"TypeConstructor","contents":[["Control","Comonad","Env","Trans"],"EnvT"]},{"tag":"TypeVar","contents":"e"}]},{"tag":"TypeVar","contents":"w1"}]},{"tag":"TypeVar","contents":"a"}]}]},{"tag":"TypeApp","contents":[{"tag":"TypeApp","contents":[{"tag":"TypeApp","contents":[{"tag":"TypeConstructor","contents":[["Control","Comonad","Env","Trans"],"EnvT"]},{"tag":"TypeVar","contents":"e"}]},{"tag":"TypeVar","contents":"w2"}]},{"tag":"TypeVar","contents":"b"}]}]}]},54]},55]},56]},57]},58]}}},{"EDInstance":{"edInstanceClassName":[["Data","Newtype"],"Newtype"],"edInstanceName":{"Ident":"newtypeEnvT"},"edInstanceTypes":[{"tag":"TypeApp","contents":[{"tag":"TypeApp","contents":[{"tag":"TypeApp","contents":[{"tag":"TypeConstructor","contents":[["Control","Comonad","Env","Trans"],"EnvT"]},{"tag":"TypeVar","contents":"e"}]},{"tag":"TypeVar","contents":"w"}]},{"tag":"TypeVar","contents":"a"}]},{"tag":"TypeApp","contents":[{"tag":"TypeApp","contents":[{"tag":"TypeConstructor","contents":[["Data","Tuple"],"Tuple"]},{"tag":"TypeVar","contents":"e"}]},{"tag":"TypeApp","contents":[{"tag":"TypeVar","contents":"w"},{"tag":"TypeVar","contents":"a"}]}]}],"edInstanceConstraints":[]}},{"EDInstance":{"edInstanceClassName":[["Data","Functor"],"Functor"],"edInstanceName":{"Ident":"functorEnvT"},"edInstanceTypes":[{"tag":"TypeApp","contents":[{"tag":"TypeApp","contents":[{"tag":"TypeConstructor","contents":[["Control","Comonad","Env","Trans"],"EnvT"]},{"tag":"TypeVar","contents":"e"}]},{"tag":"TypeVar","contents":"w"}]}],"edInstanceConstraints":[{"constraintClass":[["Data","Functor"],"Functor"],"constraintArgs":[{"tag":"TypeVar","contents":"w"}],"constraintData":null}]}},{"EDInstance":{"edInstanceClassName":[["Control","Extend"],"Extend"],"edInstanceName":{"Ident":"extendEnvT"},"edInstanceTypes":[{"tag":"TypeApp","contents":[{"tag":"TypeApp","contents":[{"tag":"TypeConstructor","contents":[["Control","Comonad","Env","Trans"],"EnvT"]},{"tag":"TypeVar","contents":"e"}]},{"tag":"TypeVar","contents":"w"}]}],"edInstanceConstraints":[{"constraintClass":[["Control","Extend"],"Extend"],"constraintArgs":[{"tag":"TypeVar","contents":"w"}],"constraintData":null}]}},{"EDInstance":{"edInstanceClassName":[["Control","Comonad"],"Comonad"],"edInstanceName":{"Ident":"comonadEnvT"},"edInstanceTypes":[{"tag":"TypeApp","contents":[{"tag":"TypeApp","contents":[{"tag":"TypeConstructor","contents":[["Control","Comonad","Env","Trans"],"EnvT"]},{"tag":"TypeVar","contents":"e"}]},{"tag":"TypeVar","contents":"w"}]}],"edInstanceConstraints":[{"constraintClass":[["Control","Comonad"],"Comonad"],"constraintArgs":[{"tag":"TypeVar","contents":"w"}],"constraintData":null}]}},{"EDInstance":{"edInstanceClassName":[["Control","Comonad","Trans","Class"],"ComonadTrans"],"edInstanceName":{"Ident":"comonadTransEnvT"},"edInstanceTypes":[{"tag":"TypeApp","contents":[{"tag":"TypeConstructor","contents":[["Control","Comonad","Env","Trans"],"EnvT"]},{"tag":"TypeVar","contents":"e"}]}],"edInstanceConstraints":[]}},{"EDInstance":{"edInstanceClassName":[["Data","Foldable"],"Foldable"],"edInstanceName":{"Ident":"foldableEnvT"},"edInstanceTypes":[{"tag":"TypeApp","contents":[{"tag":"TypeApp","contents":[{"tag":"TypeConstructor","contents":[["Control","Comonad","Env","Trans"],"EnvT"]},{"tag":"TypeVar","contents":"e"}]},{"tag":"TypeVar","contents":"f"}]}],"edInstanceConstraints":[{"constraintClass":[["Data","Foldable"],"Foldable"],"constraintArgs":[{"tag":"TypeVar","contents":"f"}],"constraintData":null}]}},{"EDInstance":{"edInstanceClassName":[["Data","Traversable"],"Traversable"],"edInstanceName":{"Ident":"traversableEnvT"},"edInstanceTypes":[{"tag":"TypeApp","contents":[{"tag":"TypeApp","contents":[{"tag":"TypeConstructor","contents":[["Control","Comonad","Env","Trans"],"EnvT"]},{"tag":"TypeVar","contents":"e"}]},{"tag":"TypeVar","contents":"f"}]}],"edInstanceConstraints":[{"constraintClass":[["Data","Traversable"],"Traversable"],"constraintArgs":[{"tag":"TypeVar","contents":"f"}],"constraintData":null}]}}],"efSourceSpan":{"start":[1,1],"name":"E:\\practice\\haskell\\cube-rotation\\bower_components\\purescript-transformers\\src\\Control\\Comonad\\Env\\Trans.purs","end":[56,67]}}