{"efVersion":"0.11.7","efModuleName":["Control","Monad","Fork"],"efExports":[{"ReExportRef":[{"start":[1,1],"name":"E:\\practice\\haskell\\cube-rotation\\bower_components\\purescript-fork\\src\\Control\\Monad\\Fork.purs","end":[23,57]},["Control","Monad","Fork","Canceler"],{"TypeRef":[{"start":[1,1],"name":"E:\\practice\\haskell\\cube-rotation\\bower_components\\purescript-fork\\src\\Control\\Monad\\Fork.purs","end":[23,57]},"Canceler",["Canceler"]]}]},{"ReExportRef":[{"start":[1,1],"name":"E:\\practice\\haskell\\cube-rotation\\bower_components\\purescript-fork\\src\\Control\\Monad\\Fork.purs","end":[23,57]},["Control","Monad","Fork","Class"],{"TypeClassRef":[{"start":[1,1],"name":"E:\\practice\\haskell\\cube-rotation\\bower_components\\purescript-fork\\src\\Control\\Monad\\Fork.purs","end":[23,57]},"MonadFork"]}]},{"ReExportRef":[{"start":[1,1],"name":"E:\\practice\\haskell\\cube-rotation\\bower_components\\purescript-fork\\src\\Control\\Monad\\Fork.purs","end":[23,57]},["Control","Monad","Fork","Canceler"],{"ValueRef":[{"start":[1,1],"name":"E:\\practice\\haskell\\cube-rotation\\bower_components\\purescript-fork\\src\\Control\\Monad\\Fork.purs","end":[23,57]},{"Ident":"cancel"}]}]},{"ReExportRef":[{"start":[1,1],"name":"E:\\practice\\haskell\\cube-rotation\\bower_components\\purescript-fork\\src\\Control\\Monad\\Fork.purs","end":[23,57]},["Control","Monad","Fork","Class"],{"ValueRef":[{"start":[1,1],"name":"E:\\practice\\haskell\\cube-rotation\\bower_components\\purescript-fork\\src\\Control\\Monad\\Fork.purs","end":[23,57]},{"Ident":"fork"}]}]},{"ModuleRef":[{"start":[18,5],"name":"E:\\practice\\haskell\\cube-rotation\\bower_components\\purescript-fork\\src\\Control\\Monad\\Fork.purs","end":[18,36]},["Control","Monad","Fork","Class"]]},{"ModuleRef":[{"start":[19,5],"name":"E:\\practice\\haskell\\cube-rotation\\bower_components\\purescript-fork\\src\\Control\\Monad\\Fork.purs","end":[19,39]},["Control","Monad","Fork","Canceler"]]}],"efImports":[{"eiModule":["Prim"],"eiImportType":{"Implicit":[]},"eiImportedAs":["Prim"]},{"eiModule":["Prim"],"eiImportType":{"Implicit":[]},"eiImportedAs":null},{"eiModule":["Control","Monad","Fork","Class"],"eiImportType":{"Explicit":[{"TypeClassRef":[{"start":[22,34],"name":"E:\\practice\\haskell\\cube-rotation\\bower_components\\purescript-fork\\src\\Control\\Monad\\Fork.purs","end":[22,49]},"MonadFork"]},{"ValueRef":[{"start":[22,51],"name":"E:\\practice\\haskell\\cube-rotation\\bower_components\\purescript-fork\\src\\Control\\Monad\\Fork.purs","end":[22,55]},{"Ident":"fork"}]}]},"eiImportedAs":null},{"eiModule":["Control","Monad","Fork","Canceler"],"eiImportType":{"Explicit":[{"TypeRef":[{"start":[23,37],"name":"E:\\practice\\haskell\\cube-rotation\\bower_components\\purescript-fork\\src\\Control\\Monad\\Fork.purs","end":[23,49]},"Canceler",null]},{"ValueRef":[{"start":[23,51],"name":"E:\\practice\\haskell\\cube-rotation\\bower_components\\purescript-fork\\src\\Control\\Monad\\Fork.purs","end":[23,57]},{"Ident":"cancel"}]}]},"eiImportedAs":null}],"efFixities":[],"efTypeFixities":[],"efDeclarations":[],"efSourceSpan":{"start":[1,1],"name":"E:\\practice\\haskell\\cube-rotation\\bower_components\\purescript-fork\\src\\Control\\Monad\\Fork.purs","end":[23,57]}}