{"efVersion":"0.11.7","efModuleName":["Data","List","Lazy","NonEmpty"],"efExports":[{"ReExportRef":[{"start":[1,1],"name":"E:\\practice\\haskell\\cube-rotation\\bower_components\\purescript-lists\\src\\Data\\List\\Lazy\\NonEmpty.purs","end":[83,70]},["Data","List","Lazy","Types"],{"TypeRef":[{"start":[1,1],"name":"E:\\practice\\haskell\\cube-rotation\\bower_components\\purescript-lists\\src\\Data\\List\\Lazy\\NonEmpty.purs","end":[83,70]},"NonEmptyList",["NonEmptyList"]]}]},{"ModuleRef":[{"start":[2,5],"name":"E:\\practice\\haskell\\cube-rotation\\bower_components\\purescript-lists\\src\\Data\\List\\Lazy\\NonEmpty.purs","end":[2,32]},["Data","List","Lazy","Types"]]},{"ValueRef":[{"start":[1,1],"name":"E:\\practice\\haskell\\cube-rotation\\bower_components\\purescript-lists\\src\\Data\\List\\Lazy\\NonEmpty.purs","end":[83,70]},{"Ident":"toUnfoldable"}]},{"ValueRef":[{"start":[1,1],"name":"E:\\practice\\haskell\\cube-rotation\\bower_components\\purescript-lists\\src\\Data\\List\\Lazy\\NonEmpty.purs","end":[83,70]},{"Ident":"fromFoldable"}]},{"ValueRef":[{"start":[1,1],"name":"E:\\practice\\haskell\\cube-rotation\\bower_components\\purescript-lists\\src\\Data\\List\\Lazy\\NonEmpty.purs","end":[83,70]},{"Ident":"fromList"}]},{"ValueRef":[{"start":[1,1],"name":"E:\\practice\\haskell\\cube-rotation\\bower_components\\purescript-lists\\src\\Data\\List\\Lazy\\NonEmpty.purs","end":[83,70]},{"Ident":"toList"}]},{"ValueRef":[{"start":[1,1],"name":"E:\\practice\\haskell\\cube-rotation\\bower_components\\purescript-lists\\src\\Data\\List\\Lazy\\NonEmpty.purs","end":[83,70]},{"Ident":"singleton"}]},{"ValueRef":[{"start":[1,1],"name":"E:\\practice\\haskell\\cube-rotation\\bower_components\\purescript-lists\\src\\Data\\List\\Lazy\\NonEmpty.purs","end":[83,70]},{"Ident":"repeat"}]},{"ValueRef":[{"start":[1,1],"name":"E:\\practice\\haskell\\cube-rotation\\bower_components\\purescript-lists\\src\\Data\\List\\Lazy\\NonEmpty.purs","end":[83,70]},{"Ident":"iterate"}]},{"ValueRef":[{"start":[1,1],"name":"E:\\practice\\haskell\\cube-rotation\\bower_components\\purescript-lists\\src\\Data\\List\\Lazy\\NonEmpty.purs","end":[83,70]},{"Ident":"head"}]},{"ValueRef":[{"start":[1,1],"name":"E:\\practice\\haskell\\cube-rotation\\bower_components\\purescript-lists\\src\\Data\\List\\Lazy\\NonEmpty.purs","end":[83,70]},{"Ident":"last"}]},{"ValueRef":[{"start":[1,1],"name":"E:\\practice\\haskell\\cube-rotation\\bower_components\\purescript-lists\\src\\Data\\List\\Lazy\\NonEmpty.purs","end":[83,70]},{"Ident":"tail"}]},{"ValueRef":[{"start":[1,1],"name":"E:\\practice\\haskell\\cube-rotation\\bower_components\\purescript-lists\\src\\Data\\List\\Lazy\\NonEmpty.purs","end":[83,70]},{"Ident":"init"}]},{"ValueRef":[{"start":[1,1],"name":"E:\\practice\\haskell\\cube-rotation\\bower_components\\purescript-lists\\src\\Data\\List\\Lazy\\NonEmpty.purs","end":[83,70]},{"Ident":"uncons"}]},{"ValueRef":[{"start":[1,1],"name":"E:\\practice\\haskell\\cube-rotation\\bower_components\\purescript-lists\\src\\Data\\List\\Lazy\\NonEmpty.purs","end":[83,70]},{"Ident":"length"}]},{"ValueRef":[{"start":[1,1],"name":"E:\\practice\\haskell\\cube-rotation\\bower_components\\purescript-lists\\src\\Data\\List\\Lazy\\NonEmpty.purs","end":[83,70]},{"Ident":"concatMap"}]},{"ValueRef":[{"start":[1,1],"name":"E:\\practice\\haskell\\cube-rotation\\bower_components\\purescript-lists\\src\\Data\\List\\Lazy\\NonEmpty.purs","end":[83,70]},{"Ident":"appendFoldable"}]}],"efImports":[{"eiModule":["Prim"],"eiImportType":{"Implicit":[]},"eiImportedAs":["Prim"]},{"eiModule":["Prim"],"eiImportType":{"Implicit":[]},"eiImportedAs":null},{"eiModule":["Prelude"],"eiImportType":{"Implicit":[]},"eiImportedAs":null},{"eiModule":["Data","Foldable"],"eiImportType":{"Explicit":[{"TypeClassRef":[{"start":[22,23],"name":"E:\\practice\\haskell\\cube-rotation\\bower_components\\purescript-lists\\src\\Data\\List\\Lazy\\NonEmpty.purs","end":[22,37]},"Foldable"]}]},"eiImportedAs":null},{"eiModule":["Data","Lazy"],"eiImportType":{"Explicit":[{"ValueRef":[{"start":[23,19],"name":"E:\\practice\\haskell\\cube-rotation\\bower_components\\purescript-lists\\src\\Data\\List\\Lazy\\NonEmpty.purs","end":[23,24]},{"Ident":"force"}]},{"ValueRef":[{"start":[23,26],"name":"E:\\practice\\haskell\\cube-rotation\\bower_components\\purescript-lists\\src\\Data\\List\\Lazy\\NonEmpty.purs","end":[23,31]},{"Ident":"defer"}]}]},"eiImportedAs":null},{"eiModule":["Data","List","Lazy"],"eiImportType":{"Explicit":[{"ValueOpRef":[{"start":[24,24],"name":"E:\\practice\\haskell\\cube-rotation\\bower_components\\purescript-lists\\src\\Data\\List\\Lazy\\NonEmpty.purs","end":[24,27]},":"]}]},"eiImportedAs":null},{"eiModule":["Data","List","Lazy"],"eiImportType":{"Implicit":[]},"eiImportedAs":["L"]},{"eiModule":["Data","List","Lazy","Types"],"eiImportType":{"Explicit":[{"TypeRef":[{"start":[26,30],"name":"E:\\practice\\haskell\\cube-rotation\\bower_components\\purescript-lists\\src\\Data\\List\\Lazy\\NonEmpty.purs","end":[26,46]},"NonEmptyList",null]}]},"eiImportedAs":null},{"eiModule":["Data","Maybe"],"eiImportType":{"Explicit":[{"TypeRef":[{"start":[27,20],"name":"E:\\practice\\haskell\\cube-rotation\\bower_components\\purescript-lists\\src\\Data\\List\\Lazy\\NonEmpty.purs","end":[27,29]},"Maybe",null]},{"ValueRef":[{"start":[27,31],"name":"E:\\practice\\haskell\\cube-rotation\\bower_components\\purescript-lists\\src\\Data\\List\\Lazy\\NonEmpty.purs","end":[27,36]},{"Ident":"maybe"}]},{"ValueRef":[{"start":[27,38],"name":"E:\\practice\\haskell\\cube-rotation\\bower_components\\purescript-lists\\src\\Data\\List\\Lazy\\NonEmpty.purs","end":[27,47]},{"Ident":"fromMaybe"}]}]},"eiImportedAs":null},{"eiModule":["Data","NonEmpty"],"eiImportType":{"Explicit":[{"ValueOpRef":[{"start":[28,23],"name":"E:\\practice\\haskell\\cube-rotation\\bower_components\\purescript-lists\\src\\Data\\List\\Lazy\\NonEmpty.purs","end":[28,27]},":|"]}]},"eiImportedAs":null},{"eiModule":["Data","Tuple"],"eiImportType":{"Explicit":[{"TypeRef":[{"start":[29,20],"name":"E:\\practice\\haskell\\cube-rotation\\bower_components\\purescript-lists\\src\\Data\\List\\Lazy\\NonEmpty.purs","end":[29,29]},"Tuple",null]}]},"eiImportedAs":null},{"eiModule":["Data","Unfoldable"],"eiImportType":{"Explicit":[{"TypeClassRef":[{"start":[30,25],"name":"E:\\practice\\haskell\\cube-rotation\\bower_components\\purescript-lists\\src\\Data\\List\\Lazy\\NonEmpty.purs","end":[30,41]},"Unfoldable"]},{"ValueRef":[{"start":[30,43],"name":"E:\\practice\\haskell\\cube-rotation\\bower_components\\purescript-lists\\src\\Data\\List\\Lazy\\NonEmpty.purs","end":[30,50]},{"Ident":"unfoldr"}]}]},"eiImportedAs":null}],"efFixities":[],"efTypeFixities":[],"efDeclarations":[{"EDValue":{"edValueName":{"Ident":"toUnfoldable"},"edValueType":{"tag":"ForAll","contents":["f",{"tag":"ConstrainedType","contents":[{"constraintClass":[["Data","Unfoldable"],"Unfoldable"],"constraintArgs":[{"tag":"TypeVar","contents":"f"}],"constraintData":null},{"tag":"ForAll","contents":["a",{"tag":"TypeApp","contents":[{"tag":"TypeApp","contents":[{"tag":"TypeConstructor","contents":[["Prim"],"Function"]},{"tag":"TypeApp","contents":[{"tag":"TypeConstructor","contents":[["Data","List","Lazy","Types"],"NonEmptyList"]},{"tag":"TypeVar","contents":"a"}]}]},{"tag":"TypeApp","contents":[{"tag":"TypeVar","contents":"f"},{"tag":"TypeVar","contents":"a"}]}]},6]}]},7]}}},{"EDValue":{"edValueName":{"Ident":"fromFoldable"},"edValueType":{"tag":"ForAll","contents":["a",{"tag":"ForAll","contents":["f",{"tag":"ConstrainedType","contents":[{"constraintClass":[["Data","Foldable"],"Foldable"],"constraintArgs":[{"tag":"TypeVar","contents":"f"}],"constraintData":null},{"tag":"TypeApp","contents":[{"tag":"TypeApp","contents":[{"tag":"TypeConstructor","contents":[["Prim"],"Function"]},{"tag":"TypeApp","contents":[{"tag":"TypeVar","contents":"f"},{"tag":"TypeVar","contents":"a"}]}]},{"tag":"TypeApp","contents":[{"tag":"TypeConstructor","contents":[["Data","Maybe"],"Maybe"]},{"tag":"TypeApp","contents":[{"tag":"TypeConstructor","contents":[["Data","List","Lazy","Types"],"NonEmptyList"]},{"tag":"TypeVar","contents":"a"}]}]}]}]},39]},40]}}},{"EDValue":{"edValueName":{"Ident":"fromList"},"edValueType":{"tag":"ForAll","contents":["a",{"tag":"TypeApp","contents":[{"tag":"TypeApp","contents":[{"tag":"TypeConstructor","contents":[["Prim"],"Function"]},{"tag":"TypeApp","contents":[{"tag":"TypeConstructor","contents":[["Data","List","Lazy","Types"],"List"]},{"tag":"TypeVar","contents":"a"}]}]},{"tag":"TypeApp","contents":[{"tag":"TypeConstructor","contents":[["Data","Maybe"],"Maybe"]},{"tag":"TypeApp","contents":[{"tag":"TypeConstructor","contents":[["Data","List","Lazy","Types"],"NonEmptyList"]},{"tag":"TypeVar","contents":"a"}]}]}]},35]}}},{"EDValue":{"edValueName":{"Ident":"toList"},"edValueType":{"tag":"ForAll","contents":["a",{"tag":"TypeApp","contents":[{"tag":"TypeApp","contents":[{"tag":"TypeConstructor","contents":[["Prim"],"Function"]},{"tag":"TypeApp","contents":[{"tag":"TypeConstructor","contents":[["Data","List","Lazy","Types"],"NonEmptyList"]},{"tag":"TypeVar","contents":"a"}]}]},{"tag":"TypeApp","contents":[{"tag":"TypeConstructor","contents":[["Data","List","Lazy","Types"],"List"]},{"tag":"TypeVar","contents":"a"}]}]},3]}}},{"EDValue":{"edValueName":{"Ident":"singleton"},"edValueType":{"tag":"ForAll","contents":["a",{"tag":"TypeApp","contents":[{"tag":"TypeApp","contents":[{"tag":"TypeConstructor","contents":[["Prim"],"Function"]},{"tag":"TypeVar","contents":"a"}]},{"tag":"TypeApp","contents":[{"tag":"TypeConstructor","contents":[["Data","List","Lazy","Types"],"NonEmptyList"]},{"tag":"TypeVar","contents":"a"}]}]},13]}}},{"EDValue":{"edValueName":{"Ident":"repeat"},"edValueType":{"tag":"ForAll","contents":["a",{"tag":"TypeApp","contents":[{"tag":"TypeApp","contents":[{"tag":"TypeConstructor","contents":[["Prim"],"Function"]},{"tag":"TypeVar","contents":"a"}]},{"tag":"TypeApp","contents":[{"tag":"TypeConstructor","contents":[["Data","List","Lazy","Types"],"NonEmptyList"]},{"tag":"TypeVar","contents":"a"}]}]},15]}}},{"EDValue":{"edValueName":{"Ident":"iterate"},"edValueType":{"tag":"ForAll","contents":["a",{"tag":"TypeApp","contents":[{"tag":"TypeApp","contents":[{"tag":"TypeConstructor","contents":[["Prim"],"Function"]},{"tag":"TypeApp","contents":[{"tag":"TypeApp","contents":[{"tag":"TypeConstructor","contents":[["Prim"],"Function"]},{"tag":"TypeVar","contents":"a"}]},{"tag":"TypeVar","contents":"a"}]}]},{"tag":"TypeApp","contents":[{"tag":"TypeApp","contents":[{"tag":"TypeConstructor","contents":[["Prim"],"Function"]},{"tag":"TypeVar","contents":"a"}]},{"tag":"TypeApp","contents":[{"tag":"TypeConstructor","contents":[["Data","List","Lazy","Types"],"NonEmptyList"]},{"tag":"TypeVar","contents":"a"}]}]}]},25]}}},{"EDValue":{"edValueName":{"Ident":"head"},"edValueType":{"tag":"ForAll","contents":["a",{"tag":"TypeApp","contents":[{"tag":"TypeApp","contents":[{"tag":"TypeConstructor","contents":[["Prim"],"Function"]},{"tag":"TypeApp","contents":[{"tag":"TypeConstructor","contents":[["Data","List","Lazy","Types"],"NonEmptyList"]},{"tag":"TypeVar","contents":"a"}]}]},{"tag":"TypeVar","contents":"a"}]},32]}}},{"EDValue":{"edValueName":{"Ident":"last"},"edValueType":{"tag":"ForAll","contents":["a",{"tag":"TypeApp","contents":[{"tag":"TypeApp","contents":[{"tag":"TypeConstructor","contents":[["Prim"],"Function"]},{"tag":"TypeApp","contents":[{"tag":"TypeConstructor","contents":[["Data","List","Lazy","Types"],"NonEmptyList"]},{"tag":"TypeVar","contents":"a"}]}]},{"tag":"TypeVar","contents":"a"}]},22]}}},{"EDValue":{"edValueName":{"Ident":"tail"},"edValueType":{"tag":"ForAll","contents":["a",{"tag":"TypeApp","contents":[{"tag":"TypeApp","contents":[{"tag":"TypeConstructor","contents":[["Prim"],"Function"]},{"tag":"TypeApp","contents":[{"tag":"TypeConstructor","contents":[["Data","List","Lazy","Types"],"NonEmptyList"]},{"tag":"TypeVar","contents":"a"}]}]},{"tag":"TypeApp","contents":[{"tag":"TypeConstructor","contents":[["Data","List","Lazy","Types"],"List"]},{"tag":"TypeVar","contents":"a"}]}]},10]}}},{"EDValue":{"edValueName":{"Ident":"init"},"edValueType":{"tag":"ForAll","contents":["a",{"tag":"TypeApp","contents":[{"tag":"TypeApp","contents":[{"tag":"TypeConstructor","contents":[["Prim"],"Function"]},{"tag":"TypeApp","contents":[{"tag":"TypeConstructor","contents":[["Data","List","Lazy","Types"],"NonEmptyList"]},{"tag":"TypeVar","contents":"a"}]}]},{"tag":"TypeApp","contents":[{"tag":"TypeConstructor","contents":[["Data","List","Lazy","Types"],"List"]},{"tag":"TypeVar","contents":"a"}]}]},29]}}},{"EDValue":{"edValueName":{"Ident":"uncons"},"edValueType":{"tag":"ForAll","contents":["a",{"tag":"TypeApp","contents":[{"tag":"TypeApp","contents":[{"tag":"TypeConstructor","contents":[["Prim"],"Function"]},{"tag":"TypeApp","contents":[{"tag":"TypeConstructor","contents":[["Data","List","Lazy","Types"],"NonEmptyList"]},{"tag":"TypeVar","contents":"a"}]}]},{"tag":"TypeApp","contents":[{"tag":"TypeConstructor","contents":[["Prim"],"Record"]},{"tag":"RCons","contents":["head",{"tag":"TypeVar","contents":"a"},{"tag":"RCons","contents":["tail",{"tag":"TypeApp","contents":[{"tag":"TypeConstructor","contents":[["Data","List","Lazy","Types"],"List"]},{"tag":"TypeVar","contents":"a"}]},{"tag":"REmpty"}]}]}]}]},0]}}},{"EDValue":{"edValueName":{"Ident":"length"},"edValueType":{"tag":"ForAll","contents":["a",{"tag":"TypeApp","contents":[{"tag":"TypeApp","contents":[{"tag":"TypeConstructor","contents":[["Prim"],"Function"]},{"tag":"TypeApp","contents":[{"tag":"TypeConstructor","contents":[["Data","List","Lazy","Types"],"NonEmptyList"]},{"tag":"TypeVar","contents":"a"}]}]},{"tag":"TypeConstructor","contents":[["Prim"],"Int"]}]},19]}}},{"EDValue":{"edValueName":{"Ident":"concatMap"},"edValueType":{"tag":"ForAll","contents":["b",{"tag":"ForAll","contents":["a",{"tag":"TypeApp","contents":[{"tag":"TypeApp","contents":[{"tag":"TypeConstructor","contents":[["Prim"],"Function"]},{"tag":"TypeApp","contents":[{"tag":"TypeApp","contents":[{"tag":"TypeConstructor","contents":[["Prim"],"Function"]},{"tag":"TypeVar","contents":"a"}]},{"tag":"TypeApp","contents":[{"tag":"TypeConstructor","contents":[["Data","List","Lazy","Types"],"NonEmptyList"]},{"tag":"TypeVar","contents":"b"}]}]}]},{"tag":"TypeApp","contents":[{"tag":"TypeApp","contents":[{"tag":"TypeConstructor","contents":[["Prim"],"Function"]},{"tag":"TypeApp","contents":[{"tag":"TypeConstructor","contents":[["Data","List","Lazy","Types"],"NonEmptyList"]},{"tag":"TypeVar","contents":"a"}]}]},{"tag":"TypeApp","contents":[{"tag":"TypeConstructor","contents":[["Data","List","Lazy","Types"],"NonEmptyList"]},{"tag":"TypeVar","contents":"b"}]}]}]},43]},44]}}},{"EDValue":{"edValueName":{"Ident":"appendFoldable"},"edValueType":{"tag":"ForAll","contents":["a",{"tag":"ForAll","contents":["t",{"tag":"ConstrainedType","contents":[{"constraintClass":[["Data","Foldable"],"Foldable"],"constraintArgs":[{"tag":"TypeVar","contents":"t"}],"constraintData":null},{"tag":"TypeApp","contents":[{"tag":"TypeApp","contents":[{"tag":"TypeConstructor","contents":[["Prim"],"Function"]},{"tag":"TypeApp","contents":[{"tag":"TypeConstructor","contents":[["Data","List","Lazy","Types"],"NonEmptyList"]},{"tag":"TypeVar","contents":"a"}]}]},{"tag":"TypeApp","contents":[{"tag":"TypeApp","contents":[{"tag":"TypeConstructor","contents":[["Prim"],"Function"]},{"tag":"TypeApp","contents":[{"tag":"TypeVar","contents":"t"},{"tag":"TypeVar","contents":"a"}]}]},{"tag":"TypeApp","contents":[{"tag":"TypeConstructor","contents":[["Data","List","Lazy","Types"],"NonEmptyList"]},{"tag":"TypeVar","contents":"a"}]}]}]}]},47]},48]}}}],"efSourceSpan":{"start":[1,1],"name":"E:\\practice\\haskell\\cube-rotation\\bower_components\\purescript-lists\\src\\Data\\List\\Lazy\\NonEmpty.purs","end":[83,70]}}