{"efVersion":"0.11.7","efModuleName":["Control","Category"],"efExports":[{"ReExportRef":[{"start":[1,1],"name":"E:\\practice\\haskell\\cube-rotation\\bower_components\\purescript-prelude\\src\\Control\\Category.purs","end":[20,10]},["Control","Semigroupoid"],{"TypeClassRef":[{"start":[1,1],"name":"E:\\practice\\haskell\\cube-rotation\\bower_components\\purescript-prelude\\src\\Control\\Category.purs","end":[20,10]},"Semigroupoid"]}]},{"ReExportRef":[{"start":[1,1],"name":"E:\\practice\\haskell\\cube-rotation\\bower_components\\purescript-prelude\\src\\Control\\Category.purs","end":[20,10]},["Control","Semigroupoid"],{"ValueRef":[{"start":[1,1],"name":"E:\\practice\\haskell\\cube-rotation\\bower_components\\purescript-prelude\\src\\Control\\Category.purs","end":[20,10]},{"Ident":"compose"}]}]},{"ReExportRef":[{"start":[1,1],"name":"E:\\practice\\haskell\\cube-rotation\\bower_components\\purescript-prelude\\src\\Control\\Category.purs","end":[20,10]},["Control","Semigroupoid"],{"ValueOpRef":[{"start":[1,1],"name":"E:\\practice\\haskell\\cube-rotation\\bower_components\\purescript-prelude\\src\\Control\\Category.purs","end":[20,10]},"<<<"]}]},{"ReExportRef":[{"start":[1,1],"name":"E:\\practice\\haskell\\cube-rotation\\bower_components\\purescript-prelude\\src\\Control\\Category.purs","end":[20,10]},["Control","Semigroupoid"],{"ValueOpRef":[{"start":[1,1],"name":"E:\\practice\\haskell\\cube-rotation\\bower_components\\purescript-prelude\\src\\Control\\Category.purs","end":[20,10]},">>>"]}]},{"TypeClassRef":[{"start":[1,1],"name":"E:\\practice\\haskell\\cube-rotation\\bower_components\\purescript-prelude\\src\\Control\\Category.purs","end":[20,10]},"Category"]},{"ValueRef":[{"start":[1,1],"name":"E:\\practice\\haskell\\cube-rotation\\bower_components\\purescript-prelude\\src\\Control\\Category.purs","end":[20,10]},{"Ident":"id"}]},{"ModuleRef":[{"start":[3,5],"name":"E:\\practice\\haskell\\cube-rotation\\bower_components\\purescript-prelude\\src\\Control\\Category.purs","end":[3,32]},["Control","Semigroupoid"]]},{"TypeInstanceRef":[{"start":[0,0],"name":"<generated>","end":[0,0]},{"Ident":"categoryFn"}]}],"efImports":[{"eiModule":["Prim"],"eiImportType":{"Implicit":[]},"eiImportedAs":["Prim"]},{"eiModule":["Prim"],"eiImportType":{"Implicit":[]},"eiImportedAs":null},{"eiModule":["Control","Semigroupoid"],"eiImportType":{"Explicit":[{"TypeClassRef":[{"start":[6,30],"name":"E:\\practice\\haskell\\cube-rotation\\bower_components\\purescript-prelude\\src\\Control\\Category.purs","end":[6,48]},"Semigroupoid"]},{"ValueRef":[{"start":[6,50],"name":"E:\\practice\\haskell\\cube-rotation\\bower_components\\purescript-prelude\\src\\Control\\Category.purs","end":[6,57]},{"Ident":"compose"}]},{"ValueOpRef":[{"start":[6,59],"name":"E:\\practice\\haskell\\cube-rotation\\bower_components\\purescript-prelude\\src\\Control\\Category.purs","end":[6,64]},"<<<"]},{"ValueOpRef":[{"start":[6,66],"name":"E:\\practice\\haskell\\cube-rotation\\bower_components\\purescript-prelude\\src\\Control\\Category.purs","end":[6,71]},">>>"]}]},"eiImportedAs":null}],"efFixities":[],"efTypeFixities":[],"efDeclarations":[{"EDType":{"edTypeName":"Category","edTypeKind":{"tag":"FunKind","contents":[{"tag":"FunKind","contents":[{"tag":"NamedKind","contents":[["Prim"],"Type"]},{"tag":"FunKind","contents":[{"tag":"NamedKind","contents":[["Prim"],"Type"]},{"tag":"NamedKind","contents":[["Prim"],"Type"]}]}]},{"tag":"NamedKind","contents":[["Prim"],"Type"]}]},"edTypeDeclarationKind":"TypeSynonym"}},{"EDTypeSynonym":{"edTypeSynonymName":"Category","edTypeSynonymArguments":[["a",null]],"edTypeSynonymType":{"tag":"TypeApp","contents":[{"tag":"TypeConstructor","contents":[["Prim"],"Record"]},{"tag":"RCons","contents":["id",{"tag":"ForAll","contents":["t",{"tag":"TypeApp","contents":[{"tag":"TypeApp","contents":[{"tag":"TypeVar","contents":"a"},{"tag":"TypeVar","contents":"t"}]},{"tag":"TypeVar","contents":"t"}]},null]},{"tag":"RCons","contents":["Semigroupoid0",{"tag":"TypeApp","contents":[{"tag":"TypeApp","contents":[{"tag":"TypeConstructor","contents":[["Prim"],"Function"]},{"tag":"TypeApp","contents":[{"tag":"TypeConstructor","contents":[["Prim"],"Record"]},{"tag":"REmpty"}]}]},{"tag":"TypeApp","contents":[{"tag":"TypeConstructor","contents":[["Control","Semigroupoid"],"Semigroupoid"]},{"tag":"TypeVar","contents":"a"}]}]},{"tag":"REmpty"}]}]}]}}},{"EDClass":{"edClassName":"Category","edClassTypeArguments":[["a",null]],"edClassMembers":[[{"Ident":"id"},{"tag":"ForAll","contents":["t",{"tag":"TypeApp","contents":[{"tag":"TypeApp","contents":[{"tag":"TypeVar","contents":"a"},{"tag":"TypeVar","contents":"t"}]},{"tag":"TypeVar","contents":"t"}]},null]}]],"edClassConstraints":[{"constraintClass":[["Control","Semigroupoid"],"Semigroupoid"],"constraintArgs":[{"tag":"TypeVar","contents":"a"}],"constraintData":null}],"edFunctionalDependencies":[]}},{"EDValue":{"edValueName":{"Ident":"id"},"edValueType":{"tag":"ForAll","contents":["a",{"tag":"ForAll","contents":["t",{"tag":"ConstrainedType","contents":[{"constraintClass":[["Control","Category"],"Category"],"constraintArgs":[{"tag":"TypeVar","contents":"a"}],"constraintData":null},{"tag":"TypeApp","contents":[{"tag":"TypeApp","contents":[{"tag":"TypeVar","contents":"a"},{"tag":"TypeVar","contents":"t"}]},{"tag":"TypeVar","contents":"t"}]}]},0]},1]}}},{"EDInstance":{"edInstanceClassName":[["Control","Category"],"Category"],"edInstanceName":{"Ident":"categoryFn"},"edInstanceTypes":[{"tag":"TypeConstructor","contents":[["Prim"],"Function"]}],"edInstanceConstraints":[]}}],"efSourceSpan":{"start":[1,1],"name":"E:\\practice\\haskell\\cube-rotation\\bower_components\\purescript-prelude\\src\\Control\\Category.purs","end":[20,10]}}