{"efVersion":"0.11.7","efModuleName":["Data","Coyoneda"],"efExports":[{"TypeRef":[{"start":[1,1],"name":"E:\\practice\\haskell\\cube-rotation\\bower_components\\purescript-free\\src\\Data\\Coyoneda.purs","end":[175,56]},"Coyoneda",["Coyoneda"]]},{"TypeRef":[{"start":[1,1],"name":"E:\\practice\\haskell\\cube-rotation\\bower_components\\purescript-free\\src\\Data\\Coyoneda.purs","end":[175,56]},"CoyonedaF",[]]},{"ValueRef":[{"start":[1,1],"name":"E:\\practice\\haskell\\cube-rotation\\bower_components\\purescript-free\\src\\Data\\Coyoneda.purs","end":[175,56]},{"Ident":"coyoneda"}]},{"ValueRef":[{"start":[1,1],"name":"E:\\practice\\haskell\\cube-rotation\\bower_components\\purescript-free\\src\\Data\\Coyoneda.purs","end":[175,56]},{"Ident":"unCoyoneda"}]},{"ValueRef":[{"start":[1,1],"name":"E:\\practice\\haskell\\cube-rotation\\bower_components\\purescript-free\\src\\Data\\Coyoneda.purs","end":[175,56]},{"Ident":"liftCoyoneda"}]},{"ValueRef":[{"start":[1,1],"name":"E:\\practice\\haskell\\cube-rotation\\bower_components\\purescript-free\\src\\Data\\Coyoneda.purs","end":[175,56]},{"Ident":"lowerCoyoneda"}]},{"ValueRef":[{"start":[1,1],"name":"E:\\practice\\haskell\\cube-rotation\\bower_components\\purescript-free\\src\\Data\\Coyoneda.purs","end":[175,56]},{"Ident":"hoistCoyoneda"}]},{"TypeInstanceRef":[{"start":[0,0],"name":"<generated>","end":[0,0]},{"Ident":"eqCoyoneda"}]},{"TypeInstanceRef":[{"start":[0,0],"name":"<generated>","end":[0,0]},{"Ident":"eq1Coyoneda"}]},{"TypeInstanceRef":[{"start":[0,0],"name":"<generated>","end":[0,0]},{"Ident":"ordCoyoneda"}]},{"TypeInstanceRef":[{"start":[0,0],"name":"<generated>","end":[0,0]},{"Ident":"ord1Coyoneda"}]},{"TypeInstanceRef":[{"start":[0,0],"name":"<generated>","end":[0,0]},{"Ident":"functorCoyoneda"}]},{"TypeInstanceRef":[{"start":[0,0],"name":"<generated>","end":[0,0]},{"Ident":"invatiantCoyoneda"}]},{"TypeInstanceRef":[{"start":[0,0],"name":"<generated>","end":[0,0]},{"Ident":"applyCoyoneda"}]},{"TypeInstanceRef":[{"start":[0,0],"name":"<generated>","end":[0,0]},{"Ident":"applicativeCoyoneda"}]},{"TypeInstanceRef":[{"start":[0,0],"name":"<generated>","end":[0,0]},{"Ident":"altCoyoneda"}]},{"TypeInstanceRef":[{"start":[0,0],"name":"<generated>","end":[0,0]},{"Ident":"plusCoyoneda"}]},{"TypeInstanceRef":[{"start":[0,0],"name":"<generated>","end":[0,0]},{"Ident":"alternativeCoyoneda"}]},{"TypeInstanceRef":[{"start":[0,0],"name":"<generated>","end":[0,0]},{"Ident":"bindCoyoneda"}]},{"TypeInstanceRef":[{"start":[0,0],"name":"<generated>","end":[0,0]},{"Ident":"monadCoyoneda"}]},{"TypeInstanceRef":[{"start":[0,0],"name":"<generated>","end":[0,0]},{"Ident":"monadTransCoyoneda"}]},{"TypeInstanceRef":[{"start":[0,0],"name":"<generated>","end":[0,0]},{"Ident":"monadZeroCoyoneda"}]},{"TypeInstanceRef":[{"start":[0,0],"name":"<generated>","end":[0,0]},{"Ident":"monadPlusCoyoneda"}]},{"TypeInstanceRef":[{"start":[0,0],"name":"<generated>","end":[0,0]},{"Ident":"extendCoyoneda"}]},{"TypeInstanceRef":[{"start":[0,0],"name":"<generated>","end":[0,0]},{"Ident":"comonadCoyoneda"}]},{"TypeInstanceRef":[{"start":[0,0],"name":"<generated>","end":[0,0]},{"Ident":"foldableCoyoneda"}]},{"TypeInstanceRef":[{"start":[0,0],"name":"<generated>","end":[0,0]},{"Ident":"traversableCoyoneda"}]},{"TypeInstanceRef":[{"start":[0,0],"name":"<generated>","end":[0,0]},{"Ident":"foldable1Coyoneda"}]},{"TypeInstanceRef":[{"start":[0,0],"name":"<generated>","end":[0,0]},{"Ident":"traversable1Coyoneda"}]},{"TypeInstanceRef":[{"start":[0,0],"name":"<generated>","end":[0,0]},{"Ident":"distributiveCoyoneda"}]}],"efImports":[{"eiModule":["Prim"],"eiImportType":{"Implicit":[]},"eiImportedAs":["Prim"]},{"eiModule":["Prim"],"eiImportType":{"Implicit":[]},"eiImportedAs":null},{"eiModule":["Prelude"],"eiImportType":{"Implicit":[]},"eiImportedAs":null},{"eiModule":["Control","Alt"],"eiImportType":{"Explicit":[{"TypeClassRef":[{"start":[13,21],"name":"E:\\practice\\haskell\\cube-rotation\\bower_components\\purescript-free\\src\\Data\\Coyoneda.purs","end":[13,30]},"Alt"]},{"ValueRef":[{"start":[13,32],"name":"E:\\practice\\haskell\\cube-rotation\\bower_components\\purescript-free\\src\\Data\\Coyoneda.purs","end":[13,35]},{"Ident":"alt"}]}]},"eiImportedAs":null},{"eiModule":["Control","Alternative"],"eiImportType":{"Explicit":[{"TypeClassRef":[{"start":[14,29],"name":"E:\\practice\\haskell\\cube-rotation\\bower_components\\purescript-free\\src\\Data\\Coyoneda.purs","end":[14,46]},"Alternative"]},{"TypeClassRef":[{"start":[14,48],"name":"E:\\practice\\haskell\\cube-rotation\\bower_components\\purescript-free\\src\\Data\\Coyoneda.purs","end":[14,58]},"Plus"]},{"ValueRef":[{"start":[14,60],"name":"E:\\practice\\haskell\\cube-rotation\\bower_components\\purescript-free\\src\\Data\\Coyoneda.purs","end":[14,65]},{"Ident":"empty"}]}]},"eiImportedAs":null},{"eiModule":["Control","Comonad"],"eiImportType":{"Explicit":[{"TypeClassRef":[{"start":[15,25],"name":"E:\\practice\\haskell\\cube-rotation\\bower_components\\purescript-free\\src\\Data\\Coyoneda.purs","end":[15,38]},"Comonad"]},{"ValueRef":[{"start":[15,40],"name":"E:\\practice\\haskell\\cube-rotation\\bower_components\\purescript-free\\src\\Data\\Coyoneda.purs","end":[15,47]},{"Ident":"extract"}]}]},"eiImportedAs":null},{"eiModule":["Control","Extend"],"eiImportType":{"Explicit":[{"TypeClassRef":[{"start":[16,24],"name":"E:\\practice\\haskell\\cube-rotation\\bower_components\\purescript-free\\src\\Data\\Coyoneda.purs","end":[16,36]},"Extend"]},{"ValueOpRef":[{"start":[16,38],"name":"E:\\practice\\haskell\\cube-rotation\\bower_components\\purescript-free\\src\\Data\\Coyoneda.purs","end":[16,43]},"<<="]}]},"eiImportedAs":null},{"eiModule":["Control","Monad","Trans","Class"],"eiImportType":{"Explicit":[{"TypeClassRef":[{"start":[17,35],"name":"E:\\practice\\haskell\\cube-rotation\\bower_components\\purescript-free\\src\\Data\\Coyoneda.purs","end":[17,51]},"MonadTrans"]}]},"eiImportedAs":null},{"eiModule":["Control","MonadPlus"],"eiImportType":{"Explicit":[{"TypeClassRef":[{"start":[18,27],"name":"E:\\practice\\haskell\\cube-rotation\\bower_components\\purescript-free\\src\\Data\\Coyoneda.purs","end":[18,42]},"MonadPlus"]},{"TypeClassRef":[{"start":[18,44],"name":"E:\\practice\\haskell\\cube-rotation\\bower_components\\purescript-free\\src\\Data\\Coyoneda.purs","end":[18,59]},"MonadZero"]}]},"eiImportedAs":null},{"eiModule":["Data","Distributive"],"eiImportType":{"Explicit":[{"TypeClassRef":[{"start":[19,27],"name":"E:\\practice\\haskell\\cube-rotation\\bower_components\\purescript-free\\src\\Data\\Coyoneda.purs","end":[19,45]},"Distributive"]},{"ValueRef":[{"start":[19,47],"name":"E:\\practice\\haskell\\cube-rotation\\bower_components\\purescript-free\\src\\Data\\Coyoneda.purs","end":[19,54]},{"Ident":"collect"}]}]},"eiImportedAs":null},{"eiModule":["Data","Eq"],"eiImportType":{"Explicit":[{"TypeClassRef":[{"start":[20,17],"name":"E:\\practice\\haskell\\cube-rotation\\bower_components\\purescript-free\\src\\Data\\Coyoneda.purs","end":[20,26]},"Eq1"]},{"ValueRef":[{"start":[20,28],"name":"E:\\practice\\haskell\\cube-rotation\\bower_components\\purescript-free\\src\\Data\\Coyoneda.purs","end":[20,31]},{"Ident":"eq1"}]}]},"eiImportedAs":null},{"eiModule":["Data","Exists"],"eiImportType":{"Explicit":[{"TypeRef":[{"start":[21,21],"name":"E:\\practice\\haskell\\cube-rotation\\bower_components\\purescript-free\\src\\Data\\Coyoneda.purs","end":[21,27]},"Exists",[]]},{"ValueRef":[{"start":[21,29],"name":"E:\\practice\\haskell\\cube-rotation\\bower_components\\purescript-free\\src\\Data\\Coyoneda.purs","end":[21,38]},{"Ident":"runExists"}]},{"ValueRef":[{"start":[21,40],"name":"E:\\practice\\haskell\\cube-rotation\\bower_components\\purescript-free\\src\\Data\\Coyoneda.purs","end":[21,48]},{"Ident":"mkExists"}]}]},"eiImportedAs":null},{"eiModule":["Data","Foldable"],"eiImportType":{"Explicit":[{"TypeClassRef":[{"start":[22,23],"name":"E:\\practice\\haskell\\cube-rotation\\bower_components\\purescript-free\\src\\Data\\Coyoneda.purs","end":[22,37]},"Foldable"]},{"ValueRef":[{"start":[22,39],"name":"E:\\practice\\haskell\\cube-rotation\\bower_components\\purescript-free\\src\\Data\\Coyoneda.purs","end":[22,46]},{"Ident":"foldMap"}]},{"ValueRef":[{"start":[22,48],"name":"E:\\practice\\haskell\\cube-rotation\\bower_components\\purescript-free\\src\\Data\\Coyoneda.purs","end":[22,53]},{"Ident":"foldl"}]},{"ValueRef":[{"start":[22,55],"name":"E:\\practice\\haskell\\cube-rotation\\bower_components\\purescript-free\\src\\Data\\Coyoneda.purs","end":[22,60]},{"Ident":"foldr"}]}]},"eiImportedAs":null},{"eiModule":["Data","Functor","Invariant"],"eiImportType":{"Explicit":[{"TypeClassRef":[{"start":[23,32],"name":"E:\\practice\\haskell\\cube-rotation\\bower_components\\purescript-free\\src\\Data\\Coyoneda.purs","end":[23,47]},"Invariant"]},{"ValueRef":[{"start":[23,49],"name":"E:\\practice\\haskell\\cube-rotation\\bower_components\\purescript-free\\src\\Data\\Coyoneda.purs","end":[23,54]},{"Ident":"imapF"}]}]},"eiImportedAs":null},{"eiModule":["Data","Ord"],"eiImportType":{"Explicit":[{"TypeClassRef":[{"start":[24,18],"name":"E:\\practice\\haskell\\cube-rotation\\bower_components\\purescript-free\\src\\Data\\Coyoneda.purs","end":[24,28]},"Ord1"]},{"ValueRef":[{"start":[24,30],"name":"E:\\practice\\haskell\\cube-rotation\\bower_components\\purescript-free\\src\\Data\\Coyoneda.purs","end":[24,38]},{"Ident":"compare1"}]}]},"eiImportedAs":null},{"eiModule":["Data","Semigroup","Foldable"],"eiImportType":{"Explicit":[{"TypeClassRef":[{"start":[25,33],"name":"E:\\practice\\haskell\\cube-rotation\\bower_components\\purescript-free\\src\\Data\\Coyoneda.purs","end":[25,48]},"Foldable1"]},{"ValueRef":[{"start":[25,50],"name":"E:\\practice\\haskell\\cube-rotation\\bower_components\\purescript-free\\src\\Data\\Coyoneda.purs","end":[25,58]},{"Ident":"foldMap1"}]}]},"eiImportedAs":null},{"eiModule":["Data","Semigroup","Traversable"],"eiImportType":{"Explicit":[{"TypeClassRef":[{"start":[26,36],"name":"E:\\practice\\haskell\\cube-rotation\\bower_components\\purescript-free\\src\\Data\\Coyoneda.purs","end":[26,54]},"Traversable1"]},{"ValueRef":[{"start":[26,56],"name":"E:\\practice\\haskell\\cube-rotation\\bower_components\\purescript-free\\src\\Data\\Coyoneda.purs","end":[26,65]},{"Ident":"sequence1"}]},{"ValueRef":[{"start":[26,67],"name":"E:\\practice\\haskell\\cube-rotation\\bower_components\\purescript-free\\src\\Data\\Coyoneda.purs","end":[26,76]},{"Ident":"traverse1"}]}]},"eiImportedAs":null},{"eiModule":["Data","Traversable"],"eiImportType":{"Explicit":[{"TypeClassRef":[{"start":[27,26],"name":"E:\\practice\\haskell\\cube-rotation\\bower_components\\purescript-free\\src\\Data\\Coyoneda.purs","end":[27,43]},"Traversable"]},{"ValueRef":[{"start":[27,45],"name":"E:\\practice\\haskell\\cube-rotation\\bower_components\\purescript-free\\src\\Data\\Coyoneda.purs","end":[27,53]},{"Ident":"traverse"}]}]},"eiImportedAs":null}],"efFixities":[],"efTypeFixities":[],"efDeclarations":[{"EDType":{"edTypeName":"Coyoneda","edTypeKind":{"tag":"FunKind","contents":[{"tag":"FunKind","contents":[{"tag":"NamedKind","contents":[["Prim"],"Type"]},{"tag":"NamedKind","contents":[["Prim"],"Type"]}]},{"tag":"FunKind","contents":[{"tag":"NamedKind","contents":[["Prim"],"Type"]},{"tag":"NamedKind","contents":[["Prim"],"Type"]}]}]},"edTypeDeclarationKind":{"DataType":{"args":[["f",{"tag":"FunKind","contents":[{"tag":"NamedKind","contents":[["Prim"],"Type"]},{"tag":"NamedKind","contents":[["Prim"],"Type"]}]}],["a",{"tag":"NamedKind","contents":[["Prim"],"Type"]}]],"ctors":[["Coyoneda",[{"tag":"TypeApp","contents":[{"tag":"TypeConstructor","contents":[["Data","Exists"],"Exists"]},{"tag":"TypeApp","contents":[{"tag":"TypeApp","contents":[{"tag":"TypeConstructor","contents":[["Data","Coyoneda"],"CoyonedaF"]},{"tag":"TypeVar","contents":"f"}]},{"tag":"TypeVar","contents":"a"}]}]}]]]}}}},{"EDDataConstructor":{"edDataCtorName":"Coyoneda","edDataCtorOrigin":"newtype","edDataCtorTypeCtor":"Coyoneda","edDataCtorType":{"tag":"ForAll","contents":["a",{"tag":"ForAll","contents":["f",{"tag":"TypeApp","contents":[{"tag":"TypeApp","contents":[{"tag":"TypeConstructor","contents":[["Prim"],"Function"]},{"tag":"TypeApp","contents":[{"tag":"TypeConstructor","contents":[["Data","Exists"],"Exists"]},{"tag":"TypeApp","contents":[{"tag":"TypeApp","contents":[{"tag":"TypeConstructor","contents":[["Data","Coyoneda"],"CoyonedaF"]},{"tag":"TypeVar","contents":"f"}]},{"tag":"TypeVar","contents":"a"}]}]}]},{"tag":"TypeApp","contents":[{"tag":"TypeApp","contents":[{"tag":"TypeConstructor","contents":[["Data","Coyoneda"],"Coyoneda"]},{"tag":"TypeVar","contents":"f"}]},{"tag":"TypeVar","contents":"a"}]}]},null]},null]},"edDataCtorFields":[{"Ident":"value0"}]}},{"EDType":{"edTypeName":"CoyonedaF","edTypeKind":{"tag":"FunKind","contents":[{"tag":"FunKind","contents":[{"tag":"NamedKind","contents":[["Prim"],"Type"]},{"tag":"NamedKind","contents":[["Prim"],"Type"]}]},{"tag":"FunKind","contents":[{"tag":"NamedKind","contents":[["Prim"],"Type"]},{"tag":"FunKind","contents":[{"tag":"NamedKind","contents":[["Prim"],"Type"]},{"tag":"NamedKind","contents":[["Prim"],"Type"]}]}]}]},"edTypeDeclarationKind":{"DataType":{"args":[["f",{"tag":"FunKind","contents":[{"tag":"NamedKind","contents":[["Prim"],"Type"]},{"tag":"NamedKind","contents":[["Prim"],"Type"]}]}],["a",{"tag":"NamedKind","contents":[["Prim"],"Type"]}],["i",{"tag":"NamedKind","contents":[["Prim"],"Type"]}]],"ctors":[["CoyonedaF",[{"tag":"TypeApp","contents":[{"tag":"TypeApp","contents":[{"tag":"TypeConstructor","contents":[["Prim"],"Function"]},{"tag":"TypeVar","contents":"i"}]},{"tag":"TypeVar","contents":"a"}]},{"tag":"TypeApp","contents":[{"tag":"TypeVar","contents":"f"},{"tag":"TypeVar","contents":"i"}]}]]]}}}},{"EDValue":{"edValueName":{"Ident":"coyoneda"},"edValueType":{"tag":"ForAll","contents":["b",{"tag":"ForAll","contents":["a",{"tag":"ForAll","contents":["f",{"tag":"TypeApp","contents":[{"tag":"TypeApp","contents":[{"tag":"TypeConstructor","contents":[["Prim"],"Function"]},{"tag":"TypeApp","contents":[{"tag":"TypeApp","contents":[{"tag":"TypeConstructor","contents":[["Prim"],"Function"]},{"tag":"TypeVar","contents":"a"}]},{"tag":"TypeVar","contents":"b"}]}]},{"tag":"TypeApp","contents":[{"tag":"TypeApp","contents":[{"tag":"TypeConstructor","contents":[["Prim"],"Function"]},{"tag":"TypeApp","contents":[{"tag":"TypeVar","contents":"f"},{"tag":"TypeVar","contents":"a"}]}]},{"tag":"TypeApp","contents":[{"tag":"TypeApp","contents":[{"tag":"TypeConstructor","contents":[["Data","Coyoneda"],"Coyoneda"]},{"tag":"TypeVar","contents":"f"}]},{"tag":"TypeVar","contents":"b"}]}]}]},126]},127]},128]}}},{"EDValue":{"edValueName":{"Ident":"unCoyoneda"},"edValueType":{"tag":"ForAll","contents":["r",{"tag":"ForAll","contents":["a",{"tag":"ForAll","contents":["f",{"tag":"TypeApp","contents":[{"tag":"TypeApp","contents":[{"tag":"TypeConstructor","contents":[["Prim"],"Function"]},{"tag":"ForAll","contents":["b",{"tag":"TypeApp","contents":[{"tag":"TypeApp","contents":[{"tag":"TypeConstructor","contents":[["Prim"],"Function"]},{"tag":"TypeApp","contents":[{"tag":"TypeApp","contents":[{"tag":"TypeConstructor","contents":[["Prim"],"Function"]},{"tag":"TypeVar","contents":"b"}]},{"tag":"TypeVar","contents":"a"}]}]},{"tag":"TypeApp","contents":[{"tag":"TypeApp","contents":[{"tag":"TypeConstructor","contents":[["Prim"],"Function"]},{"tag":"TypeApp","contents":[{"tag":"TypeVar","contents":"f"},{"tag":"TypeVar","contents":"b"}]}]},{"tag":"TypeVar","contents":"r"}]}]},0]}]},{"tag":"TypeApp","contents":[{"tag":"TypeApp","contents":[{"tag":"TypeConstructor","contents":[["Prim"],"Function"]},{"tag":"TypeApp","contents":[{"tag":"TypeApp","contents":[{"tag":"TypeConstructor","contents":[["Data","Coyoneda"],"Coyoneda"]},{"tag":"TypeVar","contents":"f"}]},{"tag":"TypeVar","contents":"a"}]}]},{"tag":"TypeVar","contents":"r"}]}]},1]},2]},3]}}},{"EDValue":{"edValueName":{"Ident":"liftCoyoneda"},"edValueType":{"tag":"ForAll","contents":["f",{"tag":"ForAll","contents":["a",{"tag":"TypeApp","contents":[{"tag":"TypeApp","contents":[{"tag":"TypeConstructor","contents":[["Prim"],"Function"]},{"tag":"TypeApp","contents":[{"tag":"TypeVar","contents":"f"},{"tag":"TypeVar","contents":"a"}]}]},{"tag":"TypeApp","contents":[{"tag":"TypeApp","contents":[{"tag":"TypeConstructor","contents":[["Data","Coyoneda"],"Coyoneda"]},{"tag":"TypeVar","contents":"f"}]},{"tag":"TypeVar","contents":"a"}]}]},149]},150]}}},{"EDValue":{"edValueName":{"Ident":"lowerCoyoneda"},"edValueType":{"tag":"ForAll","contents":["f",{"tag":"ConstrainedType","contents":[{"constraintClass":[["Data","Functor"],"Functor"],"constraintArgs":[{"tag":"TypeVar","contents":"f"}],"constraintData":null},{"tag":"ForAll","contents":["a",{"tag":"TypeApp","contents":[{"tag":"TypeApp","contents":[{"tag":"TypeConstructor","contents":[["Prim"],"Function"]},{"tag":"TypeApp","contents":[{"tag":"TypeApp","contents":[{"tag":"TypeConstructor","contents":[["Data","Coyoneda"],"Coyoneda"]},{"tag":"TypeVar","contents":"f"}]},{"tag":"TypeVar","contents":"a"}]}]},{"tag":"TypeApp","contents":[{"tag":"TypeVar","contents":"f"},{"tag":"TypeVar","contents":"a"}]}]},70]}]},71]}}},{"EDValue":{"edValueName":{"Ident":"hoistCoyoneda"},"edValueType":{"tag":"ForAll","contents":["g",{"tag":"ForAll","contents":["f",{"tag":"TypeApp","contents":[{"tag":"TypeApp","contents":[{"tag":"TypeConstructor","contents":[["Prim"],"Function"]},{"tag":"ForAll","contents":["a",{"tag":"TypeApp","contents":[{"tag":"TypeApp","contents":[{"tag":"TypeConstructor","contents":[["Prim"],"Function"]},{"tag":"TypeApp","contents":[{"tag":"TypeVar","contents":"f"},{"tag":"TypeVar","contents":"a"}]}]},{"tag":"TypeApp","contents":[{"tag":"TypeVar","contents":"g"},{"tag":"TypeVar","contents":"a"}]}]},141]}]},{"tag":"ForAll","contents":["a",{"tag":"TypeApp","contents":[{"tag":"TypeApp","contents":[{"tag":"TypeConstructor","contents":[["Prim"],"Function"]},{"tag":"TypeApp","contents":[{"tag":"TypeApp","contents":[{"tag":"TypeConstructor","contents":[["Data","Coyoneda"],"Coyoneda"]},{"tag":"TypeVar","contents":"f"}]},{"tag":"TypeVar","contents":"a"}]}]},{"tag":"TypeApp","contents":[{"tag":"TypeApp","contents":[{"tag":"TypeConstructor","contents":[["Data","Coyoneda"],"Coyoneda"]},{"tag":"TypeVar","contents":"g"}]},{"tag":"TypeVar","contents":"a"}]}]},142]}]},143]},144]}}},{"EDInstance":{"edInstanceClassName":[["Data","Eq"],"Eq"],"edInstanceName":{"Ident":"eqCoyoneda"},"edInstanceTypes":[{"tag":"TypeApp","contents":[{"tag":"TypeApp","contents":[{"tag":"TypeConstructor","contents":[["Data","Coyoneda"],"Coyoneda"]},{"tag":"TypeVar","contents":"f"}]},{"tag":"TypeVar","contents":"a"}]}],"edInstanceConstraints":[{"constraintClass":[["Data","Functor"],"Functor"],"constraintArgs":[{"tag":"TypeVar","contents":"f"}],"constraintData":null},{"constraintClass":[["Data","Eq"],"Eq1"],"constraintArgs":[{"tag":"TypeVar","contents":"f"}],"constraintData":null},{"constraintClass":[["Data","Eq"],"Eq"],"constraintArgs":[{"tag":"TypeVar","contents":"a"}],"constraintData":null}]}},{"EDInstance":{"edInstanceClassName":[["Data","Eq"],"Eq1"],"edInstanceName":{"Ident":"eq1Coyoneda"},"edInstanceTypes":[{"tag":"TypeApp","contents":[{"tag":"TypeConstructor","contents":[["Data","Coyoneda"],"Coyoneda"]},{"tag":"TypeVar","contents":"f"}]}],"edInstanceConstraints":[{"constraintClass":[["Data","Functor"],"Functor"],"constraintArgs":[{"tag":"TypeVar","contents":"f"}],"constraintData":null},{"constraintClass":[["Data","Eq"],"Eq1"],"constraintArgs":[{"tag":"TypeVar","contents":"f"}],"constraintData":null}]}},{"EDInstance":{"edInstanceClassName":[["Data","Ord"],"Ord"],"edInstanceName":{"Ident":"ordCoyoneda"},"edInstanceTypes":[{"tag":"TypeApp","contents":[{"tag":"TypeApp","contents":[{"tag":"TypeConstructor","contents":[["Data","Coyoneda"],"Coyoneda"]},{"tag":"TypeVar","contents":"f"}]},{"tag":"TypeVar","contents":"a"}]}],"edInstanceConstraints":[{"constraintClass":[["Data","Functor"],"Functor"],"constraintArgs":[{"tag":"TypeVar","contents":"f"}],"constraintData":null},{"constraintClass":[["Data","Ord"],"Ord1"],"constraintArgs":[{"tag":"TypeVar","contents":"f"}],"constraintData":null},{"constraintClass":[["Data","Ord"],"Ord"],"constraintArgs":[{"tag":"TypeVar","contents":"a"}],"constraintData":null}]}},{"EDInstance":{"edInstanceClassName":[["Data","Ord"],"Ord1"],"edInstanceName":{"Ident":"ord1Coyoneda"},"edInstanceTypes":[{"tag":"TypeApp","contents":[{"tag":"TypeConstructor","contents":[["Data","Coyoneda"],"Coyoneda"]},{"tag":"TypeVar","contents":"f"}]}],"edInstanceConstraints":[{"constraintClass":[["Data","Functor"],"Functor"],"constraintArgs":[{"tag":"TypeVar","contents":"f"}],"constraintData":null},{"constraintClass":[["Data","Ord"],"Ord1"],"constraintArgs":[{"tag":"TypeVar","contents":"f"}],"constraintData":null}]}},{"EDInstance":{"edInstanceClassName":[["Data","Functor"],"Functor"],"edInstanceName":{"Ident":"functorCoyoneda"},"edInstanceTypes":[{"tag":"TypeApp","contents":[{"tag":"TypeConstructor","contents":[["Data","Coyoneda"],"Coyoneda"]},{"tag":"TypeVar","contents":"f"}]}],"edInstanceConstraints":[]}},{"EDInstance":{"edInstanceClassName":[["Data","Functor","Invariant"],"Invariant"],"edInstanceName":{"Ident":"invatiantCoyoneda"},"edInstanceTypes":[{"tag":"TypeApp","contents":[{"tag":"TypeConstructor","contents":[["Data","Coyoneda"],"Coyoneda"]},{"tag":"TypeVar","contents":"f"}]}],"edInstanceConstraints":[]}},{"EDInstance":{"edInstanceClassName":[["Control","Apply"],"Apply"],"edInstanceName":{"Ident":"applyCoyoneda"},"edInstanceTypes":[{"tag":"TypeApp","contents":[{"tag":"TypeConstructor","contents":[["Data","Coyoneda"],"Coyoneda"]},{"tag":"TypeVar","contents":"f"}]}],"edInstanceConstraints":[{"constraintClass":[["Control","Apply"],"Apply"],"constraintArgs":[{"tag":"TypeVar","contents":"f"}],"constraintData":null}]}},{"EDInstance":{"edInstanceClassName":[["Control","Applicative"],"Applicative"],"edInstanceName":{"Ident":"applicativeCoyoneda"},"edInstanceTypes":[{"tag":"TypeApp","contents":[{"tag":"TypeConstructor","contents":[["Data","Coyoneda"],"Coyoneda"]},{"tag":"TypeVar","contents":"f"}]}],"edInstanceConstraints":[{"constraintClass":[["Control","Applicative"],"Applicative"],"constraintArgs":[{"tag":"TypeVar","contents":"f"}],"constraintData":null}]}},{"EDInstance":{"edInstanceClassName":[["Control","Alt"],"Alt"],"edInstanceName":{"Ident":"altCoyoneda"},"edInstanceTypes":[{"tag":"TypeApp","contents":[{"tag":"TypeConstructor","contents":[["Data","Coyoneda"],"Coyoneda"]},{"tag":"TypeVar","contents":"f"}]}],"edInstanceConstraints":[{"constraintClass":[["Control","Alt"],"Alt"],"constraintArgs":[{"tag":"TypeVar","contents":"f"}],"constraintData":null}]}},{"EDInstance":{"edInstanceClassName":[["Control","Plus"],"Plus"],"edInstanceName":{"Ident":"plusCoyoneda"},"edInstanceTypes":[{"tag":"TypeApp","contents":[{"tag":"TypeConstructor","contents":[["Data","Coyoneda"],"Coyoneda"]},{"tag":"TypeVar","contents":"f"}]}],"edInstanceConstraints":[{"constraintClass":[["Control","Plus"],"Plus"],"constraintArgs":[{"tag":"TypeVar","contents":"f"}],"constraintData":null}]}},{"EDInstance":{"edInstanceClassName":[["Control","Alternative"],"Alternative"],"edInstanceName":{"Ident":"alternativeCoyoneda"},"edInstanceTypes":[{"tag":"TypeApp","contents":[{"tag":"TypeConstructor","contents":[["Data","Coyoneda"],"Coyoneda"]},{"tag":"TypeVar","contents":"f"}]}],"edInstanceConstraints":[{"constraintClass":[["Control","Alternative"],"Alternative"],"constraintArgs":[{"tag":"TypeVar","contents":"f"}],"constraintData":null}]}},{"EDInstance":{"edInstanceClassName":[["Control","Bind"],"Bind"],"edInstanceName":{"Ident":"bindCoyoneda"},"edInstanceTypes":[{"tag":"TypeApp","contents":[{"tag":"TypeConstructor","contents":[["Data","Coyoneda"],"Coyoneda"]},{"tag":"TypeVar","contents":"f"}]}],"edInstanceConstraints":[{"constraintClass":[["Control","Bind"],"Bind"],"constraintArgs":[{"tag":"TypeVar","contents":"f"}],"constraintData":null}]}},{"EDInstance":{"edInstanceClassName":[["Control","Monad"],"Monad"],"edInstanceName":{"Ident":"monadCoyoneda"},"edInstanceTypes":[{"tag":"TypeApp","contents":[{"tag":"TypeConstructor","contents":[["Data","Coyoneda"],"Coyoneda"]},{"tag":"TypeVar","contents":"f"}]}],"edInstanceConstraints":[{"constraintClass":[["Control","Monad"],"Monad"],"constraintArgs":[{"tag":"TypeVar","contents":"f"}],"constraintData":null}]}},{"EDInstance":{"edInstanceClassName":[["Control","Monad","Trans","Class"],"MonadTrans"],"edInstanceName":{"Ident":"monadTransCoyoneda"},"edInstanceTypes":[{"tag":"TypeConstructor","contents":[["Data","Coyoneda"],"Coyoneda"]}],"edInstanceConstraints":[]}},{"EDInstance":{"edInstanceClassName":[["Control","MonadZero"],"MonadZero"],"edInstanceName":{"Ident":"monadZeroCoyoneda"},"edInstanceTypes":[{"tag":"TypeApp","contents":[{"tag":"TypeConstructor","contents":[["Data","Coyoneda"],"Coyoneda"]},{"tag":"TypeVar","contents":"f"}]}],"edInstanceConstraints":[{"constraintClass":[["Control","MonadZero"],"MonadZero"],"constraintArgs":[{"tag":"TypeVar","contents":"f"}],"constraintData":null}]}},{"EDInstance":{"edInstanceClassName":[["Control","MonadPlus"],"MonadPlus"],"edInstanceName":{"Ident":"monadPlusCoyoneda"},"edInstanceTypes":[{"tag":"TypeApp","contents":[{"tag":"TypeConstructor","contents":[["Data","Coyoneda"],"Coyoneda"]},{"tag":"TypeVar","contents":"f"}]}],"edInstanceConstraints":[{"constraintClass":[["Control","MonadPlus"],"MonadPlus"],"constraintArgs":[{"tag":"TypeVar","contents":"f"}],"constraintData":null}]}},{"EDInstance":{"edInstanceClassName":[["Control","Extend"],"Extend"],"edInstanceName":{"Ident":"extendCoyoneda"},"edInstanceTypes":[{"tag":"TypeApp","contents":[{"tag":"TypeConstructor","contents":[["Data","Coyoneda"],"Coyoneda"]},{"tag":"TypeVar","contents":"w"}]}],"edInstanceConstraints":[{"constraintClass":[["Control","Extend"],"Extend"],"constraintArgs":[{"tag":"TypeVar","contents":"w"}],"constraintData":null}]}},{"EDInstance":{"edInstanceClassName":[["Control","Comonad"],"Comonad"],"edInstanceName":{"Ident":"comonadCoyoneda"},"edInstanceTypes":[{"tag":"TypeApp","contents":[{"tag":"TypeConstructor","contents":[["Data","Coyoneda"],"Coyoneda"]},{"tag":"TypeVar","contents":"w"}]}],"edInstanceConstraints":[{"constraintClass":[["Control","Comonad"],"Comonad"],"constraintArgs":[{"tag":"TypeVar","contents":"w"}],"constraintData":null}]}},{"EDInstance":{"edInstanceClassName":[["Data","Foldable"],"Foldable"],"edInstanceName":{"Ident":"foldableCoyoneda"},"edInstanceTypes":[{"tag":"TypeApp","contents":[{"tag":"TypeConstructor","contents":[["Data","Coyoneda"],"Coyoneda"]},{"tag":"TypeVar","contents":"f"}]}],"edInstanceConstraints":[{"constraintClass":[["Data","Foldable"],"Foldable"],"constraintArgs":[{"tag":"TypeVar","contents":"f"}],"constraintData":null}]}},{"EDInstance":{"edInstanceClassName":[["Data","Traversable"],"Traversable"],"edInstanceName":{"Ident":"traversableCoyoneda"},"edInstanceTypes":[{"tag":"TypeApp","contents":[{"tag":"TypeConstructor","contents":[["Data","Coyoneda"],"Coyoneda"]},{"tag":"TypeVar","contents":"f"}]}],"edInstanceConstraints":[{"constraintClass":[["Data","Traversable"],"Traversable"],"constraintArgs":[{"tag":"TypeVar","contents":"f"}],"constraintData":null}]}},{"EDInstance":{"edInstanceClassName":[["Data","Semigroup","Foldable"],"Foldable1"],"edInstanceName":{"Ident":"foldable1Coyoneda"},"edInstanceTypes":[{"tag":"TypeApp","contents":[{"tag":"TypeConstructor","contents":[["Data","Coyoneda"],"Coyoneda"]},{"tag":"TypeVar","contents":"f"}]}],"edInstanceConstraints":[{"constraintClass":[["Data","Semigroup","Foldable"],"Foldable1"],"constraintArgs":[{"tag":"TypeVar","contents":"f"}],"constraintData":null}]}},{"EDInstance":{"edInstanceClassName":[["Data","Semigroup","Traversable"],"Traversable1"],"edInstanceName":{"Ident":"traversable1Coyoneda"},"edInstanceTypes":[{"tag":"TypeApp","contents":[{"tag":"TypeConstructor","contents":[["Data","Coyoneda"],"Coyoneda"]},{"tag":"TypeVar","contents":"f"}]}],"edInstanceConstraints":[{"constraintClass":[["Data","Semigroup","Traversable"],"Traversable1"],"constraintArgs":[{"tag":"TypeVar","contents":"f"}],"constraintData":null}]}},{"EDInstance":{"edInstanceClassName":[["Data","Distributive"],"Distributive"],"edInstanceName":{"Ident":"distributiveCoyoneda"},"edInstanceTypes":[{"tag":"TypeApp","contents":[{"tag":"TypeConstructor","contents":[["Data","Coyoneda"],"Coyoneda"]},{"tag":"TypeVar","contents":"f"}]}],"edInstanceConstraints":[{"constraintClass":[["Data","Distributive"],"Distributive"],"constraintArgs":[{"tag":"TypeVar","contents":"f"}],"constraintData":null}]}}],"efSourceSpan":{"start":[1,1],"name":"E:\\practice\\haskell\\cube-rotation\\bower_components\\purescript-free\\src\\Data\\Coyoneda.purs","end":[175,56]}}