{"efVersion":"0.11.7","efModuleName":["Control","Monad","Aff","Internal"],"efExports":[{"TypeRef":[{"start":[1,1],"name":"E:\\practice\\haskell\\cube-rotation\\bower_components\\purescript-aff\\src\\Control\\Monad\\Aff\\Internal.purs","end":[36,72]},"AVBox",[]]},{"TypeRef":[{"start":[1,1],"name":"E:\\practice\\haskell\\cube-rotation\\bower_components\\purescript-aff\\src\\Control\\Monad\\Aff\\Internal.purs","end":[36,72]},"AVar",[]]},{"ValueRef":[{"start":[1,1],"name":"E:\\practice\\haskell\\cube-rotation\\bower_components\\purescript-aff\\src\\Control\\Monad\\Aff\\Internal.purs","end":[36,72]},{"Ident":"_makeVar"}]},{"ValueRef":[{"start":[1,1],"name":"E:\\practice\\haskell\\cube-rotation\\bower_components\\purescript-aff\\src\\Control\\Monad\\Aff\\Internal.purs","end":[36,72]},{"Ident":"_takeVar"}]},{"ValueRef":[{"start":[1,1],"name":"E:\\practice\\haskell\\cube-rotation\\bower_components\\purescript-aff\\src\\Control\\Monad\\Aff\\Internal.purs","end":[36,72]},{"Ident":"_tryTakeVar"}]},{"ValueRef":[{"start":[1,1],"name":"E:\\practice\\haskell\\cube-rotation\\bower_components\\purescript-aff\\src\\Control\\Monad\\Aff\\Internal.purs","end":[36,72]},{"Ident":"_peekVar"}]},{"ValueRef":[{"start":[1,1],"name":"E:\\practice\\haskell\\cube-rotation\\bower_components\\purescript-aff\\src\\Control\\Monad\\Aff\\Internal.purs","end":[36,72]},{"Ident":"_tryPeekVar"}]},{"ValueRef":[{"start":[1,1],"name":"E:\\practice\\haskell\\cube-rotation\\bower_components\\purescript-aff\\src\\Control\\Monad\\Aff\\Internal.purs","end":[36,72]},{"Ident":"_putVar"}]},{"ValueRef":[{"start":[1,1],"name":"E:\\practice\\haskell\\cube-rotation\\bower_components\\purescript-aff\\src\\Control\\Monad\\Aff\\Internal.purs","end":[36,72]},{"Ident":"_killVar"}]}],"efImports":[{"eiModule":["Prim"],"eiImportType":{"Implicit":[]},"eiImportedAs":["Prim"]},{"eiModule":["Prim"],"eiImportType":{"Implicit":[]},"eiImportedAs":null},{"eiModule":["Prelude"],"eiImportType":{"Implicit":[]},"eiImportedAs":null},{"eiModule":["Control","Monad","Eff","Exception"],"eiImportType":{"Explicit":[{"TypeRef":[{"start":[15,37],"name":"E:\\practice\\haskell\\cube-rotation\\bower_components\\purescript-aff\\src\\Control\\Monad\\Aff\\Internal.purs","end":[15,42]},"Error",[]]}]},"eiImportedAs":null},{"eiModule":["Data","Maybe"],"eiImportType":{"Explicit":[{"TypeRef":[{"start":[17,20],"name":"E:\\practice\\haskell\\cube-rotation\\bower_components\\purescript-aff\\src\\Control\\Monad\\Aff\\Internal.purs","end":[17,25]},"Maybe",[]]}]},"eiImportedAs":null},{"eiModule":["Data","Function","Uncurried"],"eiImportType":{"Explicit":[{"TypeRef":[{"start":[18,33],"name":"E:\\practice\\haskell\\cube-rotation\\bower_components\\purescript-aff\\src\\Control\\Monad\\Aff\\Internal.purs","end":[18,36]},"Fn2",[]]},{"TypeRef":[{"start":[18,38],"name":"E:\\practice\\haskell\\cube-rotation\\bower_components\\purescript-aff\\src\\Control\\Monad\\Aff\\Internal.purs","end":[18,41]},"Fn3",[]]},{"TypeRef":[{"start":[18,43],"name":"E:\\practice\\haskell\\cube-rotation\\bower_components\\purescript-aff\\src\\Control\\Monad\\Aff\\Internal.purs","end":[18,46]},"Fn4",[]]}]},"eiImportedAs":null}],"efFixities":[],"efTypeFixities":[],"efDeclarations":[{"EDType":{"edTypeName":"AVBox","edTypeKind":{"tag":"FunKind","contents":[{"tag":"NamedKind","contents":[["Prim"],"Type"]},{"tag":"NamedKind","contents":[["Prim"],"Type"]}]},"edTypeDeclarationKind":"ExternData"}},{"EDType":{"edTypeName":"AVar","edTypeKind":{"tag":"FunKind","contents":[{"tag":"NamedKind","contents":[["Prim"],"Type"]},{"tag":"NamedKind","contents":[["Prim"],"Type"]}]},"edTypeDeclarationKind":"ExternData"}},{"EDValue":{"edValueName":{"Ident":"_makeVar"},"edValueType":{"tag":"ForAll","contents":["a",{"tag":"ForAll","contents":["c",{"tag":"TypeApp","contents":[{"tag":"TypeApp","contents":[{"tag":"TypeConstructor","contents":[["Prim"],"Function"]},{"tag":"TypeVar","contents":"c"}]},{"tag":"TypeApp","contents":[{"tag":"TypeConstructor","contents":[["Control","Monad","Aff","Internal"],"AVBox"]},{"tag":"TypeApp","contents":[{"tag":"TypeConstructor","contents":[["Control","Monad","Aff","Internal"],"AVar"]},{"tag":"TypeVar","contents":"a"}]}]}]},null]},null]}}},{"EDValue":{"edValueName":{"Ident":"_takeVar"},"edValueType":{"tag":"ForAll","contents":["a",{"tag":"ForAll","contents":["c",{"tag":"TypeApp","contents":[{"tag":"TypeApp","contents":[{"tag":"TypeApp","contents":[{"tag":"TypeConstructor","contents":[["Data","Function","Uncurried"],"Fn2"]},{"tag":"TypeVar","contents":"c"}]},{"tag":"TypeApp","contents":[{"tag":"TypeConstructor","contents":[["Control","Monad","Aff","Internal"],"AVar"]},{"tag":"TypeVar","contents":"a"}]}]},{"tag":"TypeApp","contents":[{"tag":"TypeConstructor","contents":[["Control","Monad","Aff","Internal"],"AVBox"]},{"tag":"TypeVar","contents":"a"}]}]},null]},null]}}},{"EDValue":{"edValueName":{"Ident":"_tryTakeVar"},"edValueType":{"tag":"ForAll","contents":["a",{"tag":"ForAll","contents":["c",{"tag":"TypeApp","contents":[{"tag":"TypeApp","contents":[{"tag":"TypeApp","contents":[{"tag":"TypeApp","contents":[{"tag":"TypeApp","contents":[{"tag":"TypeConstructor","contents":[["Data","Function","Uncurried"],"Fn4"]},{"tag":"ForAll","contents":["x",{"tag":"TypeApp","contents":[{"tag":"TypeConstructor","contents":[["Data","Maybe"],"Maybe"]},{"tag":"TypeVar","contents":"x"}]},null]}]},{"tag":"ForAll","contents":["x",{"tag":"TypeApp","contents":[{"tag":"TypeApp","contents":[{"tag":"TypeConstructor","contents":[["Prim"],"Function"]},{"tag":"TypeVar","contents":"x"}]},{"tag":"TypeApp","contents":[{"tag":"TypeConstructor","contents":[["Data","Maybe"],"Maybe"]},{"tag":"TypeVar","contents":"x"}]}]},null]}]},{"tag":"TypeVar","contents":"c"}]},{"tag":"TypeApp","contents":[{"tag":"TypeConstructor","contents":[["Control","Monad","Aff","Internal"],"AVar"]},{"tag":"TypeVar","contents":"a"}]}]},{"tag":"TypeApp","contents":[{"tag":"TypeConstructor","contents":[["Control","Monad","Aff","Internal"],"AVBox"]},{"tag":"TypeApp","contents":[{"tag":"TypeConstructor","contents":[["Data","Maybe"],"Maybe"]},{"tag":"TypeVar","contents":"a"}]}]}]},null]},null]}}},{"EDValue":{"edValueName":{"Ident":"_peekVar"},"edValueType":{"tag":"ForAll","contents":["a",{"tag":"ForAll","contents":["c",{"tag":"TypeApp","contents":[{"tag":"TypeApp","contents":[{"tag":"TypeApp","contents":[{"tag":"TypeConstructor","contents":[["Data","Function","Uncurried"],"Fn2"]},{"tag":"TypeVar","contents":"c"}]},{"tag":"TypeApp","contents":[{"tag":"TypeConstructor","contents":[["Control","Monad","Aff","Internal"],"AVar"]},{"tag":"TypeVar","contents":"a"}]}]},{"tag":"TypeApp","contents":[{"tag":"TypeConstructor","contents":[["Control","Monad","Aff","Internal"],"AVBox"]},{"tag":"TypeVar","contents":"a"}]}]},null]},null]}}},{"EDValue":{"edValueName":{"Ident":"_tryPeekVar"},"edValueType":{"tag":"ForAll","contents":["a",{"tag":"ForAll","contents":["c",{"tag":"TypeApp","contents":[{"tag":"TypeApp","contents":[{"tag":"TypeApp","contents":[{"tag":"TypeApp","contents":[{"tag":"TypeApp","contents":[{"tag":"TypeConstructor","contents":[["Data","Function","Uncurried"],"Fn4"]},{"tag":"ForAll","contents":["x",{"tag":"TypeApp","contents":[{"tag":"TypeConstructor","contents":[["Data","Maybe"],"Maybe"]},{"tag":"TypeVar","contents":"x"}]},null]}]},{"tag":"ForAll","contents":["x",{"tag":"TypeApp","contents":[{"tag":"TypeApp","contents":[{"tag":"TypeConstructor","contents":[["Prim"],"Function"]},{"tag":"TypeVar","contents":"x"}]},{"tag":"TypeApp","contents":[{"tag":"TypeConstructor","contents":[["Data","Maybe"],"Maybe"]},{"tag":"TypeVar","contents":"x"}]}]},null]}]},{"tag":"TypeVar","contents":"c"}]},{"tag":"TypeApp","contents":[{"tag":"TypeConstructor","contents":[["Control","Monad","Aff","Internal"],"AVar"]},{"tag":"TypeVar","contents":"a"}]}]},{"tag":"TypeApp","contents":[{"tag":"TypeConstructor","contents":[["Control","Monad","Aff","Internal"],"AVBox"]},{"tag":"TypeApp","contents":[{"tag":"TypeConstructor","contents":[["Data","Maybe"],"Maybe"]},{"tag":"TypeVar","contents":"a"}]}]}]},null]},null]}}},{"EDValue":{"edValueName":{"Ident":"_putVar"},"edValueType":{"tag":"ForAll","contents":["a",{"tag":"ForAll","contents":["c",{"tag":"TypeApp","contents":[{"tag":"TypeApp","contents":[{"tag":"TypeApp","contents":[{"tag":"TypeApp","contents":[{"tag":"TypeConstructor","contents":[["Data","Function","Uncurried"],"Fn3"]},{"tag":"TypeVar","contents":"c"}]},{"tag":"TypeApp","contents":[{"tag":"TypeConstructor","contents":[["Control","Monad","Aff","Internal"],"AVar"]},{"tag":"TypeVar","contents":"a"}]}]},{"tag":"TypeVar","contents":"a"}]},{"tag":"TypeApp","contents":[{"tag":"TypeConstructor","contents":[["Control","Monad","Aff","Internal"],"AVBox"]},{"tag":"TypeConstructor","contents":[["Data","Unit"],"Unit"]}]}]},null]},null]}}},{"EDValue":{"edValueName":{"Ident":"_killVar"},"edValueType":{"tag":"ForAll","contents":["a",{"tag":"ForAll","contents":["c",{"tag":"TypeApp","contents":[{"tag":"TypeApp","contents":[{"tag":"TypeApp","contents":[{"tag":"TypeApp","contents":[{"tag":"TypeConstructor","contents":[["Data","Function","Uncurried"],"Fn3"]},{"tag":"TypeVar","contents":"c"}]},{"tag":"TypeApp","contents":[{"tag":"TypeConstructor","contents":[["Control","Monad","Aff","Internal"],"AVar"]},{"tag":"TypeVar","contents":"a"}]}]},{"tag":"TypeConstructor","contents":[["Control","Monad","Eff","Exception"],"Error"]}]},{"tag":"TypeApp","contents":[{"tag":"TypeConstructor","contents":[["Control","Monad","Aff","Internal"],"AVBox"]},{"tag":"TypeConstructor","contents":[["Data","Unit"],"Unit"]}]}]},null]},null]}}}],"efSourceSpan":{"start":[1,1],"name":"E:\\practice\\haskell\\cube-rotation\\bower_components\\purescript-aff\\src\\Control\\Monad\\Aff\\Internal.purs","end":[36,72]}}