{"efVersion":"0.11.7","efModuleName":["Control","Monad","Writer"],"efExports":[{"ReExportRef":[{"start":[1,1],"name":"E:\\practice\\haskell\\cube-rotation\\bower_components\\purescript-transformers\\src\\Control\\Monad\\Writer.purs","end":[40,52]},["Control","Monad","Writer","Trans"],{"TypeRef":[{"start":[1,1],"name":"E:\\practice\\haskell\\cube-rotation\\bower_components\\purescript-transformers\\src\\Control\\Monad\\Writer.purs","end":[40,52]},"WriterT",["WriterT"]]}]},{"ReExportRef":[{"start":[1,1],"name":"E:\\practice\\haskell\\cube-rotation\\bower_components\\purescript-transformers\\src\\Control\\Monad\\Writer.purs","end":[40,52]},["Control","Monad","Writer","Class"],{"TypeClassRef":[{"start":[1,1],"name":"E:\\practice\\haskell\\cube-rotation\\bower_components\\purescript-transformers\\src\\Control\\Monad\\Writer.purs","end":[40,52]},"MonadTell"]}]},{"ReExportRef":[{"start":[1,1],"name":"E:\\practice\\haskell\\cube-rotation\\bower_components\\purescript-transformers\\src\\Control\\Monad\\Writer.purs","end":[40,52]},["Control","Monad","Trans","Class"],{"TypeClassRef":[{"start":[1,1],"name":"E:\\practice\\haskell\\cube-rotation\\bower_components\\purescript-transformers\\src\\Control\\Monad\\Writer.purs","end":[40,52]},"MonadTrans"]}]},{"ReExportRef":[{"start":[1,1],"name":"E:\\practice\\haskell\\cube-rotation\\bower_components\\purescript-transformers\\src\\Control\\Monad\\Writer.purs","end":[40,52]},["Control","Monad","Writer","Class"],{"TypeClassRef":[{"start":[1,1],"name":"E:\\practice\\haskell\\cube-rotation\\bower_components\\purescript-transformers\\src\\Control\\Monad\\Writer.purs","end":[40,52]},"MonadWriter"]}]},{"ReExportRef":[{"start":[1,1],"name":"E:\\practice\\haskell\\cube-rotation\\bower_components\\purescript-transformers\\src\\Control\\Monad\\Writer.purs","end":[40,52]},["Control","Monad","Writer","Class"],{"ValueRef":[{"start":[1,1],"name":"E:\\practice\\haskell\\cube-rotation\\bower_components\\purescript-transformers\\src\\Control\\Monad\\Writer.purs","end":[40,52]},{"Ident":"censor"}]}]},{"ReExportRef":[{"start":[1,1],"name":"E:\\practice\\haskell\\cube-rotation\\bower_components\\purescript-transformers\\src\\Control\\Monad\\Writer.purs","end":[40,52]},["Control","Monad","Writer","Trans"],{"ValueRef":[{"start":[1,1],"name":"E:\\practice\\haskell\\cube-rotation\\bower_components\\purescript-transformers\\src\\Control\\Monad\\Writer.purs","end":[40,52]},{"Ident":"execWriterT"}]}]},{"ReExportRef":[{"start":[1,1],"name":"E:\\practice\\haskell\\cube-rotation\\bower_components\\purescript-transformers\\src\\Control\\Monad\\Writer.purs","end":[40,52]},["Control","Monad","Trans","Class"],{"ValueRef":[{"start":[1,1],"name":"E:\\practice\\haskell\\cube-rotation\\bower_components\\purescript-transformers\\src\\Control\\Monad\\Writer.purs","end":[40,52]},{"Ident":"lift"}]}]},{"ReExportRef":[{"start":[1,1],"name":"E:\\practice\\haskell\\cube-rotation\\bower_components\\purescript-transformers\\src\\Control\\Monad\\Writer.purs","end":[40,52]},["Control","Monad","Writer","Class"],{"ValueRef":[{"start":[1,1],"name":"E:\\practice\\haskell\\cube-rotation\\bower_components\\purescript-transformers\\src\\Control\\Monad\\Writer.purs","end":[40,52]},{"Ident":"listen"}]}]},{"ReExportRef":[{"start":[1,1],"name":"E:\\practice\\haskell\\cube-rotation\\bower_components\\purescript-transformers\\src\\Control\\Monad\\Writer.purs","end":[40,52]},["Control","Monad","Writer","Class"],{"ValueRef":[{"start":[1,1],"name":"E:\\practice\\haskell\\cube-rotation\\bower_components\\purescript-transformers\\src\\Control\\Monad\\Writer.purs","end":[40,52]},{"Ident":"listens"}]}]},{"ReExportRef":[{"start":[1,1],"name":"E:\\practice\\haskell\\cube-rotation\\bower_components\\purescript-transformers\\src\\Control\\Monad\\Writer.purs","end":[40,52]},["Control","Monad","Writer","Trans"],{"ValueRef":[{"start":[1,1],"name":"E:\\practice\\haskell\\cube-rotation\\bower_components\\purescript-transformers\\src\\Control\\Monad\\Writer.purs","end":[40,52]},{"Ident":"mapWriterT"}]}]},{"ReExportRef":[{"start":[1,1],"name":"E:\\practice\\haskell\\cube-rotation\\bower_components\\purescript-transformers\\src\\Control\\Monad\\Writer.purs","end":[40,52]},["Control","Monad","Writer","Class"],{"ValueRef":[{"start":[1,1],"name":"E:\\practice\\haskell\\cube-rotation\\bower_components\\purescript-transformers\\src\\Control\\Monad\\Writer.purs","end":[40,52]},{"Ident":"pass"}]}]},{"ReExportRef":[{"start":[1,1],"name":"E:\\practice\\haskell\\cube-rotation\\bower_components\\purescript-transformers\\src\\Control\\Monad\\Writer.purs","end":[40,52]},["Control","Monad","Writer","Trans"],{"ValueRef":[{"start":[1,1],"name":"E:\\practice\\haskell\\cube-rotation\\bower_components\\purescript-transformers\\src\\Control\\Monad\\Writer.purs","end":[40,52]},{"Ident":"runWriterT"}]}]},{"ReExportRef":[{"start":[1,1],"name":"E:\\practice\\haskell\\cube-rotation\\bower_components\\purescript-transformers\\src\\Control\\Monad\\Writer.purs","end":[40,52]},["Control","Monad","Writer","Class"],{"ValueRef":[{"start":[1,1],"name":"E:\\practice\\haskell\\cube-rotation\\bower_components\\purescript-transformers\\src\\Control\\Monad\\Writer.purs","end":[40,52]},{"Ident":"tell"}]}]},{"TypeRef":[{"start":[1,1],"name":"E:\\practice\\haskell\\cube-rotation\\bower_components\\purescript-transformers\\src\\Control\\Monad\\Writer.purs","end":[40,52]},"Writer",[]]},{"ValueRef":[{"start":[1,1],"name":"E:\\practice\\haskell\\cube-rotation\\bower_components\\purescript-transformers\\src\\Control\\Monad\\Writer.purs","end":[40,52]},{"Ident":"writer"}]},{"ValueRef":[{"start":[1,1],"name":"E:\\practice\\haskell\\cube-rotation\\bower_components\\purescript-transformers\\src\\Control\\Monad\\Writer.purs","end":[40,52]},{"Ident":"runWriter"}]},{"ValueRef":[{"start":[1,1],"name":"E:\\practice\\haskell\\cube-rotation\\bower_components\\purescript-transformers\\src\\Control\\Monad\\Writer.purs","end":[40,52]},{"Ident":"execWriter"}]},{"ValueRef":[{"start":[1,1],"name":"E:\\practice\\haskell\\cube-rotation\\bower_components\\purescript-transformers\\src\\Control\\Monad\\Writer.purs","end":[40,52]},{"Ident":"mapWriter"}]},{"ModuleRef":[{"start":[9,5],"name":"E:\\practice\\haskell\\cube-rotation\\bower_components\\purescript-transformers\\src\\Control\\Monad\\Writer.purs","end":[9,38]},["Control","Monad","Writer","Class"]]},{"ModuleRef":[{"start":[10,5],"name":"E:\\practice\\haskell\\cube-rotation\\bower_components\\purescript-transformers\\src\\Control\\Monad\\Writer.purs","end":[10,38]},["Control","Monad","Writer","Trans"]]}],"efImports":[{"eiModule":["Prim"],"eiImportType":{"Implicit":[]},"eiImportedAs":["Prim"]},{"eiModule":["Prim"],"eiImportType":{"Implicit":[]},"eiImportedAs":null},{"eiModule":["Prelude"],"eiImportType":{"Implicit":[]},"eiImportedAs":null},{"eiModule":["Control","Monad","Writer","Class"],"eiImportType":{"Explicit":[{"TypeClassRef":[{"start":[15,36],"name":"E:\\practice\\haskell\\cube-rotation\\bower_components\\purescript-transformers\\src\\Control\\Monad\\Writer.purs","end":[15,51]},"MonadTell"]},{"ValueRef":[{"start":[15,53],"name":"E:\\practice\\haskell\\cube-rotation\\bower_components\\purescript-transformers\\src\\Control\\Monad\\Writer.purs","end":[15,57]},{"Ident":"tell"}]},{"TypeClassRef":[{"start":[15,59],"name":"E:\\practice\\haskell\\cube-rotation\\bower_components\\purescript-transformers\\src\\Control\\Monad\\Writer.purs","end":[15,76]},"MonadWriter"]},{"ValueRef":[{"start":[15,78],"name":"E:\\practice\\haskell\\cube-rotation\\bower_components\\purescript-transformers\\src\\Control\\Monad\\Writer.purs","end":[15,84]},{"Ident":"censor"}]},{"ValueRef":[{"start":[15,86],"name":"E:\\practice\\haskell\\cube-rotation\\bower_components\\purescript-transformers\\src\\Control\\Monad\\Writer.purs","end":[15,92]},{"Ident":"listen"}]},{"ValueRef":[{"start":[15,94],"name":"E:\\practice\\haskell\\cube-rotation\\bower_components\\purescript-transformers\\src\\Control\\Monad\\Writer.purs","end":[15,101]},{"Ident":"listens"}]},{"ValueRef":[{"start":[15,103],"name":"E:\\practice\\haskell\\cube-rotation\\bower_components\\purescript-transformers\\src\\Control\\Monad\\Writer.purs","end":[15,107]},{"Ident":"pass"}]}]},"eiImportedAs":null},{"eiModule":["Control","Monad","Writer","Trans"],"eiImportType":{"Explicit":[{"TypeClassRef":[{"start":[16,36],"name":"E:\\practice\\haskell\\cube-rotation\\bower_components\\purescript-transformers\\src\\Control\\Monad\\Writer.purs","end":[16,52]},"MonadTrans"]},{"TypeRef":[{"start":[16,54],"name":"E:\\practice\\haskell\\cube-rotation\\bower_components\\purescript-transformers\\src\\Control\\Monad\\Writer.purs","end":[16,65]},"WriterT",null]},{"ValueRef":[{"start":[16,67],"name":"E:\\practice\\haskell\\cube-rotation\\bower_components\\purescript-transformers\\src\\Control\\Monad\\Writer.purs","end":[16,78]},{"Ident":"execWriterT"}]},{"ValueRef":[{"start":[16,80],"name":"E:\\practice\\haskell\\cube-rotation\\bower_components\\purescript-transformers\\src\\Control\\Monad\\Writer.purs","end":[16,84]},{"Ident":"lift"}]},{"ValueRef":[{"start":[16,86],"name":"E:\\practice\\haskell\\cube-rotation\\bower_components\\purescript-transformers\\src\\Control\\Monad\\Writer.purs","end":[16,96]},{"Ident":"mapWriterT"}]},{"ValueRef":[{"start":[16,98],"name":"E:\\practice\\haskell\\cube-rotation\\bower_components\\purescript-transformers\\src\\Control\\Monad\\Writer.purs","end":[16,108]},{"Ident":"runWriterT"}]}]},"eiImportedAs":null},{"eiModule":["Data","Identity"],"eiImportType":{"Explicit":[{"TypeRef":[{"start":[18,23],"name":"E:\\practice\\haskell\\cube-rotation\\bower_components\\purescript-transformers\\src\\Control\\Monad\\Writer.purs","end":[18,35]},"Identity",null]}]},"eiImportedAs":null},{"eiModule":["Data","Newtype"],"eiImportType":{"Explicit":[{"ValueRef":[{"start":[19,22],"name":"E:\\practice\\haskell\\cube-rotation\\bower_components\\purescript-transformers\\src\\Control\\Monad\\Writer.purs","end":[19,28]},{"Ident":"unwrap"}]}]},"eiImportedAs":null},{"eiModule":["Data","Tuple"],"eiImportType":{"Explicit":[{"TypeRef":[{"start":[20,20],"name":"E:\\practice\\haskell\\cube-rotation\\bower_components\\purescript-transformers\\src\\Control\\Monad\\Writer.purs","end":[20,25]},"Tuple",[]]},{"ValueRef":[{"start":[20,27],"name":"E:\\practice\\haskell\\cube-rotation\\bower_components\\purescript-transformers\\src\\Control\\Monad\\Writer.purs","end":[20,30]},{"Ident":"snd"}]}]},"eiImportedAs":null}],"efFixities":[],"efTypeFixities":[],"efDeclarations":[{"EDType":{"edTypeName":"Writer","edTypeKind":{"tag":"FunKind","contents":[{"tag":"NamedKind","contents":[["Prim"],"Type"]},{"tag":"FunKind","contents":[{"tag":"NamedKind","contents":[["Prim"],"Type"]},{"tag":"NamedKind","contents":[["Prim"],"Type"]}]}]},"edTypeDeclarationKind":"TypeSynonym"}},{"EDTypeSynonym":{"edTypeSynonymName":"Writer","edTypeSynonymArguments":[["w",{"tag":"NamedKind","contents":[["Prim"],"Type"]}]],"edTypeSynonymType":{"tag":"TypeApp","contents":[{"tag":"TypeApp","contents":[{"tag":"TypeConstructor","contents":[["Control","Monad","Writer","Trans"],"WriterT"]},{"tag":"TypeVar","contents":"w"}]},{"tag":"TypeConstructor","contents":[["Data","Identity"],"Identity"]}]}}},{"EDValue":{"edValueName":{"Ident":"writer"},"edValueType":{"tag":"ForAll","contents":["a",{"tag":"ForAll","contents":["w",{"tag":"TypeApp","contents":[{"tag":"TypeApp","contents":[{"tag":"TypeConstructor","contents":[["Prim"],"Function"]},{"tag":"TypeApp","contents":[{"tag":"TypeApp","contents":[{"tag":"TypeConstructor","contents":[["Data","Tuple"],"Tuple"]},{"tag":"TypeVar","contents":"a"}]},{"tag":"TypeVar","contents":"w"}]}]},{"tag":"TypeApp","contents":[{"tag":"TypeApp","contents":[{"tag":"TypeApp","contents":[{"tag":"TypeConstructor","contents":[["Control","Monad","Writer","Trans"],"WriterT"]},{"tag":"TypeVar","contents":"w"}]},{"tag":"TypeConstructor","contents":[["Data","Identity"],"Identity"]}]},{"tag":"TypeVar","contents":"a"}]}]},0]},1]}}},{"EDValue":{"edValueName":{"Ident":"runWriter"},"edValueType":{"tag":"ForAll","contents":["a",{"tag":"ForAll","contents":["w",{"tag":"TypeApp","contents":[{"tag":"TypeApp","contents":[{"tag":"TypeConstructor","contents":[["Prim"],"Function"]},{"tag":"TypeApp","contents":[{"tag":"TypeApp","contents":[{"tag":"TypeApp","contents":[{"tag":"TypeConstructor","contents":[["Control","Monad","Writer","Trans"],"WriterT"]},{"tag":"TypeVar","contents":"w"}]},{"tag":"TypeConstructor","contents":[["Data","Identity"],"Identity"]}]},{"tag":"TypeVar","contents":"a"}]}]},{"tag":"TypeApp","contents":[{"tag":"TypeApp","contents":[{"tag":"TypeConstructor","contents":[["Data","Tuple"],"Tuple"]},{"tag":"TypeVar","contents":"a"}]},{"tag":"TypeVar","contents":"w"}]}]},7]},8]}}},{"EDValue":{"edValueName":{"Ident":"execWriter"},"edValueType":{"tag":"ForAll","contents":["a",{"tag":"ForAll","contents":["w",{"tag":"TypeApp","contents":[{"tag":"TypeApp","contents":[{"tag":"TypeConstructor","contents":[["Prim"],"Function"]},{"tag":"TypeApp","contents":[{"tag":"TypeApp","contents":[{"tag":"TypeApp","contents":[{"tag":"TypeConstructor","contents":[["Control","Monad","Writer","Trans"],"WriterT"]},{"tag":"TypeVar","contents":"w"}]},{"tag":"TypeConstructor","contents":[["Data","Identity"],"Identity"]}]},{"tag":"TypeVar","contents":"a"}]}]},{"tag":"TypeVar","contents":"w"}]},20]},21]}}},{"EDValue":{"edValueName":{"Ident":"mapWriter"},"edValueType":{"tag":"ForAll","contents":["b",{"tag":"ForAll","contents":["a",{"tag":"ForAll","contents":["w2",{"tag":"ForAll","contents":["w1",{"tag":"TypeApp","contents":[{"tag":"TypeApp","contents":[{"tag":"TypeConstructor","contents":[["Prim"],"Function"]},{"tag":"TypeApp","contents":[{"tag":"TypeApp","contents":[{"tag":"TypeConstructor","contents":[["Prim"],"Function"]},{"tag":"TypeApp","contents":[{"tag":"TypeApp","contents":[{"tag":"TypeConstructor","contents":[["Data","Tuple"],"Tuple"]},{"tag":"TypeVar","contents":"a"}]},{"tag":"TypeVar","contents":"w1"}]}]},{"tag":"TypeApp","contents":[{"tag":"TypeApp","contents":[{"tag":"TypeConstructor","contents":[["Data","Tuple"],"Tuple"]},{"tag":"TypeVar","contents":"b"}]},{"tag":"TypeVar","contents":"w2"}]}]}]},{"tag":"TypeApp","contents":[{"tag":"TypeApp","contents":[{"tag":"TypeConstructor","contents":[["Prim"],"Function"]},{"tag":"TypeApp","contents":[{"tag":"TypeApp","contents":[{"tag":"TypeApp","contents":[{"tag":"TypeConstructor","contents":[["Control","Monad","Writer","Trans"],"WriterT"]},{"tag":"TypeVar","contents":"w1"}]},{"tag":"TypeConstructor","contents":[["Data","Identity"],"Identity"]}]},{"tag":"TypeVar","contents":"a"}]}]},{"tag":"TypeApp","contents":[{"tag":"TypeApp","contents":[{"tag":"TypeApp","contents":[{"tag":"TypeConstructor","contents":[["Control","Monad","Writer","Trans"],"WriterT"]},{"tag":"TypeVar","contents":"w2"}]},{"tag":"TypeConstructor","contents":[["Data","Identity"],"Identity"]}]},{"tag":"TypeVar","contents":"b"}]}]}]},11]},12]},13]},14]}}}],"efSourceSpan":{"start":[1,1],"name":"E:\\practice\\haskell\\cube-rotation\\bower_components\\purescript-transformers\\src\\Control\\Monad\\Writer.purs","end":[40,52]}}