{"efVersion":"0.11.7","efModuleName":["Control","Comonad","Store"],"efExports":[{"ReExportRef":[{"start":[1,1],"name":"E:\\practice\\haskell\\cube-rotation\\bower_components\\purescript-transformers\\src\\Control\\Comonad\\Store.purs","end":[30,41]},["Control","Comonad","Store","Trans"],{"TypeRef":[{"start":[1,1],"name":"E:\\practice\\haskell\\cube-rotation\\bower_components\\purescript-transformers\\src\\Control\\Comonad\\Store.purs","end":[30,41]},"StoreT",["StoreT"]]}]},{"ReExportRef":[{"start":[1,1],"name":"E:\\practice\\haskell\\cube-rotation\\bower_components\\purescript-transformers\\src\\Control\\Comonad\\Store.purs","end":[30,41]},["Control","Comonad","Store","Class"],{"TypeClassRef":[{"start":[1,1],"name":"E:\\practice\\haskell\\cube-rotation\\bower_components\\purescript-transformers\\src\\Control\\Comonad\\Store.purs","end":[30,41]},"ComonadStore"]}]},{"ReExportRef":[{"start":[1,1],"name":"E:\\practice\\haskell\\cube-rotation\\bower_components\\purescript-transformers\\src\\Control\\Comonad\\Store.purs","end":[30,41]},["Control","Comonad","Store","Class"],{"ValueRef":[{"start":[1,1],"name":"E:\\practice\\haskell\\cube-rotation\\bower_components\\purescript-transformers\\src\\Control\\Comonad\\Store.purs","end":[30,41]},{"Ident":"experiment"}]}]},{"ReExportRef":[{"start":[1,1],"name":"E:\\practice\\haskell\\cube-rotation\\bower_components\\purescript-transformers\\src\\Control\\Comonad\\Store.purs","end":[30,41]},["Control","Comonad","Store","Class"],{"ValueRef":[{"start":[1,1],"name":"E:\\practice\\haskell\\cube-rotation\\bower_components\\purescript-transformers\\src\\Control\\Comonad\\Store.purs","end":[30,41]},{"Ident":"peek"}]}]},{"ReExportRef":[{"start":[1,1],"name":"E:\\practice\\haskell\\cube-rotation\\bower_components\\purescript-transformers\\src\\Control\\Comonad\\Store.purs","end":[30,41]},["Control","Comonad","Store","Class"],{"ValueRef":[{"start":[1,1],"name":"E:\\practice\\haskell\\cube-rotation\\bower_components\\purescript-transformers\\src\\Control\\Comonad\\Store.purs","end":[30,41]},{"Ident":"peeks"}]}]},{"ReExportRef":[{"start":[1,1],"name":"E:\\practice\\haskell\\cube-rotation\\bower_components\\purescript-transformers\\src\\Control\\Comonad\\Store.purs","end":[30,41]},["Control","Comonad","Store","Class"],{"ValueRef":[{"start":[1,1],"name":"E:\\practice\\haskell\\cube-rotation\\bower_components\\purescript-transformers\\src\\Control\\Comonad\\Store.purs","end":[30,41]},{"Ident":"pos"}]}]},{"ReExportRef":[{"start":[1,1],"name":"E:\\practice\\haskell\\cube-rotation\\bower_components\\purescript-transformers\\src\\Control\\Comonad\\Store.purs","end":[30,41]},["Control","Comonad","Store","Trans"],{"ValueRef":[{"start":[1,1],"name":"E:\\practice\\haskell\\cube-rotation\\bower_components\\purescript-transformers\\src\\Control\\Comonad\\Store.purs","end":[30,41]},{"Ident":"runStoreT"}]}]},{"ReExportRef":[{"start":[1,1],"name":"E:\\practice\\haskell\\cube-rotation\\bower_components\\purescript-transformers\\src\\Control\\Comonad\\Store.purs","end":[30,41]},["Control","Comonad","Store","Class"],{"ValueRef":[{"start":[1,1],"name":"E:\\practice\\haskell\\cube-rotation\\bower_components\\purescript-transformers\\src\\Control\\Comonad\\Store.purs","end":[30,41]},{"Ident":"seek"}]}]},{"ReExportRef":[{"start":[1,1],"name":"E:\\practice\\haskell\\cube-rotation\\bower_components\\purescript-transformers\\src\\Control\\Comonad\\Store.purs","end":[30,41]},["Control","Comonad","Store","Class"],{"ValueRef":[{"start":[1,1],"name":"E:\\practice\\haskell\\cube-rotation\\bower_components\\purescript-transformers\\src\\Control\\Comonad\\Store.purs","end":[30,41]},{"Ident":"seeks"}]}]},{"TypeRef":[{"start":[1,1],"name":"E:\\practice\\haskell\\cube-rotation\\bower_components\\purescript-transformers\\src\\Control\\Comonad\\Store.purs","end":[30,41]},"Store",[]]},{"ValueRef":[{"start":[1,1],"name":"E:\\practice\\haskell\\cube-rotation\\bower_components\\purescript-transformers\\src\\Control\\Comonad\\Store.purs","end":[30,41]},{"Ident":"runStore"}]},{"ValueRef":[{"start":[1,1],"name":"E:\\practice\\haskell\\cube-rotation\\bower_components\\purescript-transformers\\src\\Control\\Comonad\\Store.purs","end":[30,41]},{"Ident":"store"}]},{"ModuleRef":[{"start":[7,5],"name":"E:\\practice\\haskell\\cube-rotation\\bower_components\\purescript-transformers\\src\\Control\\Comonad\\Store.purs","end":[7,39]},["Control","Comonad","Store","Class"]]},{"ModuleRef":[{"start":[8,5],"name":"E:\\practice\\haskell\\cube-rotation\\bower_components\\purescript-transformers\\src\\Control\\Comonad\\Store.purs","end":[8,39]},["Control","Comonad","Store","Trans"]]}],"efImports":[{"eiModule":["Prim"],"eiImportType":{"Implicit":[]},"eiImportedAs":["Prim"]},{"eiModule":["Prim"],"eiImportType":{"Implicit":[]},"eiImportedAs":null},{"eiModule":["Prelude"],"eiImportType":{"Implicit":[]},"eiImportedAs":null},{"eiModule":["Control","Comonad","Store","Class"],"eiImportType":{"Explicit":[{"TypeClassRef":[{"start":[13,37],"name":"E:\\practice\\haskell\\cube-rotation\\bower_components\\purescript-transformers\\src\\Control\\Comonad\\Store.purs","end":[13,55]},"ComonadStore"]},{"ValueRef":[{"start":[13,57],"name":"E:\\practice\\haskell\\cube-rotation\\bower_components\\purescript-transformers\\src\\Control\\Comonad\\Store.purs","end":[13,67]},{"Ident":"experiment"}]},{"ValueRef":[{"start":[13,69],"name":"E:\\practice\\haskell\\cube-rotation\\bower_components\\purescript-transformers\\src\\Control\\Comonad\\Store.purs","end":[13,73]},{"Ident":"peek"}]},{"ValueRef":[{"start":[13,75],"name":"E:\\practice\\haskell\\cube-rotation\\bower_components\\purescript-transformers\\src\\Control\\Comonad\\Store.purs","end":[13,80]},{"Ident":"peeks"}]},{"ValueRef":[{"start":[13,82],"name":"E:\\practice\\haskell\\cube-rotation\\bower_components\\purescript-transformers\\src\\Control\\Comonad\\Store.purs","end":[13,85]},{"Ident":"pos"}]},{"ValueRef":[{"start":[13,87],"name":"E:\\practice\\haskell\\cube-rotation\\bower_components\\purescript-transformers\\src\\Control\\Comonad\\Store.purs","end":[13,91]},{"Ident":"seek"}]},{"ValueRef":[{"start":[13,93],"name":"E:\\practice\\haskell\\cube-rotation\\bower_components\\purescript-transformers\\src\\Control\\Comonad\\Store.purs","end":[13,98]},{"Ident":"seeks"}]}]},"eiImportedAs":null},{"eiModule":["Control","Comonad","Store","Trans"],"eiImportType":{"Explicit":[{"TypeRef":[{"start":[14,37],"name":"E:\\practice\\haskell\\cube-rotation\\bower_components\\purescript-transformers\\src\\Control\\Comonad\\Store.purs","end":[14,47]},"StoreT",null]},{"ValueRef":[{"start":[14,49],"name":"E:\\practice\\haskell\\cube-rotation\\bower_components\\purescript-transformers\\src\\Control\\Comonad\\Store.purs","end":[14,58]},{"Ident":"runStoreT"}]}]},"eiImportedAs":null},{"eiModule":["Data","Identity"],"eiImportType":{"Explicit":[{"TypeRef":[{"start":[16,23],"name":"E:\\practice\\haskell\\cube-rotation\\bower_components\\purescript-transformers\\src\\Control\\Comonad\\Store.purs","end":[16,35]},"Identity",null]}]},"eiImportedAs":null},{"eiModule":["Data","Newtype"],"eiImportType":{"Explicit":[{"ValueRef":[{"start":[17,22],"name":"E:\\practice\\haskell\\cube-rotation\\bower_components\\purescript-transformers\\src\\Control\\Comonad\\Store.purs","end":[17,28]},{"Ident":"unwrap"}]}]},"eiImportedAs":null},{"eiModule":["Data","Tuple"],"eiImportType":{"Explicit":[{"TypeRef":[{"start":[18,20],"name":"E:\\practice\\haskell\\cube-rotation\\bower_components\\purescript-transformers\\src\\Control\\Comonad\\Store.purs","end":[18,29]},"Tuple",null]},{"ValueRef":[{"start":[18,31],"name":"E:\\practice\\haskell\\cube-rotation\\bower_components\\purescript-transformers\\src\\Control\\Comonad\\Store.purs","end":[18,35]},{"Ident":"swap"}]}]},"eiImportedAs":null}],"efFixities":[],"efTypeFixities":[],"efDeclarations":[{"EDType":{"edTypeName":"Store","edTypeKind":{"tag":"FunKind","contents":[{"tag":"NamedKind","contents":[["Prim"],"Type"]},{"tag":"FunKind","contents":[{"tag":"NamedKind","contents":[["Prim"],"Type"]},{"tag":"NamedKind","contents":[["Prim"],"Type"]}]}]},"edTypeDeclarationKind":"TypeSynonym"}},{"EDTypeSynonym":{"edTypeSynonymName":"Store","edTypeSynonymArguments":[["s",{"tag":"NamedKind","contents":[["Prim"],"Type"]}]],"edTypeSynonymType":{"tag":"TypeApp","contents":[{"tag":"TypeApp","contents":[{"tag":"TypeConstructor","contents":[["Control","Comonad","Store","Trans"],"StoreT"]},{"tag":"TypeVar","contents":"s"}]},{"tag":"TypeConstructor","contents":[["Data","Identity"],"Identity"]}]}}},{"EDValue":{"edValueName":{"Ident":"runStore"},"edValueType":{"tag":"ForAll","contents":["a",{"tag":"ForAll","contents":["s",{"tag":"TypeApp","contents":[{"tag":"TypeApp","contents":[{"tag":"TypeConstructor","contents":[["Prim"],"Function"]},{"tag":"TypeApp","contents":[{"tag":"TypeApp","contents":[{"tag":"TypeApp","contents":[{"tag":"TypeConstructor","contents":[["Control","Comonad","Store","Trans"],"StoreT"]},{"tag":"TypeVar","contents":"s"}]},{"tag":"TypeConstructor","contents":[["Data","Identity"],"Identity"]}]},{"tag":"TypeVar","contents":"a"}]}]},{"tag":"TypeApp","contents":[{"tag":"TypeApp","contents":[{"tag":"TypeConstructor","contents":[["Data","Tuple"],"Tuple"]},{"tag":"TypeApp","contents":[{"tag":"TypeApp","contents":[{"tag":"TypeConstructor","contents":[["Prim"],"Function"]},{"tag":"TypeVar","contents":"s"}]},{"tag":"TypeVar","contents":"a"}]}]},{"tag":"TypeVar","contents":"s"}]}]},7]},8]}}},{"EDValue":{"edValueName":{"Ident":"store"},"edValueType":{"tag":"ForAll","contents":["a",{"tag":"ForAll","contents":["s",{"tag":"TypeApp","contents":[{"tag":"TypeApp","contents":[{"tag":"TypeConstructor","contents":[["Prim"],"Function"]},{"tag":"TypeApp","contents":[{"tag":"TypeApp","contents":[{"tag":"TypeConstructor","contents":[["Prim"],"Function"]},{"tag":"TypeVar","contents":"s"}]},{"tag":"TypeVar","contents":"a"}]}]},{"tag":"TypeApp","contents":[{"tag":"TypeApp","contents":[{"tag":"TypeConstructor","contents":[["Prim"],"Function"]},{"tag":"TypeVar","contents":"s"}]},{"tag":"TypeApp","contents":[{"tag":"TypeApp","contents":[{"tag":"TypeApp","contents":[{"tag":"TypeConstructor","contents":[["Control","Comonad","Store","Trans"],"StoreT"]},{"tag":"TypeVar","contents":"s"}]},{"tag":"TypeConstructor","contents":[["Data","Identity"],"Identity"]}]},{"tag":"TypeVar","contents":"a"}]}]}]},0]},1]}}}],"efSourceSpan":{"start":[1,1],"name":"E:\\practice\\haskell\\cube-rotation\\bower_components\\purescript-transformers\\src\\Control\\Comonad\\Store.purs","end":[30,41]}}