{"efVersion":"0.11.7","efModuleName":["Cube"],"efExports":[{"TypeRef":[{"start":[1,1],"name":"E:\\practice\\haskell\\cube-rotation\\src\\Cube.purs","end":[442,7]},"Distance",[]]},{"TypeRef":[{"start":[1,1],"name":"E:\\practice\\haskell\\cube-rotation\\src\\Cube.purs","end":[442,7]},"Angle",[]]},{"TypeRef":[{"start":[1,1],"name":"E:\\practice\\haskell\\cube-rotation\\src\\Cube.purs","end":[442,7]},"Point2D",[]]},{"TypeRef":[{"start":[1,1],"name":"E:\\practice\\haskell\\cube-rotation\\src\\Cube.purs","end":[442,7]},"Point3D",[]]},{"TypeRef":[{"start":[1,1],"name":"E:\\practice\\haskell\\cube-rotation\\src\\Cube.purs","end":[442,7]},"Edge",[]]},{"TypeRef":[{"start":[1,1],"name":"E:\\practice\\haskell\\cube-rotation\\src\\Cube.purs","end":[442,7]},"Shape",[]]},{"TypeRef":[{"start":[1,1],"name":"E:\\practice\\haskell\\cube-rotation\\src\\Cube.purs","end":[442,7]},"Angle3D",[]]},{"TypeRef":[{"start":[1,1],"name":"E:\\practice\\haskell\\cube-rotation\\src\\Cube.purs","end":[442,7]},"AngVelocity3D",[]]},{"TypeRef":[{"start":[1,1],"name":"E:\\practice\\haskell\\cube-rotation\\src\\Cube.purs","end":[442,7]},"RotatingShape",[]]},{"TypeRef":[{"start":[1,1],"name":"E:\\practice\\haskell\\cube-rotation\\src\\Cube.purs","end":[442,7]},"Axis",["X","Y","Z"]]},{"TypeRef":[{"start":[1,1],"name":"E:\\practice\\haskell\\cube-rotation\\src\\Cube.purs","end":[442,7]},"State",[]]},{"ValueRef":[{"start":[1,1],"name":"E:\\practice\\haskell\\cube-rotation\\src\\Cube.purs","end":[442,7]},{"Ident":"viewBoxSize"}]},{"ValueRef":[{"start":[1,1],"name":"E:\\practice\\haskell\\cube-rotation\\src\\Cube.purs","end":[442,7]},{"Ident":"viewCenter"}]},{"ValueRef":[{"start":[1,1],"name":"E:\\practice\\haskell\\cube-rotation\\src\\Cube.purs","end":[442,7]},{"Ident":"frameRate"}]},{"ValueRef":[{"start":[1,1],"name":"E:\\practice\\haskell\\cube-rotation\\src\\Cube.purs","end":[442,7]},{"Ident":"oneDegInRad"}]},{"ValueRef":[{"start":[1,1],"name":"E:\\practice\\haskell\\cube-rotation\\src\\Cube.purs","end":[442,7]},{"Ident":"tenDegInRad"}]},{"ValueRef":[{"start":[1,1],"name":"E:\\practice\\haskell\\cube-rotation\\src\\Cube.purs","end":[442,7]},{"Ident":"accelerateBy"}]},{"ValueRef":[{"start":[1,1],"name":"E:\\practice\\haskell\\cube-rotation\\src\\Cube.purs","end":[442,7]},{"Ident":"dampenPercent"}]},{"ValueRef":[{"start":[1,1],"name":"E:\\practice\\haskell\\cube-rotation\\src\\Cube.purs","end":[442,7]},{"Ident":"initCube"}]},{"ValueRef":[{"start":[1,1],"name":"E:\\practice\\haskell\\cube-rotation\\src\\Cube.purs","end":[442,7]},{"Ident":"initCubes"}]},{"TypeRef":[{"start":[1,1],"name":"E:\\practice\\haskell\\cube-rotation\\src\\Cube.purs","end":[442,7]},"Query",["Tick","IncAngVelocity","AddCube","RemoveCube","Reverse","IncVelocitySpeed","DecVelocitySpeed"]]},{"ValueRef":[{"start":[1,1],"name":"E:\\practice\\haskell\\cube-rotation\\src\\Cube.purs","end":[442,7]},{"Ident":"cubes"}]},{"ValueRef":[{"start":[1,1],"name":"E:\\practice\\haskell\\cube-rotation\\src\\Cube.purs","end":[442,7]},{"Ident":"appendCube"}]},{"ValueRef":[{"start":[1,1],"name":"E:\\practice\\haskell\\cube-rotation\\src\\Cube.purs","end":[442,7]},{"Ident":"removeOneCube"}]},{"ValueRef":[{"start":[1,1],"name":"E:\\practice\\haskell\\cube-rotation\\src\\Cube.purs","end":[442,7]},{"Ident":"changeVelocity"}]},{"ValueRef":[{"start":[1,1],"name":"E:\\practice\\haskell\\cube-rotation\\src\\Cube.purs","end":[442,7]},{"Ident":"mainChangeVel"}]},{"ValueRef":[{"start":[1,1],"name":"E:\\practice\\haskell\\cube-rotation\\src\\Cube.purs","end":[442,7]},{"Ident":"updateCubesForTick"}]},{"ValueRef":[{"start":[1,1],"name":"E:\\practice\\haskell\\cube-rotation\\src\\Cube.purs","end":[442,7]},{"Ident":"getNewCube"}]},{"ValueRef":[{"start":[1,1],"name":"E:\\practice\\haskell\\cube-rotation\\src\\Cube.purs","end":[442,7]},{"Ident":"changeAng"}]},{"ValueRef":[{"start":[1,1],"name":"E:\\practice\\haskell\\cube-rotation\\src\\Cube.purs","end":[442,7]},{"Ident":"reverseDirection"}]},{"ValueRef":[{"start":[1,1],"name":"E:\\practice\\haskell\\cube-rotation\\src\\Cube.purs","end":[442,7]},{"Ident":"mainReverse"}]},{"ValueRef":[{"start":[1,1],"name":"E:\\practice\\haskell\\cube-rotation\\src\\Cube.purs","end":[442,7]},{"Ident":"rotateShape"}]},{"ValueRef":[{"start":[1,1],"name":"E:\\practice\\haskell\\cube-rotation\\src\\Cube.purs","end":[442,7]},{"Ident":"rotate"}]},{"ValueRef":[{"start":[1,1],"name":"E:\\practice\\haskell\\cube-rotation\\src\\Cube.purs","end":[442,7]},{"Ident":"anglePerFrame"}]},{"ValueRef":[{"start":[1,1],"name":"E:\\practice\\haskell\\cube-rotation\\src\\Cube.purs","end":[442,7]},{"Ident":"dampenAngVelocity"}]},{"ValueRef":[{"start":[1,1],"name":"E:\\practice\\haskell\\cube-rotation\\src\\Cube.purs","end":[442,7]},{"Ident":"renderView"}]}],"efImports":[{"eiModule":["Prim"],"eiImportType":{"Implicit":[]},"eiImportedAs":["Prim"]},{"eiModule":["Prim"],"eiImportType":{"Implicit":[]},"eiImportedAs":null},{"eiModule":["Prelude"],"eiImportType":{"Implicit":[]},"eiImportedAs":null},{"eiModule":["Control","Monad","Aff"],"eiImportType":{"Explicit":[{"TypeRef":[{"start":[5,27],"name":"E:\\practice\\haskell\\cube-rotation\\src\\Cube.purs","end":[5,30]},"Aff",[]]}]},"eiImportedAs":null},{"eiModule":["Control","Monad","Eff","Console"],"eiImportType":{"Explicit":[{"ValueRef":[{"start":[6,35],"name":"E:\\practice\\haskell\\cube-rotation\\src\\Cube.purs","end":[6,38]},{"Ident":"log"}]},{"TypeRef":[{"start":[6,40],"name":"E:\\practice\\haskell\\cube-rotation\\src\\Cube.purs","end":[6,47]},"CONSOLE",[]]}]},"eiImportedAs":null},{"eiModule":["DOM","Event","Types"],"eiImportType":{"Explicit":[{"TypeRef":[{"start":[7,25],"name":"E:\\practice\\haskell\\cube-rotation\\src\\Cube.purs","end":[7,38]},"KeyboardEvent",[]]}]},"eiImportedAs":null},{"eiModule":["DOM","File","FileList"],"eiImportType":{"Explicit":[{"ValueRef":[{"start":[8,27],"name":"E:\\practice\\haskell\\cube-rotation\\src\\Cube.purs","end":[8,31]},{"Ident":"item"}]}]},"eiImportedAs":null},{"eiModule":["DOM","HTML","HTMLAreaElement"],"eiImportType":{"Explicit":[{"ValueRef":[{"start":[9,34],"name":"E:\\practice\\haskell\\cube-rotation\\src\\Cube.purs","end":[9,39]},{"Ident":"shape"}]}]},"eiImportedAs":null},{"eiModule":["DOM","HTML","HTMLMediaElement"],"eiImportType":{"Explicit":[{"ValueRef":[{"start":[10,35],"name":"E:\\practice\\haskell\\cube-rotation\\src\\Cube.purs","end":[10,47]},{"Ident":"networkState"}]}]},"eiImportedAs":null},{"eiModule":["DOM","HTML","History"],"eiImportType":{"Explicit":[{"ValueRef":[{"start":[11,26],"name":"E:\\practice\\haskell\\cube-rotation\\src\\Cube.purs","end":[11,33]},{"Ident":"forward"}]}]},"eiImportedAs":null},{"eiModule":["Data","Array"],"eiImportType":{"Explicit":[{"ValueRef":[{"start":[12,20],"name":"E:\\practice\\haskell\\cube-rotation\\src\\Cube.purs","end":[12,24]},{"Ident":"snoc"}]},{"ValueRef":[{"start":[12,26],"name":"E:\\practice\\haskell\\cube-rotation\\src\\Cube.purs","end":[12,32]},{"Ident":"length"}]},{"ValueRef":[{"start":[12,34],"name":"E:\\practice\\haskell\\cube-rotation\\src\\Cube.purs","end":[12,41]},{"Ident":"dropEnd"}]},{"ValueRef":[{"start":[12,43],"name":"E:\\practice\\haskell\\cube-rotation\\src\\Cube.purs","end":[12,49]},{"Ident":"delete"}]},{"ValueRef":[{"start":[12,51],"name":"E:\\practice\\haskell\\cube-rotation\\src\\Cube.purs","end":[12,63]},{"Ident":"mapWithIndex"}]},{"ValueOpRef":[{"start":[12,65],"name":"E:\\practice\\haskell\\cube-rotation\\src\\Cube.purs","end":[12,69]},"!!"]},{"ValueRef":[{"start":[12,71],"name":"E:\\practice\\haskell\\cube-rotation\\src\\Cube.purs","end":[12,76]},{"Ident":"index"}]}]},"eiImportedAs":null},{"eiModule":["Data","Foldable"],"eiImportType":{"Explicit":[{"ValueRef":[{"start":[13,23],"name":"E:\\practice\\haskell\\cube-rotation\\src\\Cube.purs","end":[13,28]},{"Ident":"foldl"}]},{"ValueRef":[{"start":[13,30],"name":"E:\\practice\\haskell\\cube-rotation\\src\\Cube.purs","end":[13,34]},{"Ident":"for_"}]},{"ValueRef":[{"start":[13,36],"name":"E:\\practice\\haskell\\cube-rotation\\src\\Cube.purs","end":[13,42]},{"Ident":"indexl"}]},{"ValueRef":[{"start":[13,44],"name":"E:\\practice\\haskell\\cube-rotation\\src\\Cube.purs","end":[13,47]},{"Ident":"sum"}]}]},"eiImportedAs":null},{"eiModule":["Data","Maybe"],"eiImportType":{"Explicit":[{"TypeRef":[{"start":[14,20],"name":"E:\\practice\\haskell\\cube-rotation\\src\\Cube.purs","end":[14,29]},"Maybe",null]},{"ValueRef":[{"start":[14,31],"name":"E:\\practice\\haskell\\cube-rotation\\src\\Cube.purs","end":[14,40]},{"Ident":"fromMaybe"}]}]},"eiImportedAs":null},{"eiModule":["Data","Traversable"],"eiImportType":{"Explicit":[{"ValueRef":[{"start":[15,26],"name":"E:\\practice\\haskell\\cube-rotation\\src\\Cube.purs","end":[15,29]},{"Ident":"for"}]}]},"eiImportedAs":null},{"eiModule":["Data","Tuple"],"eiImportType":{"Explicit":[{"TypeRef":[{"start":[16,20],"name":"E:\\practice\\haskell\\cube-rotation\\src\\Cube.purs","end":[16,29]},"Tuple",null]}]},"eiImportedAs":null},{"eiModule":["Halogen"],"eiImportType":{"Implicit":[]},"eiImportedAs":["H"]},{"eiModule":["Halogen","HTML"],"eiImportType":{"Explicit":[{"ValueRef":[{"start":[18,22],"name":"E:\\practice\\haskell\\cube-rotation\\src\\Cube.purs","end":[18,23]},{"Ident":"a"}]},{"ValueRef":[{"start":[18,25],"name":"E:\\practice\\haskell\\cube-rotation\\src\\Cube.purs","end":[18,26]},{"Ident":"b"}]},{"ValueRef":[{"start":[18,28],"name":"E:\\practice\\haskell\\cube-rotation\\src\\Cube.purs","end":[18,32]},{"Ident":"samp"}]}]},"eiImportedAs":null},{"eiModule":["Halogen","HTML"],"eiImportType":{"Implicit":[]},"eiImportedAs":["HH"]},{"eiModule":["Halogen","HTML","Events"],"eiImportType":{"Implicit":[]},"eiImportedAs":["HE"]},{"eiModule":["Halogen","HTML","Properties"],"eiImportType":{"Implicit":[]},"eiImportedAs":["HP"]},{"eiModule":["Math"],"eiImportType":{"Explicit":[{"ValueRef":[{"start":[22,14],"name":"E:\\practice\\haskell\\cube-rotation\\src\\Cube.purs","end":[22,17]},{"Ident":"cos"}]},{"ValueRef":[{"start":[22,19],"name":"E:\\practice\\haskell\\cube-rotation\\src\\Cube.purs","end":[22,22]},{"Ident":"sin"}]}]},"eiImportedAs":null},{"eiModule":["Svg","Attributes"],"eiImportType":{"Explicit":[{"ValueRef":[{"start":[23,24],"name":"E:\\practice\\haskell\\cube-rotation\\src\\Cube.purs","end":[23,25]},{"Ident":"x"}]}]},"eiImportedAs":null},{"eiModule":["Svg","Attributes"],"eiImportType":{"Implicit":[]},"eiImportedAs":["SA"]},{"eiModule":["Svg","Elements"],"eiImportType":{"Implicit":[]},"eiImportedAs":["SE"]},{"eiModule":["Type","Data","Boolean"],"eiImportType":{"Explicit":[{"KindRef":[{"start":[26,27],"name":"E:\\practice\\haskell\\cube-rotation\\src\\Cube.purs","end":[26,39]},"Boolean"]}]},"eiImportedAs":null}],"efFixities":[],"efTypeFixities":[],"efDeclarations":[{"EDType":{"edTypeName":"Distance","edTypeKind":{"tag":"NamedKind","contents":[["Prim"],"Type"]},"edTypeDeclarationKind":"TypeSynonym"}},{"EDTypeSynonym":{"edTypeSynonymName":"Distance","edTypeSynonymArguments":[],"edTypeSynonymType":{"tag":"TypeConstructor","contents":[["Prim"],"Number"]}}},{"EDType":{"edTypeName":"Angle","edTypeKind":{"tag":"NamedKind","contents":[["Prim"],"Type"]},"edTypeDeclarationKind":"TypeSynonym"}},{"EDTypeSynonym":{"edTypeSynonymName":"Angle","edTypeSynonymArguments":[],"edTypeSynonymType":{"tag":"TypeConstructor","contents":[["Prim"],"Number"]}}},{"EDType":{"edTypeName":"Point2D","edTypeKind":{"tag":"NamedKind","contents":[["Prim"],"Type"]},"edTypeDeclarationKind":"TypeSynonym"}},{"EDTypeSynonym":{"edTypeSynonymName":"Point2D","edTypeSynonymArguments":[],"edTypeSynonymType":{"tag":"TypeApp","contents":[{"tag":"TypeConstructor","contents":[["Prim"],"Record"]},{"tag":"RCons","contents":["x",{"tag":"TypeConstructor","contents":[["Cube"],"Distance"]},{"tag":"RCons","contents":["y",{"tag":"TypeConstructor","contents":[["Cube"],"Distance"]},{"tag":"REmpty"}]}]}]}}},{"EDType":{"edTypeName":"Point3D","edTypeKind":{"tag":"NamedKind","contents":[["Prim"],"Type"]},"edTypeDeclarationKind":"TypeSynonym"}},{"EDTypeSynonym":{"edTypeSynonymName":"Point3D","edTypeSynonymArguments":[],"edTypeSynonymType":{"tag":"TypeApp","contents":[{"tag":"TypeConstructor","contents":[["Prim"],"Record"]},{"tag":"RCons","contents":["x",{"tag":"TypeConstructor","contents":[["Cube"],"Distance"]},{"tag":"RCons","contents":["y",{"tag":"TypeConstructor","contents":[["Cube"],"Distance"]},{"tag":"RCons","contents":["z",{"tag":"TypeConstructor","contents":[["Cube"],"Distance"]},{"tag":"REmpty"}]}]}]}]}}},{"EDType":{"edTypeName":"Edge","edTypeKind":{"tag":"NamedKind","contents":[["Prim"],"Type"]},"edTypeDeclarationKind":"TypeSynonym"}},{"EDTypeSynonym":{"edTypeSynonymName":"Edge","edTypeSynonymArguments":[],"edTypeSynonymType":{"tag":"TypeApp","contents":[{"tag":"TypeApp","contents":[{"tag":"TypeConstructor","contents":[["Data","Tuple"],"Tuple"]},{"tag":"TypeConstructor","contents":[["Prim"],"Int"]}]},{"tag":"TypeConstructor","contents":[["Prim"],"Int"]}]}}},{"EDType":{"edTypeName":"Shape","edTypeKind":{"tag":"NamedKind","contents":[["Prim"],"Type"]},"edTypeDeclarationKind":"TypeSynonym"}},{"EDTypeSynonym":{"edTypeSynonymName":"Shape","edTypeSynonymArguments":[],"edTypeSynonymType":{"tag":"TypeApp","contents":[{"tag":"TypeConstructor","contents":[["Prim"],"Record"]},{"tag":"RCons","contents":["vertices",{"tag":"TypeApp","contents":[{"tag":"TypeConstructor","contents":[["Prim"],"Array"]},{"tag":"TypeConstructor","contents":[["Cube"],"Point3D"]}]},{"tag":"RCons","contents":["edges",{"tag":"TypeApp","contents":[{"tag":"TypeConstructor","contents":[["Prim"],"Array"]},{"tag":"TypeConstructor","contents":[["Cube"],"Edge"]}]},{"tag":"REmpty"}]}]}]}}},{"EDType":{"edTypeName":"Angle3D","edTypeKind":{"tag":"NamedKind","contents":[["Prim"],"Type"]},"edTypeDeclarationKind":"TypeSynonym"}},{"EDTypeSynonym":{"edTypeSynonymName":"Angle3D","edTypeSynonymArguments":[],"edTypeSynonymType":{"tag":"TypeApp","contents":[{"tag":"TypeConstructor","contents":[["Prim"],"Record"]},{"tag":"RCons","contents":["xa",{"tag":"TypeConstructor","contents":[["Cube"],"Angle"]},{"tag":"RCons","contents":["ya",{"tag":"TypeConstructor","contents":[["Cube"],"Angle"]},{"tag":"RCons","contents":["za",{"tag":"TypeConstructor","contents":[["Cube"],"Angle"]},{"tag":"REmpty"}]}]}]}]}}},{"EDType":{"edTypeName":"AngVelocity3D","edTypeKind":{"tag":"NamedKind","contents":[["Prim"],"Type"]},"edTypeDeclarationKind":"TypeSynonym"}},{"EDTypeSynonym":{"edTypeSynonymName":"AngVelocity3D","edTypeSynonymArguments":[],"edTypeSynonymType":{"tag":"TypeConstructor","contents":[["Cube"],"Angle3D"]}}},{"EDType":{"edTypeName":"RotatingShape","edTypeKind":{"tag":"NamedKind","contents":[["Prim"],"Type"]},"edTypeDeclarationKind":"TypeSynonym"}},{"EDTypeSynonym":{"edTypeSynonymName":"RotatingShape","edTypeSynonymArguments":[],"edTypeSynonymType":{"tag":"TypeApp","contents":[{"tag":"TypeConstructor","contents":[["Prim"],"Record"]},{"tag":"RCons","contents":["shape",{"tag":"TypeConstructor","contents":[["Cube"],"Shape"]},{"tag":"RCons","contents":["angVel",{"tag":"TypeConstructor","contents":[["Cube"],"AngVelocity3D"]},{"tag":"RCons","contents":["forward",{"tag":"TypeConstructor","contents":[["Prim"],"Number"]},{"tag":"RCons","contents":["velSpeed",{"tag":"TypeConstructor","contents":[["Prim"],"Number"]},{"tag":"RCons","contents":["idx",{"tag":"TypeConstructor","contents":[["Prim"],"Int"]},{"tag":"REmpty"}]}]}]}]}]}]}}},{"EDType":{"edTypeName":"Axis","edTypeKind":{"tag":"NamedKind","contents":[["Prim"],"Type"]},"edTypeDeclarationKind":{"DataType":{"args":[],"ctors":[["X",[]],["Y",[]],["Z",[]]]}}}},{"EDDataConstructor":{"edDataCtorName":"X","edDataCtorOrigin":"data","edDataCtorTypeCtor":"Axis","edDataCtorType":{"tag":"TypeConstructor","contents":[["Cube"],"Axis"]},"edDataCtorFields":[]}},{"EDDataConstructor":{"edDataCtorName":"Y","edDataCtorOrigin":"data","edDataCtorTypeCtor":"Axis","edDataCtorType":{"tag":"TypeConstructor","contents":[["Cube"],"Axis"]},"edDataCtorFields":[]}},{"EDDataConstructor":{"edDataCtorName":"Z","edDataCtorOrigin":"data","edDataCtorTypeCtor":"Axis","edDataCtorType":{"tag":"TypeConstructor","contents":[["Cube"],"Axis"]},"edDataCtorFields":[]}},{"EDType":{"edTypeName":"State","edTypeKind":{"tag":"NamedKind","contents":[["Prim"],"Type"]},"edTypeDeclarationKind":"TypeSynonym"}},{"EDTypeSynonym":{"edTypeSynonymName":"State","edTypeSynonymArguments":[],"edTypeSynonymType":{"tag":"TypeApp","contents":[{"tag":"TypeConstructor","contents":[["Prim"],"Record"]},{"tag":"RCons","contents":["shapes",{"tag":"TypeApp","contents":[{"tag":"TypeConstructor","contents":[["Prim"],"Array"]},{"tag":"TypeConstructor","contents":[["Cube"],"RotatingShape"]}]},{"tag":"RCons","contents":["shapeCnt",{"tag":"TypeConstructor","contents":[["Prim"],"Int"]},{"tag":"REmpty"}]}]}]}}},{"EDValue":{"edValueName":{"Ident":"viewBoxSize"},"edValueType":{"tag":"TypeConstructor","contents":[["Prim"],"Number"]}}},{"EDValue":{"edValueName":{"Ident":"viewCenter"},"edValueType":{"tag":"TypeApp","contents":[{"tag":"TypeConstructor","contents":[["Prim"],"Record"]},{"tag":"RCons","contents":["x",{"tag":"TypeConstructor","contents":[["Prim"],"Number"]},{"tag":"RCons","contents":["y",{"tag":"TypeConstructor","contents":[["Prim"],"Number"]},{"tag":"REmpty"}]}]}]}}},{"EDValue":{"edValueName":{"Ident":"frameRate"},"edValueType":{"tag":"TypeConstructor","contents":[["Prim"],"Number"]}}},{"EDValue":{"edValueName":{"Ident":"oneDegInRad"},"edValueType":{"tag":"TypeConstructor","contents":[["Prim"],"Number"]}}},{"EDValue":{"edValueName":{"Ident":"tenDegInRad"},"edValueType":{"tag":"TypeConstructor","contents":[["Prim"],"Number"]}}},{"EDValue":{"edValueName":{"Ident":"accelerateBy"},"edValueType":{"tag":"TypeConstructor","contents":[["Prim"],"Number"]}}},{"EDValue":{"edValueName":{"Ident":"dampenPercent"},"edValueType":{"tag":"TypeConstructor","contents":[["Prim"],"Number"]}}},{"EDValue":{"edValueName":{"Ident":"initCube"},"edValueType":{"tag":"TypeApp","contents":[{"tag":"TypeConstructor","contents":[["Prim"],"Record"]},{"tag":"RCons","contents":["shape",{"tag":"TypeApp","contents":[{"tag":"TypeConstructor","contents":[["Prim"],"Record"]},{"tag":"RCons","contents":["vertices",{"tag":"TypeApp","contents":[{"tag":"TypeConstructor","contents":[["Prim"],"Array"]},{"tag":"TypeApp","contents":[{"tag":"TypeConstructor","contents":[["Prim"],"Record"]},{"tag":"RCons","contents":["x",{"tag":"TypeConstructor","contents":[["Prim"],"Number"]},{"tag":"RCons","contents":["y",{"tag":"TypeConstructor","contents":[["Prim"],"Number"]},{"tag":"RCons","contents":["z",{"tag":"TypeConstructor","contents":[["Prim"],"Number"]},{"tag":"REmpty"}]}]}]}]}]},{"tag":"RCons","contents":["edges",{"tag":"TypeApp","contents":[{"tag":"TypeConstructor","contents":[["Prim"],"Array"]},{"tag":"TypeApp","contents":[{"tag":"TypeApp","contents":[{"tag":"TypeConstructor","contents":[["Data","Tuple"],"Tuple"]},{"tag":"TypeConstructor","contents":[["Prim"],"Int"]}]},{"tag":"TypeConstructor","contents":[["Prim"],"Int"]}]}]},{"tag":"REmpty"}]}]}]},{"tag":"RCons","contents":["angVel",{"tag":"TypeApp","contents":[{"tag":"TypeConstructor","contents":[["Prim"],"Record"]},{"tag":"RCons","contents":["xa",{"tag":"TypeConstructor","contents":[["Prim"],"Number"]},{"tag":"RCons","contents":["ya",{"tag":"TypeConstructor","contents":[["Prim"],"Number"]},{"tag":"RCons","contents":["za",{"tag":"TypeConstructor","contents":[["Prim"],"Number"]},{"tag":"REmpty"}]}]}]}]},{"tag":"RCons","contents":["forward",{"tag":"TypeConstructor","contents":[["Prim"],"Number"]},{"tag":"RCons","contents":["velSpeed",{"tag":"TypeConstructor","contents":[["Prim"],"Number"]},{"tag":"RCons","contents":["idx",{"tag":"TypeConstructor","contents":[["Prim"],"Int"]},{"tag":"REmpty"}]}]}]}]}]}]}}},{"EDValue":{"edValueName":{"Ident":"initCubes"},"edValueType":{"tag":"TypeApp","contents":[{"tag":"TypeConstructor","contents":[["Prim"],"Record"]},{"tag":"RCons","contents":["shapes",{"tag":"TypeApp","contents":[{"tag":"TypeConstructor","contents":[["Prim"],"Array"]},{"tag":"TypeApp","contents":[{"tag":"TypeConstructor","contents":[["Prim"],"Record"]},{"tag":"RCons","contents":["shape",{"tag":"TypeApp","contents":[{"tag":"TypeConstructor","contents":[["Prim"],"Record"]},{"tag":"RCons","contents":["vertices",{"tag":"TypeApp","contents":[{"tag":"TypeConstructor","contents":[["Prim"],"Array"]},{"tag":"TypeApp","contents":[{"tag":"TypeConstructor","contents":[["Prim"],"Record"]},{"tag":"RCons","contents":["x",{"tag":"TypeConstructor","contents":[["Prim"],"Number"]},{"tag":"RCons","contents":["y",{"tag":"TypeConstructor","contents":[["Prim"],"Number"]},{"tag":"RCons","contents":["z",{"tag":"TypeConstructor","contents":[["Prim"],"Number"]},{"tag":"REmpty"}]}]}]}]}]},{"tag":"RCons","contents":["edges",{"tag":"TypeApp","contents":[{"tag":"TypeConstructor","contents":[["Prim"],"Array"]},{"tag":"TypeApp","contents":[{"tag":"TypeApp","contents":[{"tag":"TypeConstructor","contents":[["Data","Tuple"],"Tuple"]},{"tag":"TypeConstructor","contents":[["Prim"],"Int"]}]},{"tag":"TypeConstructor","contents":[["Prim"],"Int"]}]}]},{"tag":"REmpty"}]}]}]},{"tag":"RCons","contents":["angVel",{"tag":"TypeApp","contents":[{"tag":"TypeConstructor","contents":[["Prim"],"Record"]},{"tag":"RCons","contents":["xa",{"tag":"TypeConstructor","contents":[["Prim"],"Number"]},{"tag":"RCons","contents":["ya",{"tag":"TypeConstructor","contents":[["Prim"],"Number"]},{"tag":"RCons","contents":["za",{"tag":"TypeConstructor","contents":[["Prim"],"Number"]},{"tag":"REmpty"}]}]}]}]},{"tag":"RCons","contents":["forward",{"tag":"TypeConstructor","contents":[["Prim"],"Number"]},{"tag":"RCons","contents":["velSpeed",{"tag":"TypeConstructor","contents":[["Prim"],"Number"]},{"tag":"RCons","contents":["idx",{"tag":"TypeConstructor","contents":[["Prim"],"Int"]},{"tag":"REmpty"}]}]}]}]}]}]}]},{"tag":"RCons","contents":["shapeCnt",{"tag":"TypeConstructor","contents":[["Prim"],"Int"]},{"tag":"REmpty"}]}]}]}}},{"EDType":{"edTypeName":"Query","edTypeKind":{"tag":"FunKind","contents":[{"tag":"NamedKind","contents":[["Prim"],"Type"]},{"tag":"NamedKind","contents":[["Prim"],"Type"]}]},"edTypeDeclarationKind":{"DataType":{"args":[["a",{"tag":"NamedKind","contents":[["Prim"],"Type"]}]],"ctors":[["Tick",[{"tag":"TypeVar","contents":"a"}]],["IncAngVelocity",[{"tag":"TypeConstructor","contents":[["Cube"],"Axis"]},{"tag":"TypeVar","contents":"a"}]],["AddCube",[{"tag":"TypeVar","contents":"a"}]],["RemoveCube",[{"tag":"TypeVar","contents":"a"}]],["Reverse",[{"tag":"TypeConstructor","contents":[["Prim"],"Int"]},{"tag":"TypeVar","contents":"a"}]],["IncVelocitySpeed",[{"tag":"TypeConstructor","contents":[["Prim"],"Int"]},{"tag":"TypeVar","contents":"a"}]],["DecVelocitySpeed",[{"tag":"TypeConstructor","contents":[["Prim"],"Int"]},{"tag":"TypeVar","contents":"a"}]]]}}}},{"EDDataConstructor":{"edDataCtorName":"Tick","edDataCtorOrigin":"data","edDataCtorTypeCtor":"Query","edDataCtorType":{"tag":"ForAll","contents":["a",{"tag":"TypeApp","contents":[{"tag":"TypeApp","contents":[{"tag":"TypeConstructor","contents":[["Prim"],"Function"]},{"tag":"TypeVar","contents":"a"}]},{"tag":"TypeApp","contents":[{"tag":"TypeConstructor","contents":[["Cube"],"Query"]},{"tag":"TypeVar","contents":"a"}]}]},null]},"edDataCtorFields":[{"Ident":"value0"}]}},{"EDDataConstructor":{"edDataCtorName":"IncAngVelocity","edDataCtorOrigin":"data","edDataCtorTypeCtor":"Query","edDataCtorType":{"tag":"ForAll","contents":["a",{"tag":"TypeApp","contents":[{"tag":"TypeApp","contents":[{"tag":"TypeConstructor","contents":[["Prim"],"Function"]},{"tag":"TypeConstructor","contents":[["Cube"],"Axis"]}]},{"tag":"TypeApp","contents":[{"tag":"TypeApp","contents":[{"tag":"TypeConstructor","contents":[["Prim"],"Function"]},{"tag":"TypeVar","contents":"a"}]},{"tag":"TypeApp","contents":[{"tag":"TypeConstructor","contents":[["Cube"],"Query"]},{"tag":"TypeVar","contents":"a"}]}]}]},null]},"edDataCtorFields":[{"Ident":"value0"},{"Ident":"value1"}]}},{"EDDataConstructor":{"edDataCtorName":"AddCube","edDataCtorOrigin":"data","edDataCtorTypeCtor":"Query","edDataCtorType":{"tag":"ForAll","contents":["a",{"tag":"TypeApp","contents":[{"tag":"TypeApp","contents":[{"tag":"TypeConstructor","contents":[["Prim"],"Function"]},{"tag":"TypeVar","contents":"a"}]},{"tag":"TypeApp","contents":[{"tag":"TypeConstructor","contents":[["Cube"],"Query"]},{"tag":"TypeVar","contents":"a"}]}]},null]},"edDataCtorFields":[{"Ident":"value0"}]}},{"EDDataConstructor":{"edDataCtorName":"RemoveCube","edDataCtorOrigin":"data","edDataCtorTypeCtor":"Query","edDataCtorType":{"tag":"ForAll","contents":["a",{"tag":"TypeApp","contents":[{"tag":"TypeApp","contents":[{"tag":"TypeConstructor","contents":[["Prim"],"Function"]},{"tag":"TypeVar","contents":"a"}]},{"tag":"TypeApp","contents":[{"tag":"TypeConstructor","contents":[["Cube"],"Query"]},{"tag":"TypeVar","contents":"a"}]}]},null]},"edDataCtorFields":[{"Ident":"value0"}]}},{"EDDataConstructor":{"edDataCtorName":"Reverse","edDataCtorOrigin":"data","edDataCtorTypeCtor":"Query","edDataCtorType":{"tag":"ForAll","contents":["a",{"tag":"TypeApp","contents":[{"tag":"TypeApp","contents":[{"tag":"TypeConstructor","contents":[["Prim"],"Function"]},{"tag":"TypeConstructor","contents":[["Prim"],"Int"]}]},{"tag":"TypeApp","contents":[{"tag":"TypeApp","contents":[{"tag":"TypeConstructor","contents":[["Prim"],"Function"]},{"tag":"TypeVar","contents":"a"}]},{"tag":"TypeApp","contents":[{"tag":"TypeConstructor","contents":[["Cube"],"Query"]},{"tag":"TypeVar","contents":"a"}]}]}]},null]},"edDataCtorFields":[{"Ident":"value0"},{"Ident":"value1"}]}},{"EDDataConstructor":{"edDataCtorName":"IncVelocitySpeed","edDataCtorOrigin":"data","edDataCtorTypeCtor":"Query","edDataCtorType":{"tag":"ForAll","contents":["a",{"tag":"TypeApp","contents":[{"tag":"TypeApp","contents":[{"tag":"TypeConstructor","contents":[["Prim"],"Function"]},{"tag":"TypeConstructor","contents":[["Prim"],"Int"]}]},{"tag":"TypeApp","contents":[{"tag":"TypeApp","contents":[{"tag":"TypeConstructor","contents":[["Prim"],"Function"]},{"tag":"TypeVar","contents":"a"}]},{"tag":"TypeApp","contents":[{"tag":"TypeConstructor","contents":[["Cube"],"Query"]},{"tag":"TypeVar","contents":"a"}]}]}]},null]},"edDataCtorFields":[{"Ident":"value0"},{"Ident":"value1"}]}},{"EDDataConstructor":{"edDataCtorName":"DecVelocitySpeed","edDataCtorOrigin":"data","edDataCtorTypeCtor":"Query","edDataCtorType":{"tag":"ForAll","contents":["a",{"tag":"TypeApp","contents":[{"tag":"TypeApp","contents":[{"tag":"TypeConstructor","contents":[["Prim"],"Function"]},{"tag":"TypeConstructor","contents":[["Prim"],"Int"]}]},{"tag":"TypeApp","contents":[{"tag":"TypeApp","contents":[{"tag":"TypeConstructor","contents":[["Prim"],"Function"]},{"tag":"TypeVar","contents":"a"}]},{"tag":"TypeApp","contents":[{"tag":"TypeConstructor","contents":[["Cube"],"Query"]},{"tag":"TypeVar","contents":"a"}]}]}]},null]},"edDataCtorFields":[{"Ident":"value0"},{"Ident":"value1"}]}},{"EDValue":{"edValueName":{"Ident":"cubes"},"edValueType":{"tag":"ForAll","contents":["eff",{"tag":"TypeApp","contents":[{"tag":"TypeApp","contents":[{"tag":"TypeApp","contents":[{"tag":"TypeApp","contents":[{"tag":"TypeApp","contents":[{"tag":"TypeConstructor","contents":[["Halogen","Component"],"Component"]},{"tag":"TypeConstructor","contents":[["Halogen","HTML","Core"],"HTML"]}]},{"tag":"TypeConstructor","contents":[["Cube"],"Query"]}]},{"tag":"TypeConstructor","contents":[["Data","Unit"],"Unit"]}]},{"tag":"TypeConstructor","contents":[["Data","Unit"],"Unit"]}]},{"tag":"TypeApp","contents":[{"tag":"TypeConstructor","contents":[["Control","Monad","Aff"],"Aff"]},{"tag":"RCons","contents":["console",{"tag":"TypeConstructor","contents":[["Control","Monad","Eff","Console"],"CONSOLE"]},{"tag":"TypeVar","contents":"eff"}]}]}]},4]}}},{"EDValue":{"edValueName":{"Ident":"appendCube"},"edValueType":{"tag":"TypeApp","contents":[{"tag":"TypeApp","contents":[{"tag":"TypeConstructor","contents":[["Prim"],"Function"]},{"tag":"TypeApp","contents":[{"tag":"TypeConstructor","contents":[["Prim"],"Record"]},{"tag":"RCons","contents":["shapes",{"tag":"TypeApp","contents":[{"tag":"TypeConstructor","contents":[["Prim"],"Array"]},{"tag":"TypeApp","contents":[{"tag":"TypeConstructor","contents":[["Prim"],"Record"]},{"tag":"RCons","contents":["shape",{"tag":"TypeApp","contents":[{"tag":"TypeConstructor","contents":[["Prim"],"Record"]},{"tag":"RCons","contents":["vertices",{"tag":"TypeApp","contents":[{"tag":"TypeConstructor","contents":[["Prim"],"Array"]},{"tag":"TypeApp","contents":[{"tag":"TypeConstructor","contents":[["Prim"],"Record"]},{"tag":"RCons","contents":["x",{"tag":"TypeConstructor","contents":[["Prim"],"Number"]},{"tag":"RCons","contents":["y",{"tag":"TypeConstructor","contents":[["Prim"],"Number"]},{"tag":"RCons","contents":["z",{"tag":"TypeConstructor","contents":[["Prim"],"Number"]},{"tag":"REmpty"}]}]}]}]}]},{"tag":"RCons","contents":["edges",{"tag":"TypeApp","contents":[{"tag":"TypeConstructor","contents":[["Prim"],"Array"]},{"tag":"TypeApp","contents":[{"tag":"TypeApp","contents":[{"tag":"TypeConstructor","contents":[["Data","Tuple"],"Tuple"]},{"tag":"TypeConstructor","contents":[["Prim"],"Int"]}]},{"tag":"TypeConstructor","contents":[["Prim"],"Int"]}]}]},{"tag":"REmpty"}]}]}]},{"tag":"RCons","contents":["angVel",{"tag":"TypeApp","contents":[{"tag":"TypeConstructor","contents":[["Prim"],"Record"]},{"tag":"RCons","contents":["xa",{"tag":"TypeConstructor","contents":[["Prim"],"Number"]},{"tag":"RCons","contents":["ya",{"tag":"TypeConstructor","contents":[["Prim"],"Number"]},{"tag":"RCons","contents":["za",{"tag":"TypeConstructor","contents":[["Prim"],"Number"]},{"tag":"REmpty"}]}]}]}]},{"tag":"RCons","contents":["forward",{"tag":"TypeConstructor","contents":[["Prim"],"Number"]},{"tag":"RCons","contents":["velSpeed",{"tag":"TypeConstructor","contents":[["Prim"],"Number"]},{"tag":"RCons","contents":["idx",{"tag":"TypeConstructor","contents":[["Prim"],"Int"]},{"tag":"REmpty"}]}]}]}]}]}]}]},{"tag":"RCons","contents":["shapeCnt",{"tag":"TypeConstructor","contents":[["Prim"],"Int"]},{"tag":"REmpty"}]}]}]}]},{"tag":"TypeApp","contents":[{"tag":"TypeConstructor","contents":[["Prim"],"Record"]},{"tag":"RCons","contents":["shapes",{"tag":"TypeApp","contents":[{"tag":"TypeConstructor","contents":[["Prim"],"Array"]},{"tag":"TypeApp","contents":[{"tag":"TypeConstructor","contents":[["Prim"],"Record"]},{"tag":"RCons","contents":["shape",{"tag":"TypeApp","contents":[{"tag":"TypeConstructor","contents":[["Prim"],"Record"]},{"tag":"RCons","contents":["vertices",{"tag":"TypeApp","contents":[{"tag":"TypeConstructor","contents":[["Prim"],"Array"]},{"tag":"TypeApp","contents":[{"tag":"TypeConstructor","contents":[["Prim"],"Record"]},{"tag":"RCons","contents":["x",{"tag":"TypeConstructor","contents":[["Prim"],"Number"]},{"tag":"RCons","contents":["y",{"tag":"TypeConstructor","contents":[["Prim"],"Number"]},{"tag":"RCons","contents":["z",{"tag":"TypeConstructor","contents":[["Prim"],"Number"]},{"tag":"REmpty"}]}]}]}]}]},{"tag":"RCons","contents":["edges",{"tag":"TypeApp","contents":[{"tag":"TypeConstructor","contents":[["Prim"],"Array"]},{"tag":"TypeApp","contents":[{"tag":"TypeApp","contents":[{"tag":"TypeConstructor","contents":[["Data","Tuple"],"Tuple"]},{"tag":"TypeConstructor","contents":[["Prim"],"Int"]}]},{"tag":"TypeConstructor","contents":[["Prim"],"Int"]}]}]},{"tag":"REmpty"}]}]}]},{"tag":"RCons","contents":["angVel",{"tag":"TypeApp","contents":[{"tag":"TypeConstructor","contents":[["Prim"],"Record"]},{"tag":"RCons","contents":["xa",{"tag":"TypeConstructor","contents":[["Prim"],"Number"]},{"tag":"RCons","contents":["ya",{"tag":"TypeConstructor","contents":[["Prim"],"Number"]},{"tag":"RCons","contents":["za",{"tag":"TypeConstructor","contents":[["Prim"],"Number"]},{"tag":"REmpty"}]}]}]}]},{"tag":"RCons","contents":["forward",{"tag":"TypeConstructor","contents":[["Prim"],"Number"]},{"tag":"RCons","contents":["velSpeed",{"tag":"TypeConstructor","contents":[["Prim"],"Number"]},{"tag":"RCons","contents":["idx",{"tag":"TypeConstructor","contents":[["Prim"],"Int"]},{"tag":"REmpty"}]}]}]}]}]}]}]},{"tag":"RCons","contents":["shapeCnt",{"tag":"TypeConstructor","contents":[["Prim"],"Int"]},{"tag":"REmpty"}]}]}]}]}}},{"EDValue":{"edValueName":{"Ident":"removeOneCube"},"edValueType":{"tag":"TypeApp","contents":[{"tag":"TypeApp","contents":[{"tag":"TypeConstructor","contents":[["Prim"],"Function"]},{"tag":"TypeApp","contents":[{"tag":"TypeConstructor","contents":[["Prim"],"Record"]},{"tag":"RCons","contents":["shapes",{"tag":"TypeApp","contents":[{"tag":"TypeConstructor","contents":[["Prim"],"Array"]},{"tag":"TypeApp","contents":[{"tag":"TypeConstructor","contents":[["Prim"],"Record"]},{"tag":"RCons","contents":["shape",{"tag":"TypeApp","contents":[{"tag":"TypeConstructor","contents":[["Prim"],"Record"]},{"tag":"RCons","contents":["vertices",{"tag":"TypeApp","contents":[{"tag":"TypeConstructor","contents":[["Prim"],"Array"]},{"tag":"TypeApp","contents":[{"tag":"TypeConstructor","contents":[["Prim"],"Record"]},{"tag":"RCons","contents":["x",{"tag":"TypeConstructor","contents":[["Prim"],"Number"]},{"tag":"RCons","contents":["y",{"tag":"TypeConstructor","contents":[["Prim"],"Number"]},{"tag":"RCons","contents":["z",{"tag":"TypeConstructor","contents":[["Prim"],"Number"]},{"tag":"REmpty"}]}]}]}]}]},{"tag":"RCons","contents":["edges",{"tag":"TypeApp","contents":[{"tag":"TypeConstructor","contents":[["Prim"],"Array"]},{"tag":"TypeApp","contents":[{"tag":"TypeApp","contents":[{"tag":"TypeConstructor","contents":[["Data","Tuple"],"Tuple"]},{"tag":"TypeConstructor","contents":[["Prim"],"Int"]}]},{"tag":"TypeConstructor","contents":[["Prim"],"Int"]}]}]},{"tag":"REmpty"}]}]}]},{"tag":"RCons","contents":["angVel",{"tag":"TypeApp","contents":[{"tag":"TypeConstructor","contents":[["Prim"],"Record"]},{"tag":"RCons","contents":["xa",{"tag":"TypeConstructor","contents":[["Prim"],"Number"]},{"tag":"RCons","contents":["ya",{"tag":"TypeConstructor","contents":[["Prim"],"Number"]},{"tag":"RCons","contents":["za",{"tag":"TypeConstructor","contents":[["Prim"],"Number"]},{"tag":"REmpty"}]}]}]}]},{"tag":"RCons","contents":["forward",{"tag":"TypeConstructor","contents":[["Prim"],"Number"]},{"tag":"RCons","contents":["velSpeed",{"tag":"TypeConstructor","contents":[["Prim"],"Number"]},{"tag":"RCons","contents":["idx",{"tag":"TypeConstructor","contents":[["Prim"],"Int"]},{"tag":"REmpty"}]}]}]}]}]}]}]},{"tag":"RCons","contents":["shapeCnt",{"tag":"TypeConstructor","contents":[["Prim"],"Int"]},{"tag":"REmpty"}]}]}]}]},{"tag":"TypeApp","contents":[{"tag":"TypeConstructor","contents":[["Prim"],"Record"]},{"tag":"RCons","contents":["shapes",{"tag":"TypeApp","contents":[{"tag":"TypeConstructor","contents":[["Prim"],"Array"]},{"tag":"TypeApp","contents":[{"tag":"TypeConstructor","contents":[["Prim"],"Record"]},{"tag":"RCons","contents":["shape",{"tag":"TypeApp","contents":[{"tag":"TypeConstructor","contents":[["Prim"],"Record"]},{"tag":"RCons","contents":["vertices",{"tag":"TypeApp","contents":[{"tag":"TypeConstructor","contents":[["Prim"],"Array"]},{"tag":"TypeApp","contents":[{"tag":"TypeConstructor","contents":[["Prim"],"Record"]},{"tag":"RCons","contents":["x",{"tag":"TypeConstructor","contents":[["Prim"],"Number"]},{"tag":"RCons","contents":["y",{"tag":"TypeConstructor","contents":[["Prim"],"Number"]},{"tag":"RCons","contents":["z",{"tag":"TypeConstructor","contents":[["Prim"],"Number"]},{"tag":"REmpty"}]}]}]}]}]},{"tag":"RCons","contents":["edges",{"tag":"TypeApp","contents":[{"tag":"TypeConstructor","contents":[["Prim"],"Array"]},{"tag":"TypeApp","contents":[{"tag":"TypeApp","contents":[{"tag":"TypeConstructor","contents":[["Data","Tuple"],"Tuple"]},{"tag":"TypeConstructor","contents":[["Prim"],"Int"]}]},{"tag":"TypeConstructor","contents":[["Prim"],"Int"]}]}]},{"tag":"REmpty"}]}]}]},{"tag":"RCons","contents":["angVel",{"tag":"TypeApp","contents":[{"tag":"TypeConstructor","contents":[["Prim"],"Record"]},{"tag":"RCons","contents":["xa",{"tag":"TypeConstructor","contents":[["Prim"],"Number"]},{"tag":"RCons","contents":["ya",{"tag":"TypeConstructor","contents":[["Prim"],"Number"]},{"tag":"RCons","contents":["za",{"tag":"TypeConstructor","contents":[["Prim"],"Number"]},{"tag":"REmpty"}]}]}]}]},{"tag":"RCons","contents":["forward",{"tag":"TypeConstructor","contents":[["Prim"],"Number"]},{"tag":"RCons","contents":["velSpeed",{"tag":"TypeConstructor","contents":[["Prim"],"Number"]},{"tag":"RCons","contents":["idx",{"tag":"TypeConstructor","contents":[["Prim"],"Int"]},{"tag":"REmpty"}]}]}]}]}]}]}]},{"tag":"RCons","contents":["shapeCnt",{"tag":"TypeConstructor","contents":[["Prim"],"Int"]},{"tag":"REmpty"}]}]}]}]}}},{"EDValue":{"edValueName":{"Ident":"changeVelocity"},"edValueType":{"tag":"TypeApp","contents":[{"tag":"TypeApp","contents":[{"tag":"TypeConstructor","contents":[["Prim"],"Function"]},{"tag":"TypeApp","contents":[{"tag":"TypeConstructor","contents":[["Prim"],"Record"]},{"tag":"RCons","contents":["shapes",{"tag":"TypeApp","contents":[{"tag":"TypeConstructor","contents":[["Prim"],"Array"]},{"tag":"TypeApp","contents":[{"tag":"TypeConstructor","contents":[["Prim"],"Record"]},{"tag":"RCons","contents":["shape",{"tag":"TypeApp","contents":[{"tag":"TypeConstructor","contents":[["Prim"],"Record"]},{"tag":"RCons","contents":["vertices",{"tag":"TypeApp","contents":[{"tag":"TypeConstructor","contents":[["Prim"],"Array"]},{"tag":"TypeApp","contents":[{"tag":"TypeConstructor","contents":[["Prim"],"Record"]},{"tag":"RCons","contents":["x",{"tag":"TypeConstructor","contents":[["Prim"],"Number"]},{"tag":"RCons","contents":["y",{"tag":"TypeConstructor","contents":[["Prim"],"Number"]},{"tag":"RCons","contents":["z",{"tag":"TypeConstructor","contents":[["Prim"],"Number"]},{"tag":"REmpty"}]}]}]}]}]},{"tag":"RCons","contents":["edges",{"tag":"TypeApp","contents":[{"tag":"TypeConstructor","contents":[["Prim"],"Array"]},{"tag":"TypeApp","contents":[{"tag":"TypeApp","contents":[{"tag":"TypeConstructor","contents":[["Data","Tuple"],"Tuple"]},{"tag":"TypeConstructor","contents":[["Prim"],"Int"]}]},{"tag":"TypeConstructor","contents":[["Prim"],"Int"]}]}]},{"tag":"REmpty"}]}]}]},{"tag":"RCons","contents":["angVel",{"tag":"TypeApp","contents":[{"tag":"TypeConstructor","contents":[["Prim"],"Record"]},{"tag":"RCons","contents":["xa",{"tag":"TypeConstructor","contents":[["Prim"],"Number"]},{"tag":"RCons","contents":["ya",{"tag":"TypeConstructor","contents":[["Prim"],"Number"]},{"tag":"RCons","contents":["za",{"tag":"TypeConstructor","contents":[["Prim"],"Number"]},{"tag":"REmpty"}]}]}]}]},{"tag":"RCons","contents":["forward",{"tag":"TypeConstructor","contents":[["Prim"],"Number"]},{"tag":"RCons","contents":["velSpeed",{"tag":"TypeConstructor","contents":[["Prim"],"Number"]},{"tag":"RCons","contents":["idx",{"tag":"TypeConstructor","contents":[["Prim"],"Int"]},{"tag":"REmpty"}]}]}]}]}]}]}]},{"tag":"RCons","contents":["shapeCnt",{"tag":"TypeConstructor","contents":[["Prim"],"Int"]},{"tag":"REmpty"}]}]}]}]},{"tag":"TypeApp","contents":[{"tag":"TypeApp","contents":[{"tag":"TypeConstructor","contents":[["Prim"],"Function"]},{"tag":"TypeConstructor","contents":[["Prim"],"Int"]}]},{"tag":"TypeApp","contents":[{"tag":"TypeApp","contents":[{"tag":"TypeConstructor","contents":[["Prim"],"Function"]},{"tag":"TypeConstructor","contents":[["Prim"],"Boolean"]}]},{"tag":"TypeApp","contents":[{"tag":"TypeConstructor","contents":[["Prim"],"Record"]},{"tag":"RCons","contents":["shapes",{"tag":"TypeApp","contents":[{"tag":"TypeConstructor","contents":[["Prim"],"Array"]},{"tag":"TypeApp","contents":[{"tag":"TypeConstructor","contents":[["Prim"],"Record"]},{"tag":"RCons","contents":["shape",{"tag":"TypeApp","contents":[{"tag":"TypeConstructor","contents":[["Prim"],"Record"]},{"tag":"RCons","contents":["vertices",{"tag":"TypeApp","contents":[{"tag":"TypeConstructor","contents":[["Prim"],"Array"]},{"tag":"TypeApp","contents":[{"tag":"TypeConstructor","contents":[["Prim"],"Record"]},{"tag":"RCons","contents":["x",{"tag":"TypeConstructor","contents":[["Prim"],"Number"]},{"tag":"RCons","contents":["y",{"tag":"TypeConstructor","contents":[["Prim"],"Number"]},{"tag":"RCons","contents":["z",{"tag":"TypeConstructor","contents":[["Prim"],"Number"]},{"tag":"REmpty"}]}]}]}]}]},{"tag":"RCons","contents":["edges",{"tag":"TypeApp","contents":[{"tag":"TypeConstructor","contents":[["Prim"],"Array"]},{"tag":"TypeApp","contents":[{"tag":"TypeApp","contents":[{"tag":"TypeConstructor","contents":[["Data","Tuple"],"Tuple"]},{"tag":"TypeConstructor","contents":[["Prim"],"Int"]}]},{"tag":"TypeConstructor","contents":[["Prim"],"Int"]}]}]},{"tag":"REmpty"}]}]}]},{"tag":"RCons","contents":["angVel",{"tag":"TypeApp","contents":[{"tag":"TypeConstructor","contents":[["Prim"],"Record"]},{"tag":"RCons","contents":["xa",{"tag":"TypeConstructor","contents":[["Prim"],"Number"]},{"tag":"RCons","contents":["ya",{"tag":"TypeConstructor","contents":[["Prim"],"Number"]},{"tag":"RCons","contents":["za",{"tag":"TypeConstructor","contents":[["Prim"],"Number"]},{"tag":"REmpty"}]}]}]}]},{"tag":"RCons","contents":["forward",{"tag":"TypeConstructor","contents":[["Prim"],"Number"]},{"tag":"RCons","contents":["velSpeed",{"tag":"TypeConstructor","contents":[["Prim"],"Number"]},{"tag":"RCons","contents":["idx",{"tag":"TypeConstructor","contents":[["Prim"],"Int"]},{"tag":"REmpty"}]}]}]}]}]}]}]},{"tag":"RCons","contents":["shapeCnt",{"tag":"TypeConstructor","contents":[["Prim"],"Int"]},{"tag":"REmpty"}]}]}]}]}]}]}}},{"EDValue":{"edValueName":{"Ident":"mainChangeVel"},"edValueType":{"tag":"TypeApp","contents":[{"tag":"TypeApp","contents":[{"tag":"TypeConstructor","contents":[["Prim"],"Function"]},{"tag":"TypeConstructor","contents":[["Prim"],"Int"]}]},{"tag":"TypeApp","contents":[{"tag":"TypeApp","contents":[{"tag":"TypeConstructor","contents":[["Prim"],"Function"]},{"tag":"TypeConstructor","contents":[["Prim"],"Boolean"]}]},{"tag":"TypeApp","contents":[{"tag":"TypeApp","contents":[{"tag":"TypeConstructor","contents":[["Prim"],"Function"]},{"tag":"TypeApp","contents":[{"tag":"TypeConstructor","contents":[["Prim"],"Record"]},{"tag":"RCons","contents":["shape",{"tag":"TypeApp","contents":[{"tag":"TypeConstructor","contents":[["Prim"],"Record"]},{"tag":"RCons","contents":["vertices",{"tag":"TypeApp","contents":[{"tag":"TypeConstructor","contents":[["Prim"],"Array"]},{"tag":"TypeApp","contents":[{"tag":"TypeConstructor","contents":[["Prim"],"Record"]},{"tag":"RCons","contents":["x",{"tag":"TypeConstructor","contents":[["Prim"],"Number"]},{"tag":"RCons","contents":["y",{"tag":"TypeConstructor","contents":[["Prim"],"Number"]},{"tag":"RCons","contents":["z",{"tag":"TypeConstructor","contents":[["Prim"],"Number"]},{"tag":"REmpty"}]}]}]}]}]},{"tag":"RCons","contents":["edges",{"tag":"TypeApp","contents":[{"tag":"TypeConstructor","contents":[["Prim"],"Array"]},{"tag":"TypeApp","contents":[{"tag":"TypeApp","contents":[{"tag":"TypeConstructor","contents":[["Data","Tuple"],"Tuple"]},{"tag":"TypeConstructor","contents":[["Prim"],"Int"]}]},{"tag":"TypeConstructor","contents":[["Prim"],"Int"]}]}]},{"tag":"REmpty"}]}]}]},{"tag":"RCons","contents":["angVel",{"tag":"TypeApp","contents":[{"tag":"TypeConstructor","contents":[["Prim"],"Record"]},{"tag":"RCons","contents":["xa",{"tag":"TypeConstructor","contents":[["Prim"],"Number"]},{"tag":"RCons","contents":["ya",{"tag":"TypeConstructor","contents":[["Prim"],"Number"]},{"tag":"RCons","contents":["za",{"tag":"TypeConstructor","contents":[["Prim"],"Number"]},{"tag":"REmpty"}]}]}]}]},{"tag":"RCons","contents":["forward",{"tag":"TypeConstructor","contents":[["Prim"],"Number"]},{"tag":"RCons","contents":["velSpeed",{"tag":"TypeConstructor","contents":[["Prim"],"Number"]},{"tag":"RCons","contents":["idx",{"tag":"TypeConstructor","contents":[["Prim"],"Int"]},{"tag":"REmpty"}]}]}]}]}]}]}]},{"tag":"TypeApp","contents":[{"tag":"TypeConstructor","contents":[["Prim"],"Record"]},{"tag":"RCons","contents":["shape",{"tag":"TypeApp","contents":[{"tag":"TypeConstructor","contents":[["Prim"],"Record"]},{"tag":"RCons","contents":["vertices",{"tag":"TypeApp","contents":[{"tag":"TypeConstructor","contents":[["Prim"],"Array"]},{"tag":"TypeApp","contents":[{"tag":"TypeConstructor","contents":[["Prim"],"Record"]},{"tag":"RCons","contents":["x",{"tag":"TypeConstructor","contents":[["Prim"],"Number"]},{"tag":"RCons","contents":["y",{"tag":"TypeConstructor","contents":[["Prim"],"Number"]},{"tag":"RCons","contents":["z",{"tag":"TypeConstructor","contents":[["Prim"],"Number"]},{"tag":"REmpty"}]}]}]}]}]},{"tag":"RCons","contents":["edges",{"tag":"TypeApp","contents":[{"tag":"TypeConstructor","contents":[["Prim"],"Array"]},{"tag":"TypeApp","contents":[{"tag":"TypeApp","contents":[{"tag":"TypeConstructor","contents":[["Data","Tuple"],"Tuple"]},{"tag":"TypeConstructor","contents":[["Prim"],"Int"]}]},{"tag":"TypeConstructor","contents":[["Prim"],"Int"]}]}]},{"tag":"REmpty"}]}]}]},{"tag":"RCons","contents":["angVel",{"tag":"TypeApp","contents":[{"tag":"TypeConstructor","contents":[["Prim"],"Record"]},{"tag":"RCons","contents":["xa",{"tag":"TypeConstructor","contents":[["Prim"],"Number"]},{"tag":"RCons","contents":["ya",{"tag":"TypeConstructor","contents":[["Prim"],"Number"]},{"tag":"RCons","contents":["za",{"tag":"TypeConstructor","contents":[["Prim"],"Number"]},{"tag":"REmpty"}]}]}]}]},{"tag":"RCons","contents":["forward",{"tag":"TypeConstructor","contents":[["Prim"],"Number"]},{"tag":"RCons","contents":["velSpeed",{"tag":"TypeConstructor","contents":[["Prim"],"Number"]},{"tag":"RCons","contents":["idx",{"tag":"TypeConstructor","contents":[["Prim"],"Int"]},{"tag":"REmpty"}]}]}]}]}]}]}]}]}]}}},{"EDValue":{"edValueName":{"Ident":"updateCubesForTick"},"edValueType":{"tag":"TypeApp","contents":[{"tag":"TypeApp","contents":[{"tag":"TypeConstructor","contents":[["Prim"],"Function"]},{"tag":"TypeApp","contents":[{"tag":"TypeConstructor","contents":[["Prim"],"Record"]},{"tag":"RCons","contents":["shape",{"tag":"TypeApp","contents":[{"tag":"TypeConstructor","contents":[["Prim"],"Record"]},{"tag":"RCons","contents":["vertices",{"tag":"TypeApp","contents":[{"tag":"TypeConstructor","contents":[["Prim"],"Array"]},{"tag":"TypeApp","contents":[{"tag":"TypeConstructor","contents":[["Prim"],"Record"]},{"tag":"RCons","contents":["x",{"tag":"TypeConstructor","contents":[["Prim"],"Number"]},{"tag":"RCons","contents":["y",{"tag":"TypeConstructor","contents":[["Prim"],"Number"]},{"tag":"RCons","contents":["z",{"tag":"TypeConstructor","contents":[["Prim"],"Number"]},{"tag":"REmpty"}]}]}]}]}]},{"tag":"RCons","contents":["edges",{"tag":"TypeApp","contents":[{"tag":"TypeConstructor","contents":[["Prim"],"Array"]},{"tag":"TypeApp","contents":[{"tag":"TypeApp","contents":[{"tag":"TypeConstructor","contents":[["Data","Tuple"],"Tuple"]},{"tag":"TypeConstructor","contents":[["Prim"],"Int"]}]},{"tag":"TypeConstructor","contents":[["Prim"],"Int"]}]}]},{"tag":"REmpty"}]}]}]},{"tag":"RCons","contents":["angVel",{"tag":"TypeApp","contents":[{"tag":"TypeConstructor","contents":[["Prim"],"Record"]},{"tag":"RCons","contents":["xa",{"tag":"TypeConstructor","contents":[["Prim"],"Number"]},{"tag":"RCons","contents":["ya",{"tag":"TypeConstructor","contents":[["Prim"],"Number"]},{"tag":"RCons","contents":["za",{"tag":"TypeConstructor","contents":[["Prim"],"Number"]},{"tag":"REmpty"}]}]}]}]},{"tag":"RCons","contents":["forward",{"tag":"TypeConstructor","contents":[["Prim"],"Number"]},{"tag":"RCons","contents":["velSpeed",{"tag":"TypeConstructor","contents":[["Prim"],"Number"]},{"tag":"RCons","contents":["idx",{"tag":"TypeConstructor","contents":[["Prim"],"Int"]},{"tag":"REmpty"}]}]}]}]}]}]}]},{"tag":"TypeApp","contents":[{"tag":"TypeConstructor","contents":[["Prim"],"Record"]},{"tag":"RCons","contents":["shape",{"tag":"TypeApp","contents":[{"tag":"TypeConstructor","contents":[["Prim"],"Record"]},{"tag":"RCons","contents":["vertices",{"tag":"TypeApp","contents":[{"tag":"TypeConstructor","contents":[["Prim"],"Array"]},{"tag":"TypeApp","contents":[{"tag":"TypeConstructor","contents":[["Prim"],"Record"]},{"tag":"RCons","contents":["x",{"tag":"TypeConstructor","contents":[["Prim"],"Number"]},{"tag":"RCons","contents":["y",{"tag":"TypeConstructor","contents":[["Prim"],"Number"]},{"tag":"RCons","contents":["z",{"tag":"TypeConstructor","contents":[["Prim"],"Number"]},{"tag":"REmpty"}]}]}]}]}]},{"tag":"RCons","contents":["edges",{"tag":"TypeApp","contents":[{"tag":"TypeConstructor","contents":[["Prim"],"Array"]},{"tag":"TypeApp","contents":[{"tag":"TypeApp","contents":[{"tag":"TypeConstructor","contents":[["Data","Tuple"],"Tuple"]},{"tag":"TypeConstructor","contents":[["Prim"],"Int"]}]},{"tag":"TypeConstructor","contents":[["Prim"],"Int"]}]}]},{"tag":"REmpty"}]}]}]},{"tag":"RCons","contents":["angVel",{"tag":"TypeApp","contents":[{"tag":"TypeConstructor","contents":[["Prim"],"Record"]},{"tag":"RCons","contents":["xa",{"tag":"TypeConstructor","contents":[["Prim"],"Number"]},{"tag":"RCons","contents":["ya",{"tag":"TypeConstructor","contents":[["Prim"],"Number"]},{"tag":"RCons","contents":["za",{"tag":"TypeConstructor","contents":[["Prim"],"Number"]},{"tag":"REmpty"}]}]}]}]},{"tag":"RCons","contents":["forward",{"tag":"TypeConstructor","contents":[["Prim"],"Number"]},{"tag":"RCons","contents":["velSpeed",{"tag":"TypeConstructor","contents":[["Prim"],"Number"]},{"tag":"RCons","contents":["idx",{"tag":"TypeConstructor","contents":[["Prim"],"Int"]},{"tag":"REmpty"}]}]}]}]}]}]}]}}},{"EDValue":{"edValueName":{"Ident":"getNewCube"},"edValueType":{"tag":"TypeApp","contents":[{"tag":"TypeApp","contents":[{"tag":"TypeConstructor","contents":[["Prim"],"Function"]},{"tag":"TypeConstructor","contents":[["Cube"],"Axis"]}]},{"tag":"TypeApp","contents":[{"tag":"TypeApp","contents":[{"tag":"TypeConstructor","contents":[["Prim"],"Function"]},{"tag":"TypeApp","contents":[{"tag":"TypeConstructor","contents":[["Prim"],"Array"]},{"tag":"TypeApp","contents":[{"tag":"TypeConstructor","contents":[["Prim"],"Record"]},{"tag":"RCons","contents":["shape",{"tag":"TypeApp","contents":[{"tag":"TypeConstructor","contents":[["Prim"],"Record"]},{"tag":"RCons","contents":["vertices",{"tag":"TypeApp","contents":[{"tag":"TypeConstructor","contents":[["Prim"],"Array"]},{"tag":"TypeApp","contents":[{"tag":"TypeConstructor","contents":[["Prim"],"Record"]},{"tag":"RCons","contents":["x",{"tag":"TypeConstructor","contents":[["Prim"],"Number"]},{"tag":"RCons","contents":["y",{"tag":"TypeConstructor","contents":[["Prim"],"Number"]},{"tag":"RCons","contents":["z",{"tag":"TypeConstructor","contents":[["Prim"],"Number"]},{"tag":"REmpty"}]}]}]}]}]},{"tag":"RCons","contents":["edges",{"tag":"TypeApp","contents":[{"tag":"TypeConstructor","contents":[["Prim"],"Array"]},{"tag":"TypeApp","contents":[{"tag":"TypeApp","contents":[{"tag":"TypeConstructor","contents":[["Data","Tuple"],"Tuple"]},{"tag":"TypeConstructor","contents":[["Prim"],"Int"]}]},{"tag":"TypeConstructor","contents":[["Prim"],"Int"]}]}]},{"tag":"REmpty"}]}]}]},{"tag":"RCons","contents":["angVel",{"tag":"TypeApp","contents":[{"tag":"TypeConstructor","contents":[["Prim"],"Record"]},{"tag":"RCons","contents":["xa",{"tag":"TypeConstructor","contents":[["Prim"],"Number"]},{"tag":"RCons","contents":["ya",{"tag":"TypeConstructor","contents":[["Prim"],"Number"]},{"tag":"RCons","contents":["za",{"tag":"TypeConstructor","contents":[["Prim"],"Number"]},{"tag":"REmpty"}]}]}]}]},{"tag":"RCons","contents":["forward",{"tag":"TypeConstructor","contents":[["Prim"],"Number"]},{"tag":"RCons","contents":["velSpeed",{"tag":"TypeConstructor","contents":[["Prim"],"Number"]},{"tag":"RCons","contents":["idx",{"tag":"TypeConstructor","contents":[["Prim"],"Int"]},{"tag":"REmpty"}]}]}]}]}]}]}]}]},{"tag":"TypeApp","contents":[{"tag":"TypeConstructor","contents":[["Prim"],"Array"]},{"tag":"TypeApp","contents":[{"tag":"TypeConstructor","contents":[["Prim"],"Record"]},{"tag":"RCons","contents":["shape",{"tag":"TypeApp","contents":[{"tag":"TypeConstructor","contents":[["Prim"],"Record"]},{"tag":"RCons","contents":["vertices",{"tag":"TypeApp","contents":[{"tag":"TypeConstructor","contents":[["Prim"],"Array"]},{"tag":"TypeApp","contents":[{"tag":"TypeConstructor","contents":[["Prim"],"Record"]},{"tag":"RCons","contents":["x",{"tag":"TypeConstructor","contents":[["Prim"],"Number"]},{"tag":"RCons","contents":["y",{"tag":"TypeConstructor","contents":[["Prim"],"Number"]},{"tag":"RCons","contents":["z",{"tag":"TypeConstructor","contents":[["Prim"],"Number"]},{"tag":"REmpty"}]}]}]}]}]},{"tag":"RCons","contents":["edges",{"tag":"TypeApp","contents":[{"tag":"TypeConstructor","contents":[["Prim"],"Array"]},{"tag":"TypeApp","contents":[{"tag":"TypeApp","contents":[{"tag":"TypeConstructor","contents":[["Data","Tuple"],"Tuple"]},{"tag":"TypeConstructor","contents":[["Prim"],"Int"]}]},{"tag":"TypeConstructor","contents":[["Prim"],"Int"]}]}]},{"tag":"REmpty"}]}]}]},{"tag":"RCons","contents":["angVel",{"tag":"TypeApp","contents":[{"tag":"TypeConstructor","contents":[["Prim"],"Record"]},{"tag":"RCons","contents":["xa",{"tag":"TypeConstructor","contents":[["Prim"],"Number"]},{"tag":"RCons","contents":["ya",{"tag":"TypeConstructor","contents":[["Prim"],"Number"]},{"tag":"RCons","contents":["za",{"tag":"TypeConstructor","contents":[["Prim"],"Number"]},{"tag":"REmpty"}]}]}]}]},{"tag":"RCons","contents":["forward",{"tag":"TypeConstructor","contents":[["Prim"],"Number"]},{"tag":"RCons","contents":["velSpeed",{"tag":"TypeConstructor","contents":[["Prim"],"Number"]},{"tag":"RCons","contents":["idx",{"tag":"TypeConstructor","contents":[["Prim"],"Int"]},{"tag":"REmpty"}]}]}]}]}]}]}]}]}]}}},{"EDValue":{"edValueName":{"Ident":"changeAng"},"edValueType":{"tag":"TypeApp","contents":[{"tag":"TypeApp","contents":[{"tag":"TypeConstructor","contents":[["Prim"],"Function"]},{"tag":"TypeConstructor","contents":[["Cube"],"Axis"]}]},{"tag":"TypeApp","contents":[{"tag":"TypeApp","contents":[{"tag":"TypeConstructor","contents":[["Prim"],"Function"]},{"tag":"TypeApp","contents":[{"tag":"TypeConstructor","contents":[["Prim"],"Record"]},{"tag":"RCons","contents":["shape",{"tag":"TypeApp","contents":[{"tag":"TypeConstructor","contents":[["Prim"],"Record"]},{"tag":"RCons","contents":["vertices",{"tag":"TypeApp","contents":[{"tag":"TypeConstructor","contents":[["Prim"],"Array"]},{"tag":"TypeApp","contents":[{"tag":"TypeConstructor","contents":[["Prim"],"Record"]},{"tag":"RCons","contents":["x",{"tag":"TypeConstructor","contents":[["Prim"],"Number"]},{"tag":"RCons","contents":["y",{"tag":"TypeConstructor","contents":[["Prim"],"Number"]},{"tag":"RCons","contents":["z",{"tag":"TypeConstructor","contents":[["Prim"],"Number"]},{"tag":"REmpty"}]}]}]}]}]},{"tag":"RCons","contents":["edges",{"tag":"TypeApp","contents":[{"tag":"TypeConstructor","contents":[["Prim"],"Array"]},{"tag":"TypeApp","contents":[{"tag":"TypeApp","contents":[{"tag":"TypeConstructor","contents":[["Data","Tuple"],"Tuple"]},{"tag":"TypeConstructor","contents":[["Prim"],"Int"]}]},{"tag":"TypeConstructor","contents":[["Prim"],"Int"]}]}]},{"tag":"REmpty"}]}]}]},{"tag":"RCons","contents":["angVel",{"tag":"TypeApp","contents":[{"tag":"TypeConstructor","contents":[["Prim"],"Record"]},{"tag":"RCons","contents":["xa",{"tag":"TypeConstructor","contents":[["Prim"],"Number"]},{"tag":"RCons","contents":["ya",{"tag":"TypeConstructor","contents":[["Prim"],"Number"]},{"tag":"RCons","contents":["za",{"tag":"TypeConstructor","contents":[["Prim"],"Number"]},{"tag":"REmpty"}]}]}]}]},{"tag":"RCons","contents":["forward",{"tag":"TypeConstructor","contents":[["Prim"],"Number"]},{"tag":"RCons","contents":["velSpeed",{"tag":"TypeConstructor","contents":[["Prim"],"Number"]},{"tag":"RCons","contents":["idx",{"tag":"TypeConstructor","contents":[["Prim"],"Int"]},{"tag":"REmpty"}]}]}]}]}]}]}]},{"tag":"TypeApp","contents":[{"tag":"TypeConstructor","contents":[["Prim"],"Record"]},{"tag":"RCons","contents":["shape",{"tag":"TypeApp","contents":[{"tag":"TypeConstructor","contents":[["Prim"],"Record"]},{"tag":"RCons","contents":["vertices",{"tag":"TypeApp","contents":[{"tag":"TypeConstructor","contents":[["Prim"],"Array"]},{"tag":"TypeApp","contents":[{"tag":"TypeConstructor","contents":[["Prim"],"Record"]},{"tag":"RCons","contents":["x",{"tag":"TypeConstructor","contents":[["Prim"],"Number"]},{"tag":"RCons","contents":["y",{"tag":"TypeConstructor","contents":[["Prim"],"Number"]},{"tag":"RCons","contents":["z",{"tag":"TypeConstructor","contents":[["Prim"],"Number"]},{"tag":"REmpty"}]}]}]}]}]},{"tag":"RCons","contents":["edges",{"tag":"TypeApp","contents":[{"tag":"TypeConstructor","contents":[["Prim"],"Array"]},{"tag":"TypeApp","contents":[{"tag":"TypeApp","contents":[{"tag":"TypeConstructor","contents":[["Data","Tuple"],"Tuple"]},{"tag":"TypeConstructor","contents":[["Prim"],"Int"]}]},{"tag":"TypeConstructor","contents":[["Prim"],"Int"]}]}]},{"tag":"REmpty"}]}]}]},{"tag":"RCons","contents":["angVel",{"tag":"TypeApp","contents":[{"tag":"TypeConstructor","contents":[["Prim"],"Record"]},{"tag":"RCons","contents":["xa",{"tag":"TypeConstructor","contents":[["Prim"],"Number"]},{"tag":"RCons","contents":["ya",{"tag":"TypeConstructor","contents":[["Prim"],"Number"]},{"tag":"RCons","contents":["za",{"tag":"TypeConstructor","contents":[["Prim"],"Number"]},{"tag":"REmpty"}]}]}]}]},{"tag":"RCons","contents":["forward",{"tag":"TypeConstructor","contents":[["Prim"],"Number"]},{"tag":"RCons","contents":["velSpeed",{"tag":"TypeConstructor","contents":[["Prim"],"Number"]},{"tag":"RCons","contents":["idx",{"tag":"TypeConstructor","contents":[["Prim"],"Int"]},{"tag":"REmpty"}]}]}]}]}]}]}]}]}}},{"EDValue":{"edValueName":{"Ident":"reverseDirection"},"edValueType":{"tag":"TypeApp","contents":[{"tag":"TypeApp","contents":[{"tag":"TypeConstructor","contents":[["Prim"],"Function"]},{"tag":"TypeApp","contents":[{"tag":"TypeConstructor","contents":[["Prim"],"Record"]},{"tag":"RCons","contents":["shapes",{"tag":"TypeApp","contents":[{"tag":"TypeConstructor","contents":[["Prim"],"Array"]},{"tag":"TypeApp","contents":[{"tag":"TypeConstructor","contents":[["Prim"],"Record"]},{"tag":"RCons","contents":["shape",{"tag":"TypeApp","contents":[{"tag":"TypeConstructor","contents":[["Prim"],"Record"]},{"tag":"RCons","contents":["vertices",{"tag":"TypeApp","contents":[{"tag":"TypeConstructor","contents":[["Prim"],"Array"]},{"tag":"TypeApp","contents":[{"tag":"TypeConstructor","contents":[["Prim"],"Record"]},{"tag":"RCons","contents":["x",{"tag":"TypeConstructor","contents":[["Prim"],"Number"]},{"tag":"RCons","contents":["y",{"tag":"TypeConstructor","contents":[["Prim"],"Number"]},{"tag":"RCons","contents":["z",{"tag":"TypeConstructor","contents":[["Prim"],"Number"]},{"tag":"REmpty"}]}]}]}]}]},{"tag":"RCons","contents":["edges",{"tag":"TypeApp","contents":[{"tag":"TypeConstructor","contents":[["Prim"],"Array"]},{"tag":"TypeApp","contents":[{"tag":"TypeApp","contents":[{"tag":"TypeConstructor","contents":[["Data","Tuple"],"Tuple"]},{"tag":"TypeConstructor","contents":[["Prim"],"Int"]}]},{"tag":"TypeConstructor","contents":[["Prim"],"Int"]}]}]},{"tag":"REmpty"}]}]}]},{"tag":"RCons","contents":["angVel",{"tag":"TypeApp","contents":[{"tag":"TypeConstructor","contents":[["Prim"],"Record"]},{"tag":"RCons","contents":["xa",{"tag":"TypeConstructor","contents":[["Prim"],"Number"]},{"tag":"RCons","contents":["ya",{"tag":"TypeConstructor","contents":[["Prim"],"Number"]},{"tag":"RCons","contents":["za",{"tag":"TypeConstructor","contents":[["Prim"],"Number"]},{"tag":"REmpty"}]}]}]}]},{"tag":"RCons","contents":["forward",{"tag":"TypeConstructor","contents":[["Prim"],"Number"]},{"tag":"RCons","contents":["velSpeed",{"tag":"TypeConstructor","contents":[["Prim"],"Number"]},{"tag":"RCons","contents":["idx",{"tag":"TypeConstructor","contents":[["Prim"],"Int"]},{"tag":"REmpty"}]}]}]}]}]}]}]},{"tag":"RCons","contents":["shapeCnt",{"tag":"TypeConstructor","contents":[["Prim"],"Int"]},{"tag":"REmpty"}]}]}]}]},{"tag":"TypeApp","contents":[{"tag":"TypeApp","contents":[{"tag":"TypeConstructor","contents":[["Prim"],"Function"]},{"tag":"TypeConstructor","contents":[["Prim"],"Int"]}]},{"tag":"TypeApp","contents":[{"tag":"TypeConstructor","contents":[["Prim"],"Record"]},{"tag":"RCons","contents":["shapes",{"tag":"TypeApp","contents":[{"tag":"TypeConstructor","contents":[["Prim"],"Array"]},{"tag":"TypeApp","contents":[{"tag":"TypeConstructor","contents":[["Prim"],"Record"]},{"tag":"RCons","contents":["shape",{"tag":"TypeApp","contents":[{"tag":"TypeConstructor","contents":[["Prim"],"Record"]},{"tag":"RCons","contents":["vertices",{"tag":"TypeApp","contents":[{"tag":"TypeConstructor","contents":[["Prim"],"Array"]},{"tag":"TypeApp","contents":[{"tag":"TypeConstructor","contents":[["Prim"],"Record"]},{"tag":"RCons","contents":["x",{"tag":"TypeConstructor","contents":[["Prim"],"Number"]},{"tag":"RCons","contents":["y",{"tag":"TypeConstructor","contents":[["Prim"],"Number"]},{"tag":"RCons","contents":["z",{"tag":"TypeConstructor","contents":[["Prim"],"Number"]},{"tag":"REmpty"}]}]}]}]}]},{"tag":"RCons","contents":["edges",{"tag":"TypeApp","contents":[{"tag":"TypeConstructor","contents":[["Prim"],"Array"]},{"tag":"TypeApp","contents":[{"tag":"TypeApp","contents":[{"tag":"TypeConstructor","contents":[["Data","Tuple"],"Tuple"]},{"tag":"TypeConstructor","contents":[["Prim"],"Int"]}]},{"tag":"TypeConstructor","contents":[["Prim"],"Int"]}]}]},{"tag":"REmpty"}]}]}]},{"tag":"RCons","contents":["angVel",{"tag":"TypeApp","contents":[{"tag":"TypeConstructor","contents":[["Prim"],"Record"]},{"tag":"RCons","contents":["xa",{"tag":"TypeConstructor","contents":[["Prim"],"Number"]},{"tag":"RCons","contents":["ya",{"tag":"TypeConstructor","contents":[["Prim"],"Number"]},{"tag":"RCons","contents":["za",{"tag":"TypeConstructor","contents":[["Prim"],"Number"]},{"tag":"REmpty"}]}]}]}]},{"tag":"RCons","contents":["forward",{"tag":"TypeConstructor","contents":[["Prim"],"Number"]},{"tag":"RCons","contents":["velSpeed",{"tag":"TypeConstructor","contents":[["Prim"],"Number"]},{"tag":"RCons","contents":["idx",{"tag":"TypeConstructor","contents":[["Prim"],"Int"]},{"tag":"REmpty"}]}]}]}]}]}]}]},{"tag":"RCons","contents":["shapeCnt",{"tag":"TypeConstructor","contents":[["Prim"],"Int"]},{"tag":"REmpty"}]}]}]}]}]}}},{"EDValue":{"edValueName":{"Ident":"mainReverse"},"edValueType":{"tag":"TypeApp","contents":[{"tag":"TypeApp","contents":[{"tag":"TypeConstructor","contents":[["Prim"],"Function"]},{"tag":"TypeConstructor","contents":[["Prim"],"Int"]}]},{"tag":"TypeApp","contents":[{"tag":"TypeApp","contents":[{"tag":"TypeConstructor","contents":[["Prim"],"Function"]},{"tag":"TypeApp","contents":[{"tag":"TypeConstructor","contents":[["Prim"],"Record"]},{"tag":"RCons","contents":["shape",{"tag":"TypeApp","contents":[{"tag":"TypeConstructor","contents":[["Prim"],"Record"]},{"tag":"RCons","contents":["vertices",{"tag":"TypeApp","contents":[{"tag":"TypeConstructor","contents":[["Prim"],"Array"]},{"tag":"TypeApp","contents":[{"tag":"TypeConstructor","contents":[["Prim"],"Record"]},{"tag":"RCons","contents":["x",{"tag":"TypeConstructor","contents":[["Prim"],"Number"]},{"tag":"RCons","contents":["y",{"tag":"TypeConstructor","contents":[["Prim"],"Number"]},{"tag":"RCons","contents":["z",{"tag":"TypeConstructor","contents":[["Prim"],"Number"]},{"tag":"REmpty"}]}]}]}]}]},{"tag":"RCons","contents":["edges",{"tag":"TypeApp","contents":[{"tag":"TypeConstructor","contents":[["Prim"],"Array"]},{"tag":"TypeApp","contents":[{"tag":"TypeApp","contents":[{"tag":"TypeConstructor","contents":[["Data","Tuple"],"Tuple"]},{"tag":"TypeConstructor","contents":[["Prim"],"Int"]}]},{"tag":"TypeConstructor","contents":[["Prim"],"Int"]}]}]},{"tag":"REmpty"}]}]}]},{"tag":"RCons","contents":["angVel",{"tag":"TypeApp","contents":[{"tag":"TypeConstructor","contents":[["Prim"],"Record"]},{"tag":"RCons","contents":["xa",{"tag":"TypeConstructor","contents":[["Prim"],"Number"]},{"tag":"RCons","contents":["ya",{"tag":"TypeConstructor","contents":[["Prim"],"Number"]},{"tag":"RCons","contents":["za",{"tag":"TypeConstructor","contents":[["Prim"],"Number"]},{"tag":"REmpty"}]}]}]}]},{"tag":"RCons","contents":["forward",{"tag":"TypeConstructor","contents":[["Prim"],"Number"]},{"tag":"RCons","contents":["velSpeed",{"tag":"TypeConstructor","contents":[["Prim"],"Number"]},{"tag":"RCons","contents":["idx",{"tag":"TypeConstructor","contents":[["Prim"],"Int"]},{"tag":"REmpty"}]}]}]}]}]}]}]},{"tag":"TypeApp","contents":[{"tag":"TypeConstructor","contents":[["Prim"],"Record"]},{"tag":"RCons","contents":["shape",{"tag":"TypeApp","contents":[{"tag":"TypeConstructor","contents":[["Prim"],"Record"]},{"tag":"RCons","contents":["vertices",{"tag":"TypeApp","contents":[{"tag":"TypeConstructor","contents":[["Prim"],"Array"]},{"tag":"TypeApp","contents":[{"tag":"TypeConstructor","contents":[["Prim"],"Record"]},{"tag":"RCons","contents":["x",{"tag":"TypeConstructor","contents":[["Prim"],"Number"]},{"tag":"RCons","contents":["y",{"tag":"TypeConstructor","contents":[["Prim"],"Number"]},{"tag":"RCons","contents":["z",{"tag":"TypeConstructor","contents":[["Prim"],"Number"]},{"tag":"REmpty"}]}]}]}]}]},{"tag":"RCons","contents":["edges",{"tag":"TypeApp","contents":[{"tag":"TypeConstructor","contents":[["Prim"],"Array"]},{"tag":"TypeApp","contents":[{"tag":"TypeApp","contents":[{"tag":"TypeConstructor","contents":[["Data","Tuple"],"Tuple"]},{"tag":"TypeConstructor","contents":[["Prim"],"Int"]}]},{"tag":"TypeConstructor","contents":[["Prim"],"Int"]}]}]},{"tag":"REmpty"}]}]}]},{"tag":"RCons","contents":["angVel",{"tag":"TypeApp","contents":[{"tag":"TypeConstructor","contents":[["Prim"],"Record"]},{"tag":"RCons","contents":["xa",{"tag":"TypeConstructor","contents":[["Prim"],"Number"]},{"tag":"RCons","contents":["ya",{"tag":"TypeConstructor","contents":[["Prim"],"Number"]},{"tag":"RCons","contents":["za",{"tag":"TypeConstructor","contents":[["Prim"],"Number"]},{"tag":"REmpty"}]}]}]}]},{"tag":"RCons","contents":["forward",{"tag":"TypeConstructor","contents":[["Prim"],"Number"]},{"tag":"RCons","contents":["velSpeed",{"tag":"TypeConstructor","contents":[["Prim"],"Number"]},{"tag":"RCons","contents":["idx",{"tag":"TypeConstructor","contents":[["Prim"],"Int"]},{"tag":"REmpty"}]}]}]}]}]}]}]}]}}},{"EDValue":{"edValueName":{"Ident":"rotateShape"},"edValueType":{"tag":"TypeApp","contents":[{"tag":"TypeApp","contents":[{"tag":"TypeConstructor","contents":[["Prim"],"Function"]},{"tag":"TypeApp","contents":[{"tag":"TypeConstructor","contents":[["Prim"],"Array"]},{"tag":"TypeApp","contents":[{"tag":"TypeConstructor","contents":[["Prim"],"Record"]},{"tag":"RCons","contents":["x",{"tag":"TypeConstructor","contents":[["Prim"],"Number"]},{"tag":"RCons","contents":["y",{"tag":"TypeConstructor","contents":[["Prim"],"Number"]},{"tag":"RCons","contents":["z",{"tag":"TypeConstructor","contents":[["Prim"],"Number"]},{"tag":"REmpty"}]}]}]}]}]}]},{"tag":"TypeApp","contents":[{"tag":"TypeApp","contents":[{"tag":"TypeConstructor","contents":[["Prim"],"Function"]},{"tag":"TypeApp","contents":[{"tag":"TypeConstructor","contents":[["Prim"],"Record"]},{"tag":"RCons","contents":["xa",{"tag":"TypeConstructor","contents":[["Prim"],"Number"]},{"tag":"RCons","contents":["ya",{"tag":"TypeConstructor","contents":[["Prim"],"Number"]},{"tag":"RCons","contents":["za",{"tag":"TypeConstructor","contents":[["Prim"],"Number"]},{"tag":"REmpty"}]}]}]}]}]},{"tag":"TypeApp","contents":[{"tag":"TypeConstructor","contents":[["Prim"],"Array"]},{"tag":"TypeApp","contents":[{"tag":"TypeConstructor","contents":[["Prim"],"Record"]},{"tag":"RCons","contents":["x",{"tag":"TypeConstructor","contents":[["Prim"],"Number"]},{"tag":"RCons","contents":["y",{"tag":"TypeConstructor","contents":[["Prim"],"Number"]},{"tag":"RCons","contents":["z",{"tag":"TypeConstructor","contents":[["Prim"],"Number"]},{"tag":"REmpty"}]}]}]}]}]}]}]}}},{"EDValue":{"edValueName":{"Ident":"rotate"},"edValueType":{"tag":"TypeApp","contents":[{"tag":"TypeApp","contents":[{"tag":"TypeConstructor","contents":[["Prim"],"Function"]},{"tag":"TypeApp","contents":[{"tag":"TypeConstructor","contents":[["Prim"],"Record"]},{"tag":"RCons","contents":["xa",{"tag":"TypeConstructor","contents":[["Prim"],"Number"]},{"tag":"RCons","contents":["ya",{"tag":"TypeConstructor","contents":[["Prim"],"Number"]},{"tag":"RCons","contents":["za",{"tag":"TypeConstructor","contents":[["Prim"],"Number"]},{"tag":"REmpty"}]}]}]}]}]},{"tag":"TypeApp","contents":[{"tag":"TypeApp","contents":[{"tag":"TypeConstructor","contents":[["Prim"],"Function"]},{"tag":"TypeApp","contents":[{"tag":"TypeConstructor","contents":[["Prim"],"Record"]},{"tag":"RCons","contents":["x",{"tag":"TypeConstructor","contents":[["Prim"],"Number"]},{"tag":"RCons","contents":["y",{"tag":"TypeConstructor","contents":[["Prim"],"Number"]},{"tag":"RCons","contents":["z",{"tag":"TypeConstructor","contents":[["Prim"],"Number"]},{"tag":"REmpty"}]}]}]}]}]},{"tag":"TypeApp","contents":[{"tag":"TypeConstructor","contents":[["Prim"],"Record"]},{"tag":"RCons","contents":["x",{"tag":"TypeConstructor","contents":[["Prim"],"Number"]},{"tag":"RCons","contents":["y",{"tag":"TypeConstructor","contents":[["Prim"],"Number"]},{"tag":"RCons","contents":["z",{"tag":"TypeConstructor","contents":[["Prim"],"Number"]},{"tag":"REmpty"}]}]}]}]}]}]}}},{"EDValue":{"edValueName":{"Ident":"anglePerFrame"},"edValueType":{"tag":"TypeApp","contents":[{"tag":"TypeApp","contents":[{"tag":"TypeConstructor","contents":[["Prim"],"Function"]},{"tag":"TypeApp","contents":[{"tag":"TypeConstructor","contents":[["Prim"],"Record"]},{"tag":"RCons","contents":["xa",{"tag":"TypeConstructor","contents":[["Prim"],"Number"]},{"tag":"RCons","contents":["ya",{"tag":"TypeConstructor","contents":[["Prim"],"Number"]},{"tag":"RCons","contents":["za",{"tag":"TypeConstructor","contents":[["Prim"],"Number"]},{"tag":"REmpty"}]}]}]}]}]},{"tag":"TypeApp","contents":[{"tag":"TypeConstructor","contents":[["Prim"],"Record"]},{"tag":"RCons","contents":["xa",{"tag":"TypeConstructor","contents":[["Prim"],"Number"]},{"tag":"RCons","contents":["ya",{"tag":"TypeConstructor","contents":[["Prim"],"Number"]},{"tag":"RCons","contents":["za",{"tag":"TypeConstructor","contents":[["Prim"],"Number"]},{"tag":"REmpty"}]}]}]}]}]}}},{"EDValue":{"edValueName":{"Ident":"dampenAngVelocity"},"edValueType":{"tag":"TypeApp","contents":[{"tag":"TypeApp","contents":[{"tag":"TypeConstructor","contents":[["Prim"],"Function"]},{"tag":"TypeApp","contents":[{"tag":"TypeConstructor","contents":[["Prim"],"Record"]},{"tag":"RCons","contents":["xa",{"tag":"TypeConstructor","contents":[["Prim"],"Number"]},{"tag":"RCons","contents":["ya",{"tag":"TypeConstructor","contents":[["Prim"],"Number"]},{"tag":"RCons","contents":["za",{"tag":"TypeConstructor","contents":[["Prim"],"Number"]},{"tag":"REmpty"}]}]}]}]}]},{"tag":"TypeApp","contents":[{"tag":"TypeConstructor","contents":[["Prim"],"Record"]},{"tag":"RCons","contents":["xa",{"tag":"TypeConstructor","contents":[["Prim"],"Number"]},{"tag":"RCons","contents":["ya",{"tag":"TypeConstructor","contents":[["Prim"],"Number"]},{"tag":"RCons","contents":["za",{"tag":"TypeConstructor","contents":[["Prim"],"Number"]},{"tag":"REmpty"}]}]}]}]}]}}},{"EDValue":{"edValueName":{"Ident":"renderView"},"edValueType":{"tag":"TypeApp","contents":[{"tag":"TypeApp","contents":[{"tag":"TypeConstructor","contents":[["Prim"],"Function"]},{"tag":"TypeApp","contents":[{"tag":"TypeConstructor","contents":[["Prim"],"Record"]},{"tag":"RCons","contents":["shapes",{"tag":"TypeApp","contents":[{"tag":"TypeConstructor","contents":[["Prim"],"Array"]},{"tag":"TypeApp","contents":[{"tag":"TypeConstructor","contents":[["Prim"],"Record"]},{"tag":"RCons","contents":["shape",{"tag":"TypeApp","contents":[{"tag":"TypeConstructor","contents":[["Prim"],"Record"]},{"tag":"RCons","contents":["vertices",{"tag":"TypeApp","contents":[{"tag":"TypeConstructor","contents":[["Prim"],"Array"]},{"tag":"TypeApp","contents":[{"tag":"TypeConstructor","contents":[["Prim"],"Record"]},{"tag":"RCons","contents":["x",{"tag":"TypeConstructor","contents":[["Prim"],"Number"]},{"tag":"RCons","contents":["y",{"tag":"TypeConstructor","contents":[["Prim"],"Number"]},{"tag":"RCons","contents":["z",{"tag":"TypeConstructor","contents":[["Prim"],"Number"]},{"tag":"REmpty"}]}]}]}]}]},{"tag":"RCons","contents":["edges",{"tag":"TypeApp","contents":[{"tag":"TypeConstructor","contents":[["Prim"],"Array"]},{"tag":"TypeApp","contents":[{"tag":"TypeApp","contents":[{"tag":"TypeConstructor","contents":[["Data","Tuple"],"Tuple"]},{"tag":"TypeConstructor","contents":[["Prim"],"Int"]}]},{"tag":"TypeConstructor","contents":[["Prim"],"Int"]}]}]},{"tag":"REmpty"}]}]}]},{"tag":"RCons","contents":["angVel",{"tag":"TypeApp","contents":[{"tag":"TypeConstructor","contents":[["Prim"],"Record"]},{"tag":"RCons","contents":["xa",{"tag":"TypeConstructor","contents":[["Prim"],"Number"]},{"tag":"RCons","contents":["ya",{"tag":"TypeConstructor","contents":[["Prim"],"Number"]},{"tag":"RCons","contents":["za",{"tag":"TypeConstructor","contents":[["Prim"],"Number"]},{"tag":"REmpty"}]}]}]}]},{"tag":"RCons","contents":["forward",{"tag":"TypeConstructor","contents":[["Prim"],"Number"]},{"tag":"RCons","contents":["velSpeed",{"tag":"TypeConstructor","contents":[["Prim"],"Number"]},{"tag":"RCons","contents":["idx",{"tag":"TypeConstructor","contents":[["Prim"],"Int"]},{"tag":"REmpty"}]}]}]}]}]}]}]},{"tag":"RCons","contents":["shapeCnt",{"tag":"TypeConstructor","contents":[["Prim"],"Int"]},{"tag":"REmpty"}]}]}]}]},{"tag":"TypeApp","contents":[{"tag":"TypeApp","contents":[{"tag":"TypeConstructor","contents":[["Halogen","HTML","Core"],"HTML"]},{"tag":"TypeConstructor","contents":[["Data","Void"],"Void"]}]},{"tag":"TypeApp","contents":[{"tag":"TypeConstructor","contents":[["Cube"],"Query"]},{"tag":"TypeConstructor","contents":[["Data","Unit"],"Unit"]}]}]}]}}}],"efSourceSpan":{"start":[1,1],"name":"E:\\practice\\haskell\\cube-rotation\\src\\Cube.purs","end":[442,7]}}