{"efVersion":"0.11.7","efModuleName":["Data","Interval","Duration","Iso"],"efExports":[{"TypeRef":[{"start":[1,1],"name":"E:\\practice\\haskell\\cube-rotation\\bower_components\\purescript-datetime\\src\\Data\\Interval\\Duration\\Iso.purs","end":[97,62]},"IsoDuration",[]]},{"ValueRef":[{"start":[1,1],"name":"E:\\practice\\haskell\\cube-rotation\\bower_components\\purescript-datetime\\src\\Data\\Interval\\Duration\\Iso.purs","end":[97,62]},{"Ident":"unIsoDuration"}]},{"ValueRef":[{"start":[1,1],"name":"E:\\practice\\haskell\\cube-rotation\\bower_components\\purescript-datetime\\src\\Data\\Interval\\Duration\\Iso.purs","end":[97,62]},{"Ident":"mkIsoDuration"}]},{"TypeRef":[{"start":[1,1],"name":"E:\\practice\\haskell\\cube-rotation\\bower_components\\purescript-datetime\\src\\Data\\Interval\\Duration\\Iso.purs","end":[97,62]},"Error",["IsEmpty","InvalidWeekComponentUsage","ContainsNegativeValue","InvalidFractionalUse"]]},{"TypeRef":[{"start":[1,1],"name":"E:\\practice\\haskell\\cube-rotation\\bower_components\\purescript-datetime\\src\\Data\\Interval\\Duration\\Iso.purs","end":[97,62]},"Errors",[]]},{"ValueRef":[{"start":[1,1],"name":"E:\\practice\\haskell\\cube-rotation\\bower_components\\purescript-datetime\\src\\Data\\Interval\\Duration\\Iso.purs","end":[97,62]},{"Ident":"prettyError"}]},{"TypeInstanceRef":[{"start":[0,0],"name":"<generated>","end":[0,0]},{"Ident":"eqIsoDuration"}]},{"TypeInstanceRef":[{"start":[0,0],"name":"<generated>","end":[0,0]},{"Ident":"ordIsoDuration"}]},{"TypeInstanceRef":[{"start":[0,0],"name":"<generated>","end":[0,0]},{"Ident":"showIsoDuration"}]},{"TypeInstanceRef":[{"start":[0,0],"name":"<generated>","end":[0,0]},{"Ident":"eqError"}]},{"TypeInstanceRef":[{"start":[0,0],"name":"<generated>","end":[0,0]},{"Ident":"ordError"}]},{"TypeInstanceRef":[{"start":[0,0],"name":"<generated>","end":[0,0]},{"Ident":"showError"}]}],"efImports":[{"eiModule":["Prim"],"eiImportType":{"Implicit":[]},"eiImportedAs":["Prim"]},{"eiModule":["Prim"],"eiImportType":{"Implicit":[]},"eiImportedAs":null},{"eiModule":["Prelude"],"eiImportType":{"Implicit":[]},"eiImportedAs":null},{"eiModule":["Control","Plus"],"eiImportType":{"Explicit":[{"ValueRef":[{"start":[12,22],"name":"E:\\practice\\haskell\\cube-rotation\\bower_components\\purescript-datetime\\src\\Data\\Interval\\Duration\\Iso.purs","end":[12,27]},{"Ident":"empty"}]}]},"eiImportedAs":null},{"eiModule":["Data","Either"],"eiImportType":{"Explicit":[{"TypeRef":[{"start":[13,21],"name":"E:\\practice\\haskell\\cube-rotation\\bower_components\\purescript-datetime\\src\\Data\\Interval\\Duration\\Iso.purs","end":[13,31]},"Either",null]}]},"eiImportedAs":null},{"eiModule":["Data","Foldable"],"eiImportType":{"Explicit":[{"ValueRef":[{"start":[14,23],"name":"E:\\practice\\haskell\\cube-rotation\\bower_components\\purescript-datetime\\src\\Data\\Interval\\Duration\\Iso.purs","end":[14,27]},{"Ident":"fold"}]},{"ValueRef":[{"start":[14,29],"name":"E:\\practice\\haskell\\cube-rotation\\bower_components\\purescript-datetime\\src\\Data\\Interval\\Duration\\Iso.purs","end":[14,36]},{"Ident":"foldMap"}]}]},"eiImportedAs":null},{"eiModule":["Data","Interval","Duration"],"eiImportType":{"Explicit":[{"TypeRef":[{"start":[15,32],"name":"E:\\practice\\haskell\\cube-rotation\\bower_components\\purescript-datetime\\src\\Data\\Interval\\Duration\\Iso.purs","end":[15,44]},"Duration",null]},{"TypeRef":[{"start":[15,46],"name":"E:\\practice\\haskell\\cube-rotation\\bower_components\\purescript-datetime\\src\\Data\\Interval\\Duration\\Iso.purs","end":[15,67]},"DurationComponent",null]}]},"eiImportedAs":null},{"eiModule":["Data","List"],"eiImportType":{"Explicit":[{"TypeRef":[{"start":[16,19],"name":"E:\\practice\\haskell\\cube-rotation\\bower_components\\purescript-datetime\\src\\Data\\Interval\\Duration\\Iso.purs","end":[16,27]},"List",null]},{"ValueRef":[{"start":[16,29],"name":"E:\\practice\\haskell\\cube-rotation\\bower_components\\purescript-datetime\\src\\Data\\Interval\\Duration\\Iso.purs","end":[16,36]},{"Ident":"reverse"}]},{"ValueRef":[{"start":[16,38],"name":"E:\\practice\\haskell\\cube-rotation\\bower_components\\purescript-datetime\\src\\Data\\Interval\\Duration\\Iso.purs","end":[16,42]},{"Ident":"span"}]},{"ValueRef":[{"start":[16,44],"name":"E:\\practice\\haskell\\cube-rotation\\bower_components\\purescript-datetime\\src\\Data\\Interval\\Duration\\Iso.purs","end":[16,48]},{"Ident":"null"}]}]},"eiImportedAs":null},{"eiModule":["Data","List","NonEmpty"],"eiImportType":{"Explicit":[{"ValueRef":[{"start":[17,28],"name":"E:\\practice\\haskell\\cube-rotation\\bower_components\\purescript-datetime\\src\\Data\\Interval\\Duration\\Iso.purs","end":[17,36]},{"Ident":"fromList"}]}]},"eiImportedAs":null},{"eiModule":["Data","List","Types"],"eiImportType":{"Explicit":[{"TypeRef":[{"start":[18,25],"name":"E:\\practice\\haskell\\cube-rotation\\bower_components\\purescript-datetime\\src\\Data\\Interval\\Duration\\Iso.purs","end":[18,37]},"NonEmptyList",[]]}]},"eiImportedAs":null},{"eiModule":["Data","Map"],"eiImportType":{"Implicit":[]},"eiImportedAs":["Map"]},{"eiModule":["Data","Maybe"],"eiImportType":{"Explicit":[{"TypeRef":[{"start":[20,20],"name":"E:\\practice\\haskell\\cube-rotation\\bower_components\\purescript-datetime\\src\\Data\\Interval\\Duration\\Iso.purs","end":[20,29]},"Maybe",null]},{"ValueRef":[{"start":[20,31],"name":"E:\\practice\\haskell\\cube-rotation\\bower_components\\purescript-datetime\\src\\Data\\Interval\\Duration\\Iso.purs","end":[20,37]},{"Ident":"isJust"}]}]},"eiImportedAs":null},{"eiModule":["Data","Monoid","Additive"],"eiImportType":{"Explicit":[{"TypeRef":[{"start":[21,30],"name":"E:\\practice\\haskell\\cube-rotation\\bower_components\\purescript-datetime\\src\\Data\\Interval\\Duration\\Iso.purs","end":[21,42]},"Additive",null]}]},"eiImportedAs":null},{"eiModule":["Data","Newtype"],"eiImportType":{"Explicit":[{"ValueRef":[{"start":[22,22],"name":"E:\\practice\\haskell\\cube-rotation\\bower_components\\purescript-datetime\\src\\Data\\Interval\\Duration\\Iso.purs","end":[22,28]},{"Ident":"unwrap"}]}]},"eiImportedAs":null},{"eiModule":["Data","Tuple"],"eiImportType":{"Explicit":[{"TypeRef":[{"start":[23,20],"name":"E:\\practice\\haskell\\cube-rotation\\bower_components\\purescript-datetime\\src\\Data\\Interval\\Duration\\Iso.purs","end":[23,29]},"Tuple",null]},{"ValueRef":[{"start":[23,31],"name":"E:\\practice\\haskell\\cube-rotation\\bower_components\\purescript-datetime\\src\\Data\\Interval\\Duration\\Iso.purs","end":[23,34]},{"Ident":"snd"}]}]},"eiImportedAs":null},{"eiModule":["Math"],"eiImportType":{"Implicit":[]},"eiImportedAs":["Math"]}],"efFixities":[],"efTypeFixities":[],"efDeclarations":[{"EDType":{"edTypeName":"IsoDuration","edTypeKind":{"tag":"NamedKind","contents":[["Prim"],"Type"]},"edTypeDeclarationKind":{"DataType":{"args":[],"ctors":[["IsoDuration",[{"tag":"TypeConstructor","contents":[["Data","Interval","Duration"],"Duration"]}]]]}}}},{"EDValue":{"edValueName":{"Ident":"unIsoDuration"},"edValueType":{"tag":"TypeApp","contents":[{"tag":"TypeApp","contents":[{"tag":"TypeConstructor","contents":[["Prim"],"Function"]},{"tag":"TypeConstructor","contents":[["Data","Interval","Duration","Iso"],"IsoDuration"]}]},{"tag":"TypeConstructor","contents":[["Data","Interval","Duration"],"Duration"]}]}}},{"EDValue":{"edValueName":{"Ident":"mkIsoDuration"},"edValueType":{"tag":"TypeApp","contents":[{"tag":"TypeApp","contents":[{"tag":"TypeConstructor","contents":[["Prim"],"Function"]},{"tag":"TypeConstructor","contents":[["Data","Interval","Duration"],"Duration"]}]},{"tag":"TypeApp","contents":[{"tag":"TypeApp","contents":[{"tag":"TypeConstructor","contents":[["Data","Either"],"Either"]},{"tag":"TypeApp","contents":[{"tag":"TypeConstructor","contents":[["Data","List","Types"],"NonEmptyList"]},{"tag":"TypeConstructor","contents":[["Data","Interval","Duration","Iso"],"Error"]}]}]},{"tag":"TypeConstructor","contents":[["Data","Interval","Duration","Iso"],"IsoDuration"]}]}]}}},{"EDType":{"edTypeName":"Error","edTypeKind":{"tag":"NamedKind","contents":[["Prim"],"Type"]},"edTypeDeclarationKind":{"DataType":{"args":[],"ctors":[["IsEmpty",[]],["InvalidWeekComponentUsage",[]],["ContainsNegativeValue",[{"tag":"TypeConstructor","contents":[["Data","Interval","Duration"],"DurationComponent"]}]],["InvalidFractionalUse",[{"tag":"TypeConstructor","contents":[["Data","Interval","Duration"],"DurationComponent"]}]]]}}}},{"EDDataConstructor":{"edDataCtorName":"IsEmpty","edDataCtorOrigin":"data","edDataCtorTypeCtor":"Error","edDataCtorType":{"tag":"TypeConstructor","contents":[["Data","Interval","Duration","Iso"],"Error"]},"edDataCtorFields":[]}},{"EDDataConstructor":{"edDataCtorName":"InvalidWeekComponentUsage","edDataCtorOrigin":"data","edDataCtorTypeCtor":"Error","edDataCtorType":{"tag":"TypeConstructor","contents":[["Data","Interval","Duration","Iso"],"Error"]},"edDataCtorFields":[]}},{"EDDataConstructor":{"edDataCtorName":"ContainsNegativeValue","edDataCtorOrigin":"data","edDataCtorTypeCtor":"Error","edDataCtorType":{"tag":"TypeApp","contents":[{"tag":"TypeApp","contents":[{"tag":"TypeConstructor","contents":[["Prim"],"Function"]},{"tag":"TypeConstructor","contents":[["Data","Interval","Duration"],"DurationComponent"]}]},{"tag":"TypeConstructor","contents":[["Data","Interval","Duration","Iso"],"Error"]}]},"edDataCtorFields":[{"Ident":"value0"}]}},{"EDDataConstructor":{"edDataCtorName":"InvalidFractionalUse","edDataCtorOrigin":"data","edDataCtorTypeCtor":"Error","edDataCtorType":{"tag":"TypeApp","contents":[{"tag":"TypeApp","contents":[{"tag":"TypeConstructor","contents":[["Prim"],"Function"]},{"tag":"TypeConstructor","contents":[["Data","Interval","Duration"],"DurationComponent"]}]},{"tag":"TypeConstructor","contents":[["Data","Interval","Duration","Iso"],"Error"]}]},"edDataCtorFields":[{"Ident":"value0"}]}},{"EDType":{"edTypeName":"Errors","edTypeKind":{"tag":"NamedKind","contents":[["Prim"],"Type"]},"edTypeDeclarationKind":"TypeSynonym"}},{"EDTypeSynonym":{"edTypeSynonymName":"Errors","edTypeSynonymArguments":[],"edTypeSynonymType":{"tag":"TypeApp","contents":[{"tag":"TypeConstructor","contents":[["Data","List","Types"],"NonEmptyList"]},{"tag":"TypeConstructor","contents":[["Data","Interval","Duration","Iso"],"Error"]}]}}},{"EDValue":{"edValueName":{"Ident":"prettyError"},"edValueType":{"tag":"TypeApp","contents":[{"tag":"TypeApp","contents":[{"tag":"TypeConstructor","contents":[["Prim"],"Function"]},{"tag":"TypeConstructor","contents":[["Data","Interval","Duration","Iso"],"Error"]}]},{"tag":"TypeConstructor","contents":[["Prim"],"String"]}]}}},{"EDInstance":{"edInstanceClassName":[["Data","Eq"],"Eq"],"edInstanceName":{"Ident":"eqIsoDuration"},"edInstanceTypes":[{"tag":"TypeConstructor","contents":[["Data","Interval","Duration","Iso"],"IsoDuration"]}],"edInstanceConstraints":[]}},{"EDInstance":{"edInstanceClassName":[["Data","Ord"],"Ord"],"edInstanceName":{"Ident":"ordIsoDuration"},"edInstanceTypes":[{"tag":"TypeConstructor","contents":[["Data","Interval","Duration","Iso"],"IsoDuration"]}],"edInstanceConstraints":[]}},{"EDInstance":{"edInstanceClassName":[["Data","Show"],"Show"],"edInstanceName":{"Ident":"showIsoDuration"},"edInstanceTypes":[{"tag":"TypeConstructor","contents":[["Data","Interval","Duration","Iso"],"IsoDuration"]}],"edInstanceConstraints":[]}},{"EDInstance":{"edInstanceClassName":[["Data","Eq"],"Eq"],"edInstanceName":{"Ident":"eqError"},"edInstanceTypes":[{"tag":"TypeConstructor","contents":[["Data","Interval","Duration","Iso"],"Error"]}],"edInstanceConstraints":[]}},{"EDInstance":{"edInstanceClassName":[["Data","Ord"],"Ord"],"edInstanceName":{"Ident":"ordError"},"edInstanceTypes":[{"tag":"TypeConstructor","contents":[["Data","Interval","Duration","Iso"],"Error"]}],"edInstanceConstraints":[]}},{"EDInstance":{"edInstanceClassName":[["Data","Show"],"Show"],"edInstanceName":{"Ident":"showError"},"edInstanceTypes":[{"tag":"TypeConstructor","contents":[["Data","Interval","Duration","Iso"],"Error"]}],"edInstanceConstraints":[]}}],"efSourceSpan":{"start":[1,1],"name":"E:\\practice\\haskell\\cube-rotation\\bower_components\\purescript-datetime\\src\\Data\\Interval\\Duration\\Iso.purs","end":[97,62]}}