{"efVersion":"0.11.7","efModuleName":["Data","Lens","Lens","Tuple"],"efExports":[{"ReExportRef":[{"start":[1,1],"name":"E:\\practice\\haskell\\cube-rotation\\bower_components\\purescript-profunctor-lenses\\src\\Data\\Lens\\Lens\\Tuple.purs","end":[17,6]},["Data","Profunctor","Strong"],{"ValueRef":[{"start":[1,1],"name":"E:\\practice\\haskell\\cube-rotation\\bower_components\\purescript-profunctor-lenses\\src\\Data\\Lens\\Lens\\Tuple.purs","end":[17,6]},{"Ident":"first"}]}]},{"ReExportRef":[{"start":[1,1],"name":"E:\\practice\\haskell\\cube-rotation\\bower_components\\purescript-profunctor-lenses\\src\\Data\\Lens\\Lens\\Tuple.purs","end":[17,6]},["Data","Profunctor","Strong"],{"ValueRef":[{"start":[1,1],"name":"E:\\practice\\haskell\\cube-rotation\\bower_components\\purescript-profunctor-lenses\\src\\Data\\Lens\\Lens\\Tuple.purs","end":[17,6]},{"Ident":"second"}]}]},{"ValueRef":[{"start":[1,1],"name":"E:\\practice\\haskell\\cube-rotation\\bower_components\\purescript-profunctor-lenses\\src\\Data\\Lens\\Lens\\Tuple.purs","end":[17,6]},{"Ident":"_1"}]},{"ValueRef":[{"start":[1,1],"name":"E:\\practice\\haskell\\cube-rotation\\bower_components\\purescript-profunctor-lenses\\src\\Data\\Lens\\Lens\\Tuple.purs","end":[17,6]},{"Ident":"_2"}]},{"ModuleRef":[{"start":[4,5],"name":"E:\\practice\\haskell\\cube-rotation\\bower_components\\purescript-profunctor-lenses\\src\\Data\\Lens\\Lens\\Tuple.purs","end":[4,34]},["Data","Profunctor","Strong"]]}],"efImports":[{"eiModule":["Prim"],"eiImportType":{"Implicit":[]},"eiImportedAs":["Prim"]},{"eiModule":["Prim"],"eiImportType":{"Implicit":[]},"eiImportedAs":null},{"eiModule":["Data","Lens","Lens"],"eiImportType":{"Explicit":[{"TypeRef":[{"start":[7,24],"name":"E:\\practice\\haskell\\cube-rotation\\bower_components\\purescript-profunctor-lenses\\src\\Data\\Lens\\Lens\\Tuple.purs","end":[7,28]},"Lens",[]]}]},"eiImportedAs":null},{"eiModule":["Data","Profunctor","Strong"],"eiImportType":{"Explicit":[{"ValueRef":[{"start":[8,32],"name":"E:\\practice\\haskell\\cube-rotation\\bower_components\\purescript-profunctor-lenses\\src\\Data\\Lens\\Lens\\Tuple.purs","end":[8,37]},{"Ident":"first"}]},{"ValueRef":[{"start":[8,39],"name":"E:\\practice\\haskell\\cube-rotation\\bower_components\\purescript-profunctor-lenses\\src\\Data\\Lens\\Lens\\Tuple.purs","end":[8,45]},{"Ident":"second"}]}]},"eiImportedAs":null},{"eiModule":["Data","Tuple"],"eiImportType":{"Explicit":[{"TypeRef":[{"start":[9,20],"name":"E:\\practice\\haskell\\cube-rotation\\bower_components\\purescript-profunctor-lenses\\src\\Data\\Lens\\Lens\\Tuple.purs","end":[9,25]},"Tuple",[]]}]},"eiImportedAs":null}],"efFixities":[],"efTypeFixities":[],"efDeclarations":[{"EDValue":{"edValueName":{"Ident":"_1"},"edValueType":{"tag":"ForAll","contents":["c",{"tag":"ForAll","contents":["b",{"tag":"ForAll","contents":["a",{"tag":"ForAll","contents":["p",{"tag":"ConstrainedType","contents":[{"constraintClass":[["Data","Profunctor","Strong"],"Strong"],"constraintArgs":[{"tag":"TypeVar","contents":"p"}],"constraintData":null},{"tag":"TypeApp","contents":[{"tag":"TypeApp","contents":[{"tag":"TypeConstructor","contents":[["Prim"],"Function"]},{"tag":"TypeApp","contents":[{"tag":"TypeApp","contents":[{"tag":"TypeVar","contents":"p"},{"tag":"TypeVar","contents":"a"}]},{"tag":"TypeVar","contents":"b"}]}]},{"tag":"TypeApp","contents":[{"tag":"TypeApp","contents":[{"tag":"TypeVar","contents":"p"},{"tag":"TypeApp","contents":[{"tag":"TypeApp","contents":[{"tag":"TypeConstructor","contents":[["Data","Tuple"],"Tuple"]},{"tag":"TypeVar","contents":"a"}]},{"tag":"TypeVar","contents":"c"}]}]},{"tag":"TypeApp","contents":[{"tag":"TypeApp","contents":[{"tag":"TypeConstructor","contents":[["Data","Tuple"],"Tuple"]},{"tag":"TypeVar","contents":"b"}]},{"tag":"TypeVar","contents":"c"}]}]}]}]},8]},9]},10]},11]}}},{"EDValue":{"edValueName":{"Ident":"_2"},"edValueType":{"tag":"ForAll","contents":["c",{"tag":"ForAll","contents":["b",{"tag":"ForAll","contents":["a",{"tag":"ForAll","contents":["p",{"tag":"ConstrainedType","contents":[{"constraintClass":[["Data","Profunctor","Strong"],"Strong"],"constraintArgs":[{"tag":"TypeVar","contents":"p"}],"constraintData":null},{"tag":"TypeApp","contents":[{"tag":"TypeApp","contents":[{"tag":"TypeConstructor","contents":[["Prim"],"Function"]},{"tag":"TypeApp","contents":[{"tag":"TypeApp","contents":[{"tag":"TypeVar","contents":"p"},{"tag":"TypeVar","contents":"a"}]},{"tag":"TypeVar","contents":"b"}]}]},{"tag":"TypeApp","contents":[{"tag":"TypeApp","contents":[{"tag":"TypeVar","contents":"p"},{"tag":"TypeApp","contents":[{"tag":"TypeApp","contents":[{"tag":"TypeConstructor","contents":[["Data","Tuple"],"Tuple"]},{"tag":"TypeVar","contents":"c"}]},{"tag":"TypeVar","contents":"a"}]}]},{"tag":"TypeApp","contents":[{"tag":"TypeApp","contents":[{"tag":"TypeConstructor","contents":[["Data","Tuple"],"Tuple"]},{"tag":"TypeVar","contents":"c"}]},{"tag":"TypeVar","contents":"b"}]}]}]}]},0]},1]},2]},3]}}}],"efSourceSpan":{"start":[1,1],"name":"E:\\practice\\haskell\\cube-rotation\\bower_components\\purescript-profunctor-lenses\\src\\Data\\Lens\\Lens\\Tuple.purs","end":[17,6]}}