{"efVersion":"0.11.7","efModuleName":["Data","JSDate"],"efExports":[{"TypeRef":[{"start":[1,1],"name":"E:\\practice\\haskell\\cube-rotation\\bower_components\\purescript-js-date\\src\\Data\\JSDate.purs","end":[253,50]},"JSDate",[]]},{"TypeRef":[{"start":[1,1],"name":"E:\\practice\\haskell\\cube-rotation\\bower_components\\purescript-js-date\\src\\Data\\JSDate.purs","end":[253,50]},"LOCALE",[]]},{"ValueRef":[{"start":[1,1],"name":"E:\\practice\\haskell\\cube-rotation\\bower_components\\purescript-js-date\\src\\Data\\JSDate.purs","end":[253,50]},{"Ident":"readDate"}]},{"ValueRef":[{"start":[1,1],"name":"E:\\practice\\haskell\\cube-rotation\\bower_components\\purescript-js-date\\src\\Data\\JSDate.purs","end":[253,50]},{"Ident":"isValid"}]},{"ValueRef":[{"start":[1,1],"name":"E:\\practice\\haskell\\cube-rotation\\bower_components\\purescript-js-date\\src\\Data\\JSDate.purs","end":[253,50]},{"Ident":"fromDateTime"}]},{"ValueRef":[{"start":[1,1],"name":"E:\\practice\\haskell\\cube-rotation\\bower_components\\purescript-js-date\\src\\Data\\JSDate.purs","end":[253,50]},{"Ident":"toDateTime"}]},{"ValueRef":[{"start":[1,1],"name":"E:\\practice\\haskell\\cube-rotation\\bower_components\\purescript-js-date\\src\\Data\\JSDate.purs","end":[253,50]},{"Ident":"toDate"}]},{"ValueRef":[{"start":[1,1],"name":"E:\\practice\\haskell\\cube-rotation\\bower_components\\purescript-js-date\\src\\Data\\JSDate.purs","end":[253,50]},{"Ident":"toInstant"}]},{"ValueRef":[{"start":[1,1],"name":"E:\\practice\\haskell\\cube-rotation\\bower_components\\purescript-js-date\\src\\Data\\JSDate.purs","end":[253,50]},{"Ident":"jsdate"}]},{"ValueRef":[{"start":[1,1],"name":"E:\\practice\\haskell\\cube-rotation\\bower_components\\purescript-js-date\\src\\Data\\JSDate.purs","end":[253,50]},{"Ident":"jsdateLocal"}]},{"ValueRef":[{"start":[1,1],"name":"E:\\practice\\haskell\\cube-rotation\\bower_components\\purescript-js-date\\src\\Data\\JSDate.purs","end":[253,50]},{"Ident":"parse"}]},{"ValueRef":[{"start":[1,1],"name":"E:\\practice\\haskell\\cube-rotation\\bower_components\\purescript-js-date\\src\\Data\\JSDate.purs","end":[253,50]},{"Ident":"getTime"}]},{"ValueRef":[{"start":[1,1],"name":"E:\\practice\\haskell\\cube-rotation\\bower_components\\purescript-js-date\\src\\Data\\JSDate.purs","end":[253,50]},{"Ident":"getUTCDate"}]},{"ValueRef":[{"start":[1,1],"name":"E:\\practice\\haskell\\cube-rotation\\bower_components\\purescript-js-date\\src\\Data\\JSDate.purs","end":[253,50]},{"Ident":"getUTCDay"}]},{"ValueRef":[{"start":[1,1],"name":"E:\\practice\\haskell\\cube-rotation\\bower_components\\purescript-js-date\\src\\Data\\JSDate.purs","end":[253,50]},{"Ident":"getUTCFullYear"}]},{"ValueRef":[{"start":[1,1],"name":"E:\\practice\\haskell\\cube-rotation\\bower_components\\purescript-js-date\\src\\Data\\JSDate.purs","end":[253,50]},{"Ident":"getUTCHours"}]},{"ValueRef":[{"start":[1,1],"name":"E:\\practice\\haskell\\cube-rotation\\bower_components\\purescript-js-date\\src\\Data\\JSDate.purs","end":[253,50]},{"Ident":"getUTCMilliseconds"}]},{"ValueRef":[{"start":[1,1],"name":"E:\\practice\\haskell\\cube-rotation\\bower_components\\purescript-js-date\\src\\Data\\JSDate.purs","end":[253,50]},{"Ident":"getUTCMinutes"}]},{"ValueRef":[{"start":[1,1],"name":"E:\\practice\\haskell\\cube-rotation\\bower_components\\purescript-js-date\\src\\Data\\JSDate.purs","end":[253,50]},{"Ident":"getUTCMonth"}]},{"ValueRef":[{"start":[1,1],"name":"E:\\practice\\haskell\\cube-rotation\\bower_components\\purescript-js-date\\src\\Data\\JSDate.purs","end":[253,50]},{"Ident":"getUTCSeconds"}]},{"ValueRef":[{"start":[1,1],"name":"E:\\practice\\haskell\\cube-rotation\\bower_components\\purescript-js-date\\src\\Data\\JSDate.purs","end":[253,50]},{"Ident":"getDate"}]},{"ValueRef":[{"start":[1,1],"name":"E:\\practice\\haskell\\cube-rotation\\bower_components\\purescript-js-date\\src\\Data\\JSDate.purs","end":[253,50]},{"Ident":"getDay"}]},{"ValueRef":[{"start":[1,1],"name":"E:\\practice\\haskell\\cube-rotation\\bower_components\\purescript-js-date\\src\\Data\\JSDate.purs","end":[253,50]},{"Ident":"getFullYear"}]},{"ValueRef":[{"start":[1,1],"name":"E:\\practice\\haskell\\cube-rotation\\bower_components\\purescript-js-date\\src\\Data\\JSDate.purs","end":[253,50]},{"Ident":"getHours"}]},{"ValueRef":[{"start":[1,1],"name":"E:\\practice\\haskell\\cube-rotation\\bower_components\\purescript-js-date\\src\\Data\\JSDate.purs","end":[253,50]},{"Ident":"getMilliseconds"}]},{"ValueRef":[{"start":[1,1],"name":"E:\\practice\\haskell\\cube-rotation\\bower_components\\purescript-js-date\\src\\Data\\JSDate.purs","end":[253,50]},{"Ident":"getMinutes"}]},{"ValueRef":[{"start":[1,1],"name":"E:\\practice\\haskell\\cube-rotation\\bower_components\\purescript-js-date\\src\\Data\\JSDate.purs","end":[253,50]},{"Ident":"getMonth"}]},{"ValueRef":[{"start":[1,1],"name":"E:\\practice\\haskell\\cube-rotation\\bower_components\\purescript-js-date\\src\\Data\\JSDate.purs","end":[253,50]},{"Ident":"getSeconds"}]},{"ValueRef":[{"start":[1,1],"name":"E:\\practice\\haskell\\cube-rotation\\bower_components\\purescript-js-date\\src\\Data\\JSDate.purs","end":[253,50]},{"Ident":"getTimezoneOffset"}]},{"ValueRef":[{"start":[1,1],"name":"E:\\practice\\haskell\\cube-rotation\\bower_components\\purescript-js-date\\src\\Data\\JSDate.purs","end":[253,50]},{"Ident":"toDateString"}]},{"ValueRef":[{"start":[1,1],"name":"E:\\practice\\haskell\\cube-rotation\\bower_components\\purescript-js-date\\src\\Data\\JSDate.purs","end":[253,50]},{"Ident":"toISOString"}]},{"ValueRef":[{"start":[1,1],"name":"E:\\practice\\haskell\\cube-rotation\\bower_components\\purescript-js-date\\src\\Data\\JSDate.purs","end":[253,50]},{"Ident":"toString"}]},{"ValueRef":[{"start":[1,1],"name":"E:\\practice\\haskell\\cube-rotation\\bower_components\\purescript-js-date\\src\\Data\\JSDate.purs","end":[253,50]},{"Ident":"toTimeString"}]},{"ValueRef":[{"start":[1,1],"name":"E:\\practice\\haskell\\cube-rotation\\bower_components\\purescript-js-date\\src\\Data\\JSDate.purs","end":[253,50]},{"Ident":"toUTCString"}]}],"efImports":[{"eiModule":["Prim"],"eiImportType":{"Implicit":[]},"eiImportedAs":["Prim"]},{"eiModule":["Prim"],"eiImportType":{"Implicit":[]},"eiImportedAs":null},{"eiModule":["Prelude"],"eiImportType":{"Implicit":[]},"eiImportedAs":null},{"eiModule":["Control","Monad","Eff"],"eiImportType":{"Explicit":[{"KindRef":[{"start":[48,27],"name":"E:\\practice\\haskell\\cube-rotation\\bower_components\\purescript-js-date\\src\\Data\\JSDate.purs","end":[48,38]},"Effect"]},{"TypeRef":[{"start":[48,40],"name":"E:\\practice\\haskell\\cube-rotation\\bower_components\\purescript-js-date\\src\\Data\\JSDate.purs","end":[48,43]},"Eff",[]]}]},"eiImportedAs":null},{"eiModule":["Control","Monad","Eff","Exception"],"eiImportType":{"Explicit":[{"TypeRef":[{"start":[49,37],"name":"E:\\practice\\haskell\\cube-rotation\\bower_components\\purescript-js-date\\src\\Data\\JSDate.purs","end":[49,46]},"EXCEPTION",[]]}]},"eiImportedAs":null},{"eiModule":["Data","Date"],"eiImportType":{"Implicit":[]},"eiImportedAs":["Date"]},{"eiModule":["Data","DateTime"],"eiImportType":{"Explicit":[{"TypeRef":[{"start":[52,23],"name":"E:\\practice\\haskell\\cube-rotation\\bower_components\\purescript-js-date\\src\\Data\\JSDate.purs","end":[52,35]},"DateTime",null]},{"TypeRef":[{"start":[52,37],"name":"E:\\practice\\haskell\\cube-rotation\\bower_components\\purescript-js-date\\src\\Data\\JSDate.purs","end":[52,41]},"Date",[]]}]},"eiImportedAs":null},{"eiModule":["Data","DateTime"],"eiImportType":{"Implicit":[]},"eiImportedAs":["DateTime"]},{"eiModule":["Data","DateTime","Instant"],"eiImportType":{"Explicit":[{"TypeRef":[{"start":[54,31],"name":"E:\\practice\\haskell\\cube-rotation\\bower_components\\purescript-js-date\\src\\Data\\JSDate.purs","end":[54,38]},"Instant",[]]}]},"eiImportedAs":null},{"eiModule":["Data","DateTime","Instant"],"eiImportType":{"Implicit":[]},"eiImportedAs":["Instant"]},{"eiModule":["Data","Enum"],"eiImportType":{"Explicit":[{"ValueRef":[{"start":[56,19],"name":"E:\\practice\\haskell\\cube-rotation\\bower_components\\purescript-js-date\\src\\Data\\JSDate.purs","end":[56,27]},{"Ident":"fromEnum"}]}]},"eiImportedAs":null},{"eiModule":["Data","Foreign"],"eiImportType":{"Explicit":[{"TypeRef":[{"start":[57,22],"name":"E:\\practice\\haskell\\cube-rotation\\bower_components\\purescript-js-date\\src\\Data\\JSDate.purs","end":[57,23]},"F",[]]},{"TypeRef":[{"start":[57,25],"name":"E:\\practice\\haskell\\cube-rotation\\bower_components\\purescript-js-date\\src\\Data\\JSDate.purs","end":[57,32]},"Foreign",[]]},{"ValueRef":[{"start":[57,34],"name":"E:\\practice\\haskell\\cube-rotation\\bower_components\\purescript-js-date\\src\\Data\\JSDate.purs","end":[57,50]},{"Ident":"unsafeReadTagged"}]}]},"eiImportedAs":null},{"eiModule":["Data","Function","Uncurried"],"eiImportType":{"Explicit":[{"TypeRef":[{"start":[58,33],"name":"E:\\practice\\haskell\\cube-rotation\\bower_components\\purescript-js-date\\src\\Data\\JSDate.purs","end":[58,36]},"Fn2",[]]},{"ValueRef":[{"start":[58,38],"name":"E:\\practice\\haskell\\cube-rotation\\bower_components\\purescript-js-date\\src\\Data\\JSDate.purs","end":[58,44]},{"Ident":"runFn2"}]}]},"eiImportedAs":null},{"eiModule":["Data","Int"],"eiImportType":{"Explicit":[{"ValueRef":[{"start":[59,18],"name":"E:\\practice\\haskell\\cube-rotation\\bower_components\\purescript-js-date\\src\\Data\\JSDate.purs","end":[59,26]},{"Ident":"toNumber"}]}]},"eiImportedAs":null},{"eiModule":["Data","Maybe"],"eiImportType":{"Explicit":[{"TypeRef":[{"start":[60,20],"name":"E:\\practice\\haskell\\cube-rotation\\bower_components\\purescript-js-date\\src\\Data\\JSDate.purs","end":[60,29]},"Maybe",null]}]},"eiImportedAs":null},{"eiModule":["Data","Time"],"eiImportType":{"Implicit":[]},"eiImportedAs":["Time"]},{"eiModule":["Data","Time","Duration"],"eiImportType":{"Explicit":[{"TypeRef":[{"start":[62,28],"name":"E:\\practice\\haskell\\cube-rotation\\bower_components\\purescript-js-date\\src\\Data\\JSDate.purs","end":[62,44]},"Milliseconds",null]}]},"eiImportedAs":null}],"efFixities":[],"efTypeFixities":[],"efDeclarations":[{"EDType":{"edTypeName":"JSDate","edTypeKind":{"tag":"NamedKind","contents":[["Prim"],"Type"]},"edTypeDeclarationKind":"ExternData"}},{"EDType":{"edTypeName":"LOCALE","edTypeKind":{"tag":"NamedKind","contents":[["Control","Monad","Eff"],"Effect"]},"edTypeDeclarationKind":"ExternData"}},{"EDValue":{"edValueName":{"Ident":"readDate"},"edValueType":{"tag":"TypeApp","contents":[{"tag":"TypeApp","contents":[{"tag":"TypeConstructor","contents":[["Prim"],"Function"]},{"tag":"TypeConstructor","contents":[["Data","Foreign"],"Foreign"]}]},{"tag":"TypeApp","contents":[{"tag":"TypeApp","contents":[{"tag":"TypeApp","contents":[{"tag":"TypeConstructor","contents":[["Control","Monad","Except","Trans"],"ExceptT"]},{"tag":"TypeApp","contents":[{"tag":"TypeConstructor","contents":[["Data","List","Types"],"NonEmptyList"]},{"tag":"TypeConstructor","contents":[["Data","Foreign"],"ForeignError"]}]}]},{"tag":"TypeConstructor","contents":[["Data","Identity"],"Identity"]}]},{"tag":"TypeConstructor","contents":[["Data","JSDate"],"JSDate"]}]}]}}},{"EDValue":{"edValueName":{"Ident":"isValid"},"edValueType":{"tag":"TypeApp","contents":[{"tag":"TypeApp","contents":[{"tag":"TypeConstructor","contents":[["Prim"],"Function"]},{"tag":"TypeConstructor","contents":[["Data","JSDate"],"JSDate"]}]},{"tag":"TypeConstructor","contents":[["Prim"],"Boolean"]}]}}},{"EDValue":{"edValueName":{"Ident":"fromDateTime"},"edValueType":{"tag":"TypeApp","contents":[{"tag":"TypeApp","contents":[{"tag":"TypeConstructor","contents":[["Prim"],"Function"]},{"tag":"TypeConstructor","contents":[["Data","DateTime"],"DateTime"]}]},{"tag":"TypeConstructor","contents":[["Data","JSDate"],"JSDate"]}]}}},{"EDValue":{"edValueName":{"Ident":"toDateTime"},"edValueType":{"tag":"TypeApp","contents":[{"tag":"TypeApp","contents":[{"tag":"TypeConstructor","contents":[["Prim"],"Function"]},{"tag":"TypeConstructor","contents":[["Data","JSDate"],"JSDate"]}]},{"tag":"TypeApp","contents":[{"tag":"TypeConstructor","contents":[["Data","Maybe"],"Maybe"]},{"tag":"TypeConstructor","contents":[["Data","DateTime"],"DateTime"]}]}]}}},{"EDValue":{"edValueName":{"Ident":"toDate"},"edValueType":{"tag":"TypeApp","contents":[{"tag":"TypeApp","contents":[{"tag":"TypeConstructor","contents":[["Prim"],"Function"]},{"tag":"TypeConstructor","contents":[["Data","JSDate"],"JSDate"]}]},{"tag":"TypeApp","contents":[{"tag":"TypeConstructor","contents":[["Data","Maybe"],"Maybe"]},{"tag":"TypeConstructor","contents":[["Data","Date"],"Date"]}]}]}}},{"EDValue":{"edValueName":{"Ident":"toInstant"},"edValueType":{"tag":"TypeApp","contents":[{"tag":"TypeApp","contents":[{"tag":"TypeConstructor","contents":[["Prim"],"Function"]},{"tag":"TypeConstructor","contents":[["Data","JSDate"],"JSDate"]}]},{"tag":"TypeApp","contents":[{"tag":"TypeConstructor","contents":[["Data","Maybe"],"Maybe"]},{"tag":"TypeConstructor","contents":[["Data","DateTime","Instant"],"Instant"]}]}]}}},{"EDValue":{"edValueName":{"Ident":"jsdate"},"edValueType":{"tag":"TypeApp","contents":[{"tag":"TypeApp","contents":[{"tag":"TypeConstructor","contents":[["Prim"],"Function"]},{"tag":"TypeApp","contents":[{"tag":"TypeConstructor","contents":[["Prim"],"Record"]},{"tag":"RCons","contents":["year",{"tag":"TypeConstructor","contents":[["Prim"],"Number"]},{"tag":"RCons","contents":["month",{"tag":"TypeConstructor","contents":[["Prim"],"Number"]},{"tag":"RCons","contents":["day",{"tag":"TypeConstructor","contents":[["Prim"],"Number"]},{"tag":"RCons","contents":["hour",{"tag":"TypeConstructor","contents":[["Prim"],"Number"]},{"tag":"RCons","contents":["minute",{"tag":"TypeConstructor","contents":[["Prim"],"Number"]},{"tag":"RCons","contents":["second",{"tag":"TypeConstructor","contents":[["Prim"],"Number"]},{"tag":"RCons","contents":["millisecond",{"tag":"TypeConstructor","contents":[["Prim"],"Number"]},{"tag":"REmpty"}]}]}]}]}]}]}]}]}]},{"tag":"TypeConstructor","contents":[["Data","JSDate"],"JSDate"]}]}}},{"EDValue":{"edValueName":{"Ident":"jsdateLocal"},"edValueType":{"tag":"ForAll","contents":["eff",{"tag":"TypeApp","contents":[{"tag":"TypeApp","contents":[{"tag":"TypeConstructor","contents":[["Prim"],"Function"]},{"tag":"TypeApp","contents":[{"tag":"TypeConstructor","contents":[["Prim"],"Record"]},{"tag":"RCons","contents":["year",{"tag":"TypeConstructor","contents":[["Prim"],"Number"]},{"tag":"RCons","contents":["month",{"tag":"TypeConstructor","contents":[["Prim"],"Number"]},{"tag":"RCons","contents":["day",{"tag":"TypeConstructor","contents":[["Prim"],"Number"]},{"tag":"RCons","contents":["hour",{"tag":"TypeConstructor","contents":[["Prim"],"Number"]},{"tag":"RCons","contents":["minute",{"tag":"TypeConstructor","contents":[["Prim"],"Number"]},{"tag":"RCons","contents":["second",{"tag":"TypeConstructor","contents":[["Prim"],"Number"]},{"tag":"RCons","contents":["millisecond",{"tag":"TypeConstructor","contents":[["Prim"],"Number"]},{"tag":"REmpty"}]}]}]}]}]}]}]}]}]},{"tag":"TypeApp","contents":[{"tag":"TypeApp","contents":[{"tag":"TypeConstructor","contents":[["Control","Monad","Eff"],"Eff"]},{"tag":"RCons","contents":["locale",{"tag":"TypeConstructor","contents":[["Data","JSDate"],"LOCALE"]},{"tag":"TypeVar","contents":"eff"}]}]},{"tag":"TypeConstructor","contents":[["Data","JSDate"],"JSDate"]}]}]},null]}}},{"EDValue":{"edValueName":{"Ident":"parse"},"edValueType":{"tag":"ForAll","contents":["eff",{"tag":"TypeApp","contents":[{"tag":"TypeApp","contents":[{"tag":"TypeConstructor","contents":[["Prim"],"Function"]},{"tag":"TypeConstructor","contents":[["Prim"],"String"]}]},{"tag":"TypeApp","contents":[{"tag":"TypeApp","contents":[{"tag":"TypeConstructor","contents":[["Control","Monad","Eff"],"Eff"]},{"tag":"RCons","contents":["locale",{"tag":"TypeConstructor","contents":[["Data","JSDate"],"LOCALE"]},{"tag":"TypeVar","contents":"eff"}]}]},{"tag":"TypeConstructor","contents":[["Data","JSDate"],"JSDate"]}]}]},null]}}},{"EDValue":{"edValueName":{"Ident":"getTime"},"edValueType":{"tag":"TypeApp","contents":[{"tag":"TypeApp","contents":[{"tag":"TypeConstructor","contents":[["Prim"],"Function"]},{"tag":"TypeConstructor","contents":[["Data","JSDate"],"JSDate"]}]},{"tag":"TypeConstructor","contents":[["Prim"],"Number"]}]}}},{"EDValue":{"edValueName":{"Ident":"getUTCDate"},"edValueType":{"tag":"TypeApp","contents":[{"tag":"TypeApp","contents":[{"tag":"TypeConstructor","contents":[["Prim"],"Function"]},{"tag":"TypeConstructor","contents":[["Data","JSDate"],"JSDate"]}]},{"tag":"TypeConstructor","contents":[["Prim"],"Number"]}]}}},{"EDValue":{"edValueName":{"Ident":"getUTCDay"},"edValueType":{"tag":"TypeApp","contents":[{"tag":"TypeApp","contents":[{"tag":"TypeConstructor","contents":[["Prim"],"Function"]},{"tag":"TypeConstructor","contents":[["Data","JSDate"],"JSDate"]}]},{"tag":"TypeConstructor","contents":[["Prim"],"Number"]}]}}},{"EDValue":{"edValueName":{"Ident":"getUTCFullYear"},"edValueType":{"tag":"TypeApp","contents":[{"tag":"TypeApp","contents":[{"tag":"TypeConstructor","contents":[["Prim"],"Function"]},{"tag":"TypeConstructor","contents":[["Data","JSDate"],"JSDate"]}]},{"tag":"TypeConstructor","contents":[["Prim"],"Number"]}]}}},{"EDValue":{"edValueName":{"Ident":"getUTCHours"},"edValueType":{"tag":"TypeApp","contents":[{"tag":"TypeApp","contents":[{"tag":"TypeConstructor","contents":[["Prim"],"Function"]},{"tag":"TypeConstructor","contents":[["Data","JSDate"],"JSDate"]}]},{"tag":"TypeConstructor","contents":[["Prim"],"Number"]}]}}},{"EDValue":{"edValueName":{"Ident":"getUTCMilliseconds"},"edValueType":{"tag":"TypeApp","contents":[{"tag":"TypeApp","contents":[{"tag":"TypeConstructor","contents":[["Prim"],"Function"]},{"tag":"TypeConstructor","contents":[["Data","JSDate"],"JSDate"]}]},{"tag":"TypeConstructor","contents":[["Prim"],"Number"]}]}}},{"EDValue":{"edValueName":{"Ident":"getUTCMinutes"},"edValueType":{"tag":"TypeApp","contents":[{"tag":"TypeApp","contents":[{"tag":"TypeConstructor","contents":[["Prim"],"Function"]},{"tag":"TypeConstructor","contents":[["Data","JSDate"],"JSDate"]}]},{"tag":"TypeConstructor","contents":[["Prim"],"Number"]}]}}},{"EDValue":{"edValueName":{"Ident":"getUTCMonth"},"edValueType":{"tag":"TypeApp","contents":[{"tag":"TypeApp","contents":[{"tag":"TypeConstructor","contents":[["Prim"],"Function"]},{"tag":"TypeConstructor","contents":[["Data","JSDate"],"JSDate"]}]},{"tag":"TypeConstructor","contents":[["Prim"],"Number"]}]}}},{"EDValue":{"edValueName":{"Ident":"getUTCSeconds"},"edValueType":{"tag":"TypeApp","contents":[{"tag":"TypeApp","contents":[{"tag":"TypeConstructor","contents":[["Prim"],"Function"]},{"tag":"TypeConstructor","contents":[["Data","JSDate"],"JSDate"]}]},{"tag":"TypeConstructor","contents":[["Prim"],"Number"]}]}}},{"EDValue":{"edValueName":{"Ident":"getDate"},"edValueType":{"tag":"ForAll","contents":["eff",{"tag":"TypeApp","contents":[{"tag":"TypeApp","contents":[{"tag":"TypeConstructor","contents":[["Prim"],"Function"]},{"tag":"TypeConstructor","contents":[["Data","JSDate"],"JSDate"]}]},{"tag":"TypeApp","contents":[{"tag":"TypeApp","contents":[{"tag":"TypeConstructor","contents":[["Control","Monad","Eff"],"Eff"]},{"tag":"RCons","contents":["locale",{"tag":"TypeConstructor","contents":[["Data","JSDate"],"LOCALE"]},{"tag":"TypeVar","contents":"eff"}]}]},{"tag":"TypeConstructor","contents":[["Prim"],"Number"]}]}]},121]}}},{"EDValue":{"edValueName":{"Ident":"getDay"},"edValueType":{"tag":"ForAll","contents":["eff",{"tag":"TypeApp","contents":[{"tag":"TypeApp","contents":[{"tag":"TypeConstructor","contents":[["Prim"],"Function"]},{"tag":"TypeConstructor","contents":[["Data","JSDate"],"JSDate"]}]},{"tag":"TypeApp","contents":[{"tag":"TypeApp","contents":[{"tag":"TypeConstructor","contents":[["Control","Monad","Eff"],"Eff"]},{"tag":"RCons","contents":["locale",{"tag":"TypeConstructor","contents":[["Data","JSDate"],"LOCALE"]},{"tag":"TypeVar","contents":"eff"}]}]},{"tag":"TypeConstructor","contents":[["Prim"],"Number"]}]}]},114]}}},{"EDValue":{"edValueName":{"Ident":"getFullYear"},"edValueType":{"tag":"ForAll","contents":["eff",{"tag":"TypeApp","contents":[{"tag":"TypeApp","contents":[{"tag":"TypeConstructor","contents":[["Prim"],"Function"]},{"tag":"TypeConstructor","contents":[["Data","JSDate"],"JSDate"]}]},{"tag":"TypeApp","contents":[{"tag":"TypeApp","contents":[{"tag":"TypeConstructor","contents":[["Control","Monad","Eff"],"Eff"]},{"tag":"RCons","contents":["locale",{"tag":"TypeConstructor","contents":[["Data","JSDate"],"LOCALE"]},{"tag":"TypeVar","contents":"eff"}]}]},{"tag":"TypeConstructor","contents":[["Prim"],"Number"]}]}]},107]}}},{"EDValue":{"edValueName":{"Ident":"getHours"},"edValueType":{"tag":"ForAll","contents":["eff",{"tag":"TypeApp","contents":[{"tag":"TypeApp","contents":[{"tag":"TypeConstructor","contents":[["Prim"],"Function"]},{"tag":"TypeConstructor","contents":[["Data","JSDate"],"JSDate"]}]},{"tag":"TypeApp","contents":[{"tag":"TypeApp","contents":[{"tag":"TypeConstructor","contents":[["Control","Monad","Eff"],"Eff"]},{"tag":"RCons","contents":["locale",{"tag":"TypeConstructor","contents":[["Data","JSDate"],"LOCALE"]},{"tag":"TypeVar","contents":"eff"}]}]},{"tag":"TypeConstructor","contents":[["Prim"],"Number"]}]}]},100]}}},{"EDValue":{"edValueName":{"Ident":"getMilliseconds"},"edValueType":{"tag":"ForAll","contents":["eff",{"tag":"TypeApp","contents":[{"tag":"TypeApp","contents":[{"tag":"TypeConstructor","contents":[["Prim"],"Function"]},{"tag":"TypeConstructor","contents":[["Data","JSDate"],"JSDate"]}]},{"tag":"TypeApp","contents":[{"tag":"TypeApp","contents":[{"tag":"TypeConstructor","contents":[["Control","Monad","Eff"],"Eff"]},{"tag":"RCons","contents":["locale",{"tag":"TypeConstructor","contents":[["Data","JSDate"],"LOCALE"]},{"tag":"TypeVar","contents":"eff"}]}]},{"tag":"TypeConstructor","contents":[["Prim"],"Number"]}]}]},93]}}},{"EDValue":{"edValueName":{"Ident":"getMinutes"},"edValueType":{"tag":"ForAll","contents":["eff",{"tag":"TypeApp","contents":[{"tag":"TypeApp","contents":[{"tag":"TypeConstructor","contents":[["Prim"],"Function"]},{"tag":"TypeConstructor","contents":[["Data","JSDate"],"JSDate"]}]},{"tag":"TypeApp","contents":[{"tag":"TypeApp","contents":[{"tag":"TypeConstructor","contents":[["Control","Monad","Eff"],"Eff"]},{"tag":"RCons","contents":["locale",{"tag":"TypeConstructor","contents":[["Data","JSDate"],"LOCALE"]},{"tag":"TypeVar","contents":"eff"}]}]},{"tag":"TypeConstructor","contents":[["Prim"],"Number"]}]}]},86]}}},{"EDValue":{"edValueName":{"Ident":"getMonth"},"edValueType":{"tag":"ForAll","contents":["eff",{"tag":"TypeApp","contents":[{"tag":"TypeApp","contents":[{"tag":"TypeConstructor","contents":[["Prim"],"Function"]},{"tag":"TypeConstructor","contents":[["Data","JSDate"],"JSDate"]}]},{"tag":"TypeApp","contents":[{"tag":"TypeApp","contents":[{"tag":"TypeConstructor","contents":[["Control","Monad","Eff"],"Eff"]},{"tag":"RCons","contents":["locale",{"tag":"TypeConstructor","contents":[["Data","JSDate"],"LOCALE"]},{"tag":"TypeVar","contents":"eff"}]}]},{"tag":"TypeConstructor","contents":[["Prim"],"Number"]}]}]},79]}}},{"EDValue":{"edValueName":{"Ident":"getSeconds"},"edValueType":{"tag":"ForAll","contents":["eff",{"tag":"TypeApp","contents":[{"tag":"TypeApp","contents":[{"tag":"TypeConstructor","contents":[["Prim"],"Function"]},{"tag":"TypeConstructor","contents":[["Data","JSDate"],"JSDate"]}]},{"tag":"TypeApp","contents":[{"tag":"TypeApp","contents":[{"tag":"TypeConstructor","contents":[["Control","Monad","Eff"],"Eff"]},{"tag":"RCons","contents":["locale",{"tag":"TypeConstructor","contents":[["Data","JSDate"],"LOCALE"]},{"tag":"TypeVar","contents":"eff"}]}]},{"tag":"TypeConstructor","contents":[["Prim"],"Number"]}]}]},72]}}},{"EDValue":{"edValueName":{"Ident":"getTimezoneOffset"},"edValueType":{"tag":"ForAll","contents":["eff",{"tag":"TypeApp","contents":[{"tag":"TypeApp","contents":[{"tag":"TypeConstructor","contents":[["Prim"],"Function"]},{"tag":"TypeConstructor","contents":[["Data","JSDate"],"JSDate"]}]},{"tag":"TypeApp","contents":[{"tag":"TypeApp","contents":[{"tag":"TypeConstructor","contents":[["Control","Monad","Eff"],"Eff"]},{"tag":"RCons","contents":["locale",{"tag":"TypeConstructor","contents":[["Data","JSDate"],"LOCALE"]},{"tag":"TypeVar","contents":"eff"}]}]},{"tag":"TypeConstructor","contents":[["Prim"],"Number"]}]}]},61]}}},{"EDValue":{"edValueName":{"Ident":"toDateString"},"edValueType":{"tag":"TypeApp","contents":[{"tag":"TypeApp","contents":[{"tag":"TypeConstructor","contents":[["Prim"],"Function"]},{"tag":"TypeConstructor","contents":[["Data","JSDate"],"JSDate"]}]},{"tag":"TypeConstructor","contents":[["Prim"],"String"]}]}}},{"EDValue":{"edValueName":{"Ident":"toISOString"},"edValueType":{"tag":"ForAll","contents":["eff",{"tag":"TypeApp","contents":[{"tag":"TypeApp","contents":[{"tag":"TypeConstructor","contents":[["Prim"],"Function"]},{"tag":"TypeConstructor","contents":[["Data","JSDate"],"JSDate"]}]},{"tag":"TypeApp","contents":[{"tag":"TypeApp","contents":[{"tag":"TypeConstructor","contents":[["Control","Monad","Eff"],"Eff"]},{"tag":"RCons","contents":["err",{"tag":"TypeConstructor","contents":[["Control","Monad","Eff","Exception"],"EXCEPTION"]},{"tag":"TypeVar","contents":"eff"}]}]},{"tag":"TypeConstructor","contents":[["Prim"],"String"]}]}]},18]}}},{"EDValue":{"edValueName":{"Ident":"toString"},"edValueType":{"tag":"TypeApp","contents":[{"tag":"TypeApp","contents":[{"tag":"TypeConstructor","contents":[["Prim"],"Function"]},{"tag":"TypeConstructor","contents":[["Data","JSDate"],"JSDate"]}]},{"tag":"TypeConstructor","contents":[["Prim"],"String"]}]}}},{"EDValue":{"edValueName":{"Ident":"toTimeString"},"edValueType":{"tag":"TypeApp","contents":[{"tag":"TypeApp","contents":[{"tag":"TypeConstructor","contents":[["Prim"],"Function"]},{"tag":"TypeConstructor","contents":[["Data","JSDate"],"JSDate"]}]},{"tag":"TypeConstructor","contents":[["Prim"],"String"]}]}}},{"EDValue":{"edValueName":{"Ident":"toUTCString"},"edValueType":{"tag":"TypeApp","contents":[{"tag":"TypeApp","contents":[{"tag":"TypeConstructor","contents":[["Prim"],"Function"]},{"tag":"TypeConstructor","contents":[["Data","JSDate"],"JSDate"]}]},{"tag":"TypeConstructor","contents":[["Prim"],"String"]}]}}}],"efSourceSpan":{"start":[1,1],"name":"E:\\practice\\haskell\\cube-rotation\\bower_components\\purescript-js-date\\src\\Data\\JSDate.purs","end":[253,50]}}