{"efVersion":"0.11.7","efModuleName":["Data","CatQueue"],"efExports":[{"TypeRef":[{"start":[1,1],"name":"E:\\practice\\haskell\\cube-rotation\\bower_components\\purescript-catenable-lists\\src\\Data\\CatQueue.purs","end":[56,68]},"CatQueue",["CatQueue"]]},{"ValueRef":[{"start":[1,1],"name":"E:\\practice\\haskell\\cube-rotation\\bower_components\\purescript-catenable-lists\\src\\Data\\CatQueue.purs","end":[56,68]},{"Ident":"empty"}]},{"ValueRef":[{"start":[1,1],"name":"E:\\practice\\haskell\\cube-rotation\\bower_components\\purescript-catenable-lists\\src\\Data\\CatQueue.purs","end":[56,68]},{"Ident":"null"}]},{"ValueRef":[{"start":[1,1],"name":"E:\\practice\\haskell\\cube-rotation\\bower_components\\purescript-catenable-lists\\src\\Data\\CatQueue.purs","end":[56,68]},{"Ident":"snoc"}]},{"ValueRef":[{"start":[1,1],"name":"E:\\practice\\haskell\\cube-rotation\\bower_components\\purescript-catenable-lists\\src\\Data\\CatQueue.purs","end":[56,68]},{"Ident":"uncons"}]},{"TypeInstanceRef":[{"start":[0,0],"name":"<generated>","end":[0,0]},{"Ident":"showCatQueue"}]}],"efImports":[{"eiModule":["Prim"],"eiImportType":{"Implicit":[]},"eiImportedAs":["Prim"]},{"eiModule":["Prim"],"eiImportType":{"Implicit":[]},"eiImportedAs":null},{"eiModule":["Data","List"],"eiImportType":{"Explicit":[{"TypeRef":[{"start":[17,19],"name":"E:\\practice\\haskell\\cube-rotation\\bower_components\\purescript-catenable-lists\\src\\Data\\CatQueue.purs","end":[17,27]},"List",null]},{"ValueRef":[{"start":[17,29],"name":"E:\\practice\\haskell\\cube-rotation\\bower_components\\purescript-catenable-lists\\src\\Data\\CatQueue.purs","end":[17,36]},{"Ident":"reverse"}]}]},"eiImportedAs":null},{"eiModule":["Data","Maybe"],"eiImportType":{"Explicit":[{"TypeRef":[{"start":[18,20],"name":"E:\\practice\\haskell\\cube-rotation\\bower_components\\purescript-catenable-lists\\src\\Data\\CatQueue.purs","end":[18,29]},"Maybe",null]}]},"eiImportedAs":null},{"eiModule":["Data","Semigroup"],"eiImportType":{"Explicit":[{"ValueOpRef":[{"start":[19,24],"name":"E:\\practice\\haskell\\cube-rotation\\bower_components\\purescript-catenable-lists\\src\\Data\\CatQueue.purs","end":[19,28]},"<>"]}]},"eiImportedAs":null},{"eiModule":["Data","Show"],"eiImportType":{"Explicit":[{"TypeClassRef":[{"start":[20,19],"name":"E:\\practice\\haskell\\cube-rotation\\bower_components\\purescript-catenable-lists\\src\\Data\\CatQueue.purs","end":[20,29]},"Show"]},{"ValueRef":[{"start":[20,31],"name":"E:\\practice\\haskell\\cube-rotation\\bower_components\\purescript-catenable-lists\\src\\Data\\CatQueue.purs","end":[20,35]},{"Ident":"show"}]}]},"eiImportedAs":null},{"eiModule":["Data","Tuple"],"eiImportType":{"Explicit":[{"TypeRef":[{"start":[21,20],"name":"E:\\practice\\haskell\\cube-rotation\\bower_components\\purescript-catenable-lists\\src\\Data\\CatQueue.purs","end":[21,29]},"Tuple",null]}]},"eiImportedAs":null}],"efFixities":[],"efTypeFixities":[],"efDeclarations":[{"EDType":{"edTypeName":"CatQueue","edTypeKind":{"tag":"FunKind","contents":[{"tag":"NamedKind","contents":[["Prim"],"Type"]},{"tag":"NamedKind","contents":[["Prim"],"Type"]}]},"edTypeDeclarationKind":{"DataType":{"args":[["a",{"tag":"NamedKind","contents":[["Prim"],"Type"]}]],"ctors":[["CatQueue",[{"tag":"TypeApp","contents":[{"tag":"TypeConstructor","contents":[["Data","List","Types"],"List"]},{"tag":"TypeVar","contents":"a"}]},{"tag":"TypeApp","contents":[{"tag":"TypeConstructor","contents":[["Data","List","Types"],"List"]},{"tag":"TypeVar","contents":"a"}]}]]]}}}},{"EDDataConstructor":{"edDataCtorName":"CatQueue","edDataCtorOrigin":"data","edDataCtorTypeCtor":"CatQueue","edDataCtorType":{"tag":"ForAll","contents":["a",{"tag":"TypeApp","contents":[{"tag":"TypeApp","contents":[{"tag":"TypeConstructor","contents":[["Prim"],"Function"]},{"tag":"TypeApp","contents":[{"tag":"TypeConstructor","contents":[["Data","List","Types"],"List"]},{"tag":"TypeVar","contents":"a"}]}]},{"tag":"TypeApp","contents":[{"tag":"TypeApp","contents":[{"tag":"TypeConstructor","contents":[["Prim"],"Function"]},{"tag":"TypeApp","contents":[{"tag":"TypeConstructor","contents":[["Data","List","Types"],"List"]},{"tag":"TypeVar","contents":"a"}]}]},{"tag":"TypeApp","contents":[{"tag":"TypeConstructor","contents":[["Data","CatQueue"],"CatQueue"]},{"tag":"TypeVar","contents":"a"}]}]}]},null]},"edDataCtorFields":[{"Ident":"value0"},{"Ident":"value1"}]}},{"EDValue":{"edValueName":{"Ident":"empty"},"edValueType":{"tag":"ForAll","contents":["a",{"tag":"TypeApp","contents":[{"tag":"TypeConstructor","contents":[["Data","CatQueue"],"CatQueue"]},{"tag":"TypeVar","contents":"a"}]},11]}}},{"EDValue":{"edValueName":{"Ident":"null"},"edValueType":{"tag":"ForAll","contents":["a",{"tag":"TypeApp","contents":[{"tag":"TypeApp","contents":[{"tag":"TypeConstructor","contents":[["Prim"],"Function"]},{"tag":"TypeApp","contents":[{"tag":"TypeConstructor","contents":[["Data","CatQueue"],"CatQueue"]},{"tag":"TypeVar","contents":"a"}]}]},{"tag":"TypeConstructor","contents":[["Prim"],"Boolean"]}]},9]}}},{"EDValue":{"edValueName":{"Ident":"snoc"},"edValueType":{"tag":"ForAll","contents":["a",{"tag":"TypeApp","contents":[{"tag":"TypeApp","contents":[{"tag":"TypeConstructor","contents":[["Prim"],"Function"]},{"tag":"TypeApp","contents":[{"tag":"TypeConstructor","contents":[["Data","CatQueue"],"CatQueue"]},{"tag":"TypeVar","contents":"a"}]}]},{"tag":"TypeApp","contents":[{"tag":"TypeApp","contents":[{"tag":"TypeConstructor","contents":[["Prim"],"Function"]},{"tag":"TypeVar","contents":"a"}]},{"tag":"TypeApp","contents":[{"tag":"TypeConstructor","contents":[["Data","CatQueue"],"CatQueue"]},{"tag":"TypeVar","contents":"a"}]}]}]},5]}}},{"EDValue":{"edValueName":{"Ident":"uncons"},"edValueType":{"tag":"ForAll","contents":["a",{"tag":"TypeApp","contents":[{"tag":"TypeApp","contents":[{"tag":"TypeConstructor","contents":[["Prim"],"Function"]},{"tag":"TypeApp","contents":[{"tag":"TypeConstructor","contents":[["Data","CatQueue"],"CatQueue"]},{"tag":"TypeVar","contents":"a"}]}]},{"tag":"TypeApp","contents":[{"tag":"TypeConstructor","contents":[["Data","Maybe"],"Maybe"]},{"tag":"TypeApp","contents":[{"tag":"TypeApp","contents":[{"tag":"TypeConstructor","contents":[["Data","Tuple"],"Tuple"]},{"tag":"TypeVar","contents":"a"}]},{"tag":"TypeApp","contents":[{"tag":"TypeConstructor","contents":[["Data","CatQueue"],"CatQueue"]},{"tag":"TypeVar","contents":"a"}]}]}]}]},0]}}},{"EDInstance":{"edInstanceClassName":[["Data","Show"],"Show"],"edInstanceName":{"Ident":"showCatQueue"},"edInstanceTypes":[{"tag":"TypeApp","contents":[{"tag":"TypeConstructor","contents":[["Data","CatQueue"],"CatQueue"]},{"tag":"TypeVar","contents":"a"}]}],"edInstanceConstraints":[{"constraintClass":[["Data","Show"],"Show"],"constraintArgs":[{"tag":"TypeVar","contents":"a"}],"constraintData":null}]}}],"efSourceSpan":{"start":[1,1],"name":"E:\\practice\\haskell\\cube-rotation\\bower_components\\purescript-catenable-lists\\src\\Data\\CatQueue.purs","end":[56,68]}}