{"efVersion":"0.11.7","efModuleName":["Data","List","Lazy"],"efExports":[{"ReExportRef":[{"start":[1,1],"name":"E:\\practice\\haskell\\cube-rotation\\bower_components\\purescript-lists\\src\\Data\\List\\Lazy.purs","end":[756,14]},["Data","List","Lazy","Types"],{"TypeRef":[{"start":[1,1],"name":"E:\\practice\\haskell\\cube-rotation\\bower_components\\purescript-lists\\src\\Data\\List\\Lazy.purs","end":[756,14]},"List",["List"]]}]},{"ReExportRef":[{"start":[1,1],"name":"E:\\practice\\haskell\\cube-rotation\\bower_components\\purescript-lists\\src\\Data\\List\\Lazy.purs","end":[756,14]},["Data","List","Lazy","Types"],{"TypeRef":[{"start":[1,1],"name":"E:\\practice\\haskell\\cube-rotation\\bower_components\\purescript-lists\\src\\Data\\List\\Lazy.purs","end":[756,14]},"Step",["Cons","Nil"]]}]},{"ReExportRef":[{"start":[1,1],"name":"E:\\practice\\haskell\\cube-rotation\\bower_components\\purescript-lists\\src\\Data\\List\\Lazy.purs","end":[756,14]},["Data","Foldable"],{"ValueRef":[{"start":[1,1],"name":"E:\\practice\\haskell\\cube-rotation\\bower_components\\purescript-lists\\src\\Data\\List\\Lazy.purs","end":[756,14]},{"Ident":"all"}]}]},{"ReExportRef":[{"start":[1,1],"name":"E:\\practice\\haskell\\cube-rotation\\bower_components\\purescript-lists\\src\\Data\\List\\Lazy.purs","end":[756,14]},["Data","Foldable"],{"ValueRef":[{"start":[1,1],"name":"E:\\practice\\haskell\\cube-rotation\\bower_components\\purescript-lists\\src\\Data\\List\\Lazy.purs","end":[756,14]},{"Ident":"any"}]}]},{"ReExportRef":[{"start":[1,1],"name":"E:\\practice\\haskell\\cube-rotation\\bower_components\\purescript-lists\\src\\Data\\List\\Lazy.purs","end":[756,14]},["Data","List","Lazy","Types"],{"ValueRef":[{"start":[1,1],"name":"E:\\practice\\haskell\\cube-rotation\\bower_components\\purescript-lists\\src\\Data\\List\\Lazy.purs","end":[756,14]},{"Ident":"cons"}]}]},{"ReExportRef":[{"start":[1,1],"name":"E:\\practice\\haskell\\cube-rotation\\bower_components\\purescript-lists\\src\\Data\\List\\Lazy.purs","end":[756,14]},["Data","Foldable"],{"ValueRef":[{"start":[1,1],"name":"E:\\practice\\haskell\\cube-rotation\\bower_components\\purescript-lists\\src\\Data\\List\\Lazy.purs","end":[756,14]},{"Ident":"elem"}]}]},{"ReExportRef":[{"start":[1,1],"name":"E:\\practice\\haskell\\cube-rotation\\bower_components\\purescript-lists\\src\\Data\\List\\Lazy.purs","end":[756,14]},["Data","Foldable"],{"ValueRef":[{"start":[1,1],"name":"E:\\practice\\haskell\\cube-rotation\\bower_components\\purescript-lists\\src\\Data\\List\\Lazy.purs","end":[756,14]},{"Ident":"find"}]}]},{"ReExportRef":[{"start":[1,1],"name":"E:\\practice\\haskell\\cube-rotation\\bower_components\\purescript-lists\\src\\Data\\List\\Lazy.purs","end":[756,14]},["Data","Foldable"],{"ValueRef":[{"start":[1,1],"name":"E:\\practice\\haskell\\cube-rotation\\bower_components\\purescript-lists\\src\\Data\\List\\Lazy.purs","end":[756,14]},{"Ident":"findMap"}]}]},{"ReExportRef":[{"start":[1,1],"name":"E:\\practice\\haskell\\cube-rotation\\bower_components\\purescript-lists\\src\\Data\\List\\Lazy.purs","end":[756,14]},["Data","Foldable"],{"ValueRef":[{"start":[1,1],"name":"E:\\practice\\haskell\\cube-rotation\\bower_components\\purescript-lists\\src\\Data\\List\\Lazy.purs","end":[756,14]},{"Ident":"fold"}]}]},{"ReExportRef":[{"start":[1,1],"name":"E:\\practice\\haskell\\cube-rotation\\bower_components\\purescript-lists\\src\\Data\\List\\Lazy.purs","end":[756,14]},["Data","Foldable"],{"ValueRef":[{"start":[1,1],"name":"E:\\practice\\haskell\\cube-rotation\\bower_components\\purescript-lists\\src\\Data\\List\\Lazy.purs","end":[756,14]},{"Ident":"foldMap"}]}]},{"ReExportRef":[{"start":[1,1],"name":"E:\\practice\\haskell\\cube-rotation\\bower_components\\purescript-lists\\src\\Data\\List\\Lazy.purs","end":[756,14]},["Data","Foldable"],{"ValueRef":[{"start":[1,1],"name":"E:\\practice\\haskell\\cube-rotation\\bower_components\\purescript-lists\\src\\Data\\List\\Lazy.purs","end":[756,14]},{"Ident":"foldl"}]}]},{"ReExportRef":[{"start":[1,1],"name":"E:\\practice\\haskell\\cube-rotation\\bower_components\\purescript-lists\\src\\Data\\List\\Lazy.purs","end":[756,14]},["Data","Foldable"],{"ValueRef":[{"start":[1,1],"name":"E:\\practice\\haskell\\cube-rotation\\bower_components\\purescript-lists\\src\\Data\\List\\Lazy.purs","end":[756,14]},{"Ident":"foldr"}]}]},{"ReExportRef":[{"start":[1,1],"name":"E:\\practice\\haskell\\cube-rotation\\bower_components\\purescript-lists\\src\\Data\\List\\Lazy.purs","end":[756,14]},["Data","Foldable"],{"ValueRef":[{"start":[1,1],"name":"E:\\practice\\haskell\\cube-rotation\\bower_components\\purescript-lists\\src\\Data\\List\\Lazy.purs","end":[756,14]},{"Ident":"intercalate"}]}]},{"ReExportRef":[{"start":[1,1],"name":"E:\\practice\\haskell\\cube-rotation\\bower_components\\purescript-lists\\src\\Data\\List\\Lazy.purs","end":[756,14]},["Data","List","Lazy","Types"],{"ValueRef":[{"start":[1,1],"name":"E:\\practice\\haskell\\cube-rotation\\bower_components\\purescript-lists\\src\\Data\\List\\Lazy.purs","end":[756,14]},{"Ident":"nil"}]}]},{"ReExportRef":[{"start":[1,1],"name":"E:\\practice\\haskell\\cube-rotation\\bower_components\\purescript-lists\\src\\Data\\List\\Lazy.purs","end":[756,14]},["Data","Foldable"],{"ValueRef":[{"start":[1,1],"name":"E:\\practice\\haskell\\cube-rotation\\bower_components\\purescript-lists\\src\\Data\\List\\Lazy.purs","end":[756,14]},{"Ident":"notElem"}]}]},{"ReExportRef":[{"start":[1,1],"name":"E:\\practice\\haskell\\cube-rotation\\bower_components\\purescript-lists\\src\\Data\\List\\Lazy.purs","end":[756,14]},["Data","Traversable"],{"ValueRef":[{"start":[1,1],"name":"E:\\practice\\haskell\\cube-rotation\\bower_components\\purescript-lists\\src\\Data\\List\\Lazy.purs","end":[756,14]},{"Ident":"scanl"}]}]},{"ReExportRef":[{"start":[1,1],"name":"E:\\practice\\haskell\\cube-rotation\\bower_components\\purescript-lists\\src\\Data\\List\\Lazy.purs","end":[756,14]},["Data","Traversable"],{"ValueRef":[{"start":[1,1],"name":"E:\\practice\\haskell\\cube-rotation\\bower_components\\purescript-lists\\src\\Data\\List\\Lazy.purs","end":[756,14]},{"Ident":"scanr"}]}]},{"ReExportRef":[{"start":[1,1],"name":"E:\\practice\\haskell\\cube-rotation\\bower_components\\purescript-lists\\src\\Data\\List\\Lazy.purs","end":[756,14]},["Data","List","Lazy","Types"],{"ValueRef":[{"start":[1,1],"name":"E:\\practice\\haskell\\cube-rotation\\bower_components\\purescript-lists\\src\\Data\\List\\Lazy.purs","end":[756,14]},{"Ident":"step"}]}]},{"ReExportRef":[{"start":[1,1],"name":"E:\\practice\\haskell\\cube-rotation\\bower_components\\purescript-lists\\src\\Data\\List\\Lazy.purs","end":[756,14]},["Data","List","Lazy","Types"],{"ValueOpRef":[{"start":[1,1],"name":"E:\\practice\\haskell\\cube-rotation\\bower_components\\purescript-lists\\src\\Data\\List\\Lazy.purs","end":[756,14]},":"]}]},{"ModuleRef":[{"start":[11,5],"name":"E:\\practice\\haskell\\cube-rotation\\bower_components\\purescript-lists\\src\\Data\\List\\Lazy.purs","end":[11,32]},["Data","List","Lazy","Types"]]},{"ValueRef":[{"start":[1,1],"name":"E:\\practice\\haskell\\cube-rotation\\bower_components\\purescript-lists\\src\\Data\\List\\Lazy.purs","end":[756,14]},{"Ident":"toUnfoldable"}]},{"ValueRef":[{"start":[1,1],"name":"E:\\practice\\haskell\\cube-rotation\\bower_components\\purescript-lists\\src\\Data\\List\\Lazy.purs","end":[756,14]},{"Ident":"fromFoldable"}]},{"ValueRef":[{"start":[1,1],"name":"E:\\practice\\haskell\\cube-rotation\\bower_components\\purescript-lists\\src\\Data\\List\\Lazy.purs","end":[756,14]},{"Ident":"singleton"}]},{"ValueOpRef":[{"start":[1,1],"name":"E:\\practice\\haskell\\cube-rotation\\bower_components\\purescript-lists\\src\\Data\\List\\Lazy.purs","end":[756,14]},".."]},{"ValueRef":[{"start":[1,1],"name":"E:\\practice\\haskell\\cube-rotation\\bower_components\\purescript-lists\\src\\Data\\List\\Lazy.purs","end":[756,14]},{"Ident":"range"}]},{"ValueRef":[{"start":[1,1],"name":"E:\\practice\\haskell\\cube-rotation\\bower_components\\purescript-lists\\src\\Data\\List\\Lazy.purs","end":[756,14]},{"Ident":"replicate"}]},{"ValueRef":[{"start":[1,1],"name":"E:\\practice\\haskell\\cube-rotation\\bower_components\\purescript-lists\\src\\Data\\List\\Lazy.purs","end":[756,14]},{"Ident":"replicateM"}]},{"ValueRef":[{"start":[1,1],"name":"E:\\practice\\haskell\\cube-rotation\\bower_components\\purescript-lists\\src\\Data\\List\\Lazy.purs","end":[756,14]},{"Ident":"some"}]},{"ValueRef":[{"start":[1,1],"name":"E:\\practice\\haskell\\cube-rotation\\bower_components\\purescript-lists\\src\\Data\\List\\Lazy.purs","end":[756,14]},{"Ident":"many"}]},{"ValueRef":[{"start":[1,1],"name":"E:\\practice\\haskell\\cube-rotation\\bower_components\\purescript-lists\\src\\Data\\List\\Lazy.purs","end":[756,14]},{"Ident":"repeat"}]},{"ValueRef":[{"start":[1,1],"name":"E:\\practice\\haskell\\cube-rotation\\bower_components\\purescript-lists\\src\\Data\\List\\Lazy.purs","end":[756,14]},{"Ident":"iterate"}]},{"ValueRef":[{"start":[1,1],"name":"E:\\practice\\haskell\\cube-rotation\\bower_components\\purescript-lists\\src\\Data\\List\\Lazy.purs","end":[756,14]},{"Ident":"cycle"}]},{"ValueRef":[{"start":[1,1],"name":"E:\\practice\\haskell\\cube-rotation\\bower_components\\purescript-lists\\src\\Data\\List\\Lazy.purs","end":[756,14]},{"Ident":"null"}]},{"ValueRef":[{"start":[1,1],"name":"E:\\practice\\haskell\\cube-rotation\\bower_components\\purescript-lists\\src\\Data\\List\\Lazy.purs","end":[756,14]},{"Ident":"length"}]},{"ValueRef":[{"start":[1,1],"name":"E:\\practice\\haskell\\cube-rotation\\bower_components\\purescript-lists\\src\\Data\\List\\Lazy.purs","end":[756,14]},{"Ident":"snoc"}]},{"ValueRef":[{"start":[1,1],"name":"E:\\practice\\haskell\\cube-rotation\\bower_components\\purescript-lists\\src\\Data\\List\\Lazy.purs","end":[756,14]},{"Ident":"insert"}]},{"ValueRef":[{"start":[1,1],"name":"E:\\practice\\haskell\\cube-rotation\\bower_components\\purescript-lists\\src\\Data\\List\\Lazy.purs","end":[756,14]},{"Ident":"insertBy"}]},{"ValueRef":[{"start":[1,1],"name":"E:\\practice\\haskell\\cube-rotation\\bower_components\\purescript-lists\\src\\Data\\List\\Lazy.purs","end":[756,14]},{"Ident":"head"}]},{"ValueRef":[{"start":[1,1],"name":"E:\\practice\\haskell\\cube-rotation\\bower_components\\purescript-lists\\src\\Data\\List\\Lazy.purs","end":[756,14]},{"Ident":"last"}]},{"ValueRef":[{"start":[1,1],"name":"E:\\practice\\haskell\\cube-rotation\\bower_components\\purescript-lists\\src\\Data\\List\\Lazy.purs","end":[756,14]},{"Ident":"tail"}]},{"ValueRef":[{"start":[1,1],"name":"E:\\practice\\haskell\\cube-rotation\\bower_components\\purescript-lists\\src\\Data\\List\\Lazy.purs","end":[756,14]},{"Ident":"init"}]},{"ValueRef":[{"start":[1,1],"name":"E:\\practice\\haskell\\cube-rotation\\bower_components\\purescript-lists\\src\\Data\\List\\Lazy.purs","end":[756,14]},{"Ident":"uncons"}]},{"ValueOpRef":[{"start":[1,1],"name":"E:\\practice\\haskell\\cube-rotation\\bower_components\\purescript-lists\\src\\Data\\List\\Lazy.purs","end":[756,14]},"!!"]},{"ValueRef":[{"start":[1,1],"name":"E:\\practice\\haskell\\cube-rotation\\bower_components\\purescript-lists\\src\\Data\\List\\Lazy.purs","end":[756,14]},{"Ident":"index"}]},{"ValueRef":[{"start":[1,1],"name":"E:\\practice\\haskell\\cube-rotation\\bower_components\\purescript-lists\\src\\Data\\List\\Lazy.purs","end":[756,14]},{"Ident":"elemIndex"}]},{"ValueRef":[{"start":[1,1],"name":"E:\\practice\\haskell\\cube-rotation\\bower_components\\purescript-lists\\src\\Data\\List\\Lazy.purs","end":[756,14]},{"Ident":"elemLastIndex"}]},{"ValueRef":[{"start":[1,1],"name":"E:\\practice\\haskell\\cube-rotation\\bower_components\\purescript-lists\\src\\Data\\List\\Lazy.purs","end":[756,14]},{"Ident":"findIndex"}]},{"ValueRef":[{"start":[1,1],"name":"E:\\practice\\haskell\\cube-rotation\\bower_components\\purescript-lists\\src\\Data\\List\\Lazy.purs","end":[756,14]},{"Ident":"findLastIndex"}]},{"ValueRef":[{"start":[1,1],"name":"E:\\practice\\haskell\\cube-rotation\\bower_components\\purescript-lists\\src\\Data\\List\\Lazy.purs","end":[756,14]},{"Ident":"insertAt"}]},{"ValueRef":[{"start":[1,1],"name":"E:\\practice\\haskell\\cube-rotation\\bower_components\\purescript-lists\\src\\Data\\List\\Lazy.purs","end":[756,14]},{"Ident":"deleteAt"}]},{"ValueRef":[{"start":[1,1],"name":"E:\\practice\\haskell\\cube-rotation\\bower_components\\purescript-lists\\src\\Data\\List\\Lazy.purs","end":[756,14]},{"Ident":"updateAt"}]},{"ValueRef":[{"start":[1,1],"name":"E:\\practice\\haskell\\cube-rotation\\bower_components\\purescript-lists\\src\\Data\\List\\Lazy.purs","end":[756,14]},{"Ident":"modifyAt"}]},{"ValueRef":[{"start":[1,1],"name":"E:\\practice\\haskell\\cube-rotation\\bower_components\\purescript-lists\\src\\Data\\List\\Lazy.purs","end":[756,14]},{"Ident":"alterAt"}]},{"ValueRef":[{"start":[1,1],"name":"E:\\practice\\haskell\\cube-rotation\\bower_components\\purescript-lists\\src\\Data\\List\\Lazy.purs","end":[756,14]},{"Ident":"reverse"}]},{"ValueRef":[{"start":[1,1],"name":"E:\\practice\\haskell\\cube-rotation\\bower_components\\purescript-lists\\src\\Data\\List\\Lazy.purs","end":[756,14]},{"Ident":"concat"}]},{"ValueRef":[{"start":[1,1],"name":"E:\\practice\\haskell\\cube-rotation\\bower_components\\purescript-lists\\src\\Data\\List\\Lazy.purs","end":[756,14]},{"Ident":"concatMap"}]},{"ValueRef":[{"start":[1,1],"name":"E:\\practice\\haskell\\cube-rotation\\bower_components\\purescript-lists\\src\\Data\\List\\Lazy.purs","end":[756,14]},{"Ident":"filter"}]},{"ValueRef":[{"start":[1,1],"name":"E:\\practice\\haskell\\cube-rotation\\bower_components\\purescript-lists\\src\\Data\\List\\Lazy.purs","end":[756,14]},{"Ident":"filterM"}]},{"ValueRef":[{"start":[1,1],"name":"E:\\practice\\haskell\\cube-rotation\\bower_components\\purescript-lists\\src\\Data\\List\\Lazy.purs","end":[756,14]},{"Ident":"mapMaybe"}]},{"ValueRef":[{"start":[1,1],"name":"E:\\practice\\haskell\\cube-rotation\\bower_components\\purescript-lists\\src\\Data\\List\\Lazy.purs","end":[756,14]},{"Ident":"catMaybes"}]},{"TypeRef":[{"start":[1,1],"name":"E:\\practice\\haskell\\cube-rotation\\bower_components\\purescript-lists\\src\\Data\\List\\Lazy.purs","end":[756,14]},"Pattern",["Pattern"]]},{"ValueRef":[{"start":[1,1],"name":"E:\\practice\\haskell\\cube-rotation\\bower_components\\purescript-lists\\src\\Data\\List\\Lazy.purs","end":[756,14]},{"Ident":"stripPrefix"}]},{"ValueRef":[{"start":[1,1],"name":"E:\\practice\\haskell\\cube-rotation\\bower_components\\purescript-lists\\src\\Data\\List\\Lazy.purs","end":[756,14]},{"Ident":"slice"}]},{"ValueRef":[{"start":[1,1],"name":"E:\\practice\\haskell\\cube-rotation\\bower_components\\purescript-lists\\src\\Data\\List\\Lazy.purs","end":[756,14]},{"Ident":"take"}]},{"ValueRef":[{"start":[1,1],"name":"E:\\practice\\haskell\\cube-rotation\\bower_components\\purescript-lists\\src\\Data\\List\\Lazy.purs","end":[756,14]},{"Ident":"takeWhile"}]},{"ValueRef":[{"start":[1,1],"name":"E:\\practice\\haskell\\cube-rotation\\bower_components\\purescript-lists\\src\\Data\\List\\Lazy.purs","end":[756,14]},{"Ident":"drop"}]},{"ValueRef":[{"start":[1,1],"name":"E:\\practice\\haskell\\cube-rotation\\bower_components\\purescript-lists\\src\\Data\\List\\Lazy.purs","end":[756,14]},{"Ident":"dropWhile"}]},{"ValueRef":[{"start":[1,1],"name":"E:\\practice\\haskell\\cube-rotation\\bower_components\\purescript-lists\\src\\Data\\List\\Lazy.purs","end":[756,14]},{"Ident":"span"}]},{"ValueRef":[{"start":[1,1],"name":"E:\\practice\\haskell\\cube-rotation\\bower_components\\purescript-lists\\src\\Data\\List\\Lazy.purs","end":[756,14]},{"Ident":"group"}]},{"ValueRef":[{"start":[1,1],"name":"E:\\practice\\haskell\\cube-rotation\\bower_components\\purescript-lists\\src\\Data\\List\\Lazy.purs","end":[756,14]},{"Ident":"groupBy"}]},{"ValueRef":[{"start":[1,1],"name":"E:\\practice\\haskell\\cube-rotation\\bower_components\\purescript-lists\\src\\Data\\List\\Lazy.purs","end":[756,14]},{"Ident":"partition"}]},{"ValueRef":[{"start":[1,1],"name":"E:\\practice\\haskell\\cube-rotation\\bower_components\\purescript-lists\\src\\Data\\List\\Lazy.purs","end":[756,14]},{"Ident":"nub"}]},{"ValueRef":[{"start":[1,1],"name":"E:\\practice\\haskell\\cube-rotation\\bower_components\\purescript-lists\\src\\Data\\List\\Lazy.purs","end":[756,14]},{"Ident":"nubBy"}]},{"ValueRef":[{"start":[1,1],"name":"E:\\practice\\haskell\\cube-rotation\\bower_components\\purescript-lists\\src\\Data\\List\\Lazy.purs","end":[756,14]},{"Ident":"union"}]},{"ValueRef":[{"start":[1,1],"name":"E:\\practice\\haskell\\cube-rotation\\bower_components\\purescript-lists\\src\\Data\\List\\Lazy.purs","end":[756,14]},{"Ident":"unionBy"}]},{"ValueRef":[{"start":[1,1],"name":"E:\\practice\\haskell\\cube-rotation\\bower_components\\purescript-lists\\src\\Data\\List\\Lazy.purs","end":[756,14]},{"Ident":"delete"}]},{"ValueRef":[{"start":[1,1],"name":"E:\\practice\\haskell\\cube-rotation\\bower_components\\purescript-lists\\src\\Data\\List\\Lazy.purs","end":[756,14]},{"Ident":"deleteBy"}]},{"ValueOpRef":[{"start":[1,1],"name":"E:\\practice\\haskell\\cube-rotation\\bower_components\\purescript-lists\\src\\Data\\List\\Lazy.purs","end":[756,14]},"\\\\"]},{"ValueRef":[{"start":[1,1],"name":"E:\\practice\\haskell\\cube-rotation\\bower_components\\purescript-lists\\src\\Data\\List\\Lazy.purs","end":[756,14]},{"Ident":"difference"}]},{"ValueRef":[{"start":[1,1],"name":"E:\\practice\\haskell\\cube-rotation\\bower_components\\purescript-lists\\src\\Data\\List\\Lazy.purs","end":[756,14]},{"Ident":"intersect"}]},{"ValueRef":[{"start":[1,1],"name":"E:\\practice\\haskell\\cube-rotation\\bower_components\\purescript-lists\\src\\Data\\List\\Lazy.purs","end":[756,14]},{"Ident":"intersectBy"}]},{"ValueRef":[{"start":[1,1],"name":"E:\\practice\\haskell\\cube-rotation\\bower_components\\purescript-lists\\src\\Data\\List\\Lazy.purs","end":[756,14]},{"Ident":"zipWith"}]},{"ValueRef":[{"start":[1,1],"name":"E:\\practice\\haskell\\cube-rotation\\bower_components\\purescript-lists\\src\\Data\\List\\Lazy.purs","end":[756,14]},{"Ident":"zipWithA"}]},{"ValueRef":[{"start":[1,1],"name":"E:\\practice\\haskell\\cube-rotation\\bower_components\\purescript-lists\\src\\Data\\List\\Lazy.purs","end":[756,14]},{"Ident":"zip"}]},{"ValueRef":[{"start":[1,1],"name":"E:\\practice\\haskell\\cube-rotation\\bower_components\\purescript-lists\\src\\Data\\List\\Lazy.purs","end":[756,14]},{"Ident":"unzip"}]},{"ValueRef":[{"start":[1,1],"name":"E:\\practice\\haskell\\cube-rotation\\bower_components\\purescript-lists\\src\\Data\\List\\Lazy.purs","end":[756,14]},{"Ident":"transpose"}]},{"ValueRef":[{"start":[1,1],"name":"E:\\practice\\haskell\\cube-rotation\\bower_components\\purescript-lists\\src\\Data\\List\\Lazy.purs","end":[756,14]},{"Ident":"foldM"}]},{"ValueRef":[{"start":[1,1],"name":"E:\\practice\\haskell\\cube-rotation\\bower_components\\purescript-lists\\src\\Data\\List\\Lazy.purs","end":[756,14]},{"Ident":"foldrLazy"}]},{"ModuleRef":[{"start":[93,5],"name":"E:\\practice\\haskell\\cube-rotation\\bower_components\\purescript-lists\\src\\Data\\List\\Lazy.purs","end":[93,19]},["Exports"]]},{"TypeInstanceRef":[{"start":[0,0],"name":"<generated>","end":[0,0]},{"Ident":"eqPattern"}]},{"TypeInstanceRef":[{"start":[0,0],"name":"<generated>","end":[0,0]},{"Ident":"ordPattern"}]},{"TypeInstanceRef":[{"start":[0,0],"name":"<generated>","end":[0,0]},{"Ident":"newtypePattern"}]},{"TypeInstanceRef":[{"start":[0,0],"name":"<generated>","end":[0,0]},{"Ident":"showPattern"}]}],"efImports":[{"eiModule":["Prim"],"eiImportType":{"Implicit":[]},"eiImportedAs":["Prim"]},{"eiModule":["Prim"],"eiImportType":{"Implicit":[]},"eiImportedAs":null},{"eiModule":["Prelude"],"eiImportType":{"Implicit":[]},"eiImportedAs":null},{"eiModule":["Control","Alt"],"eiImportType":{"Explicit":[{"ValueOpRef":[{"start":[98,21],"name":"E:\\practice\\haskell\\cube-rotation\\bower_components\\purescript-lists\\src\\Data\\List\\Lazy.purs","end":[98,26]},"<|>"]}]},"eiImportedAs":null},{"eiModule":["Control","Alternative"],"eiImportType":{"Explicit":[{"TypeClassRef":[{"start":[99,29],"name":"E:\\practice\\haskell\\cube-rotation\\bower_components\\purescript-lists\\src\\Data\\List\\Lazy.purs","end":[99,46]},"Alternative"]}]},"eiImportedAs":null},{"eiModule":["Control","Lazy"],"eiImportType":{"Implicit":[]},"eiImportedAs":["Z"]},{"eiModule":["Control","Monad","Rec","Class"],"eiImportType":{"Implicit":[]},"eiImportedAs":["Rec"]},{"eiModule":["Data","Foldable"],"eiImportType":{"Explicit":[{"TypeClassRef":[{"start":[102,23],"name":"E:\\practice\\haskell\\cube-rotation\\bower_components\\purescript-lists\\src\\Data\\List\\Lazy.purs","end":[102,37]},"Foldable"]},{"ValueRef":[{"start":[102,39],"name":"E:\\practice\\haskell\\cube-rotation\\bower_components\\purescript-lists\\src\\Data\\List\\Lazy.purs","end":[102,44]},{"Ident":"foldr"}]},{"ValueRef":[{"start":[102,46],"name":"E:\\practice\\haskell\\cube-rotation\\bower_components\\purescript-lists\\src\\Data\\List\\Lazy.purs","end":[102,49]},{"Ident":"any"}]},{"ValueRef":[{"start":[102,51],"name":"E:\\practice\\haskell\\cube-rotation\\bower_components\\purescript-lists\\src\\Data\\List\\Lazy.purs","end":[102,56]},{"Ident":"foldl"}]}]},"eiImportedAs":null},{"eiModule":["Data","Foldable"],"eiImportType":{"Explicit":[{"ValueRef":[{"start":[103,23],"name":"E:\\practice\\haskell\\cube-rotation\\bower_components\\purescript-lists\\src\\Data\\List\\Lazy.purs","end":[103,28]},{"Ident":"foldl"}]},{"ValueRef":[{"start":[103,30],"name":"E:\\practice\\haskell\\cube-rotation\\bower_components\\purescript-lists\\src\\Data\\List\\Lazy.purs","end":[103,35]},{"Ident":"foldr"}]},{"ValueRef":[{"start":[103,37],"name":"E:\\practice\\haskell\\cube-rotation\\bower_components\\purescript-lists\\src\\Data\\List\\Lazy.purs","end":[103,44]},{"Ident":"foldMap"}]},{"ValueRef":[{"start":[103,46],"name":"E:\\practice\\haskell\\cube-rotation\\bower_components\\purescript-lists\\src\\Data\\List\\Lazy.purs","end":[103,50]},{"Ident":"fold"}]},{"ValueRef":[{"start":[103,52],"name":"E:\\practice\\haskell\\cube-rotation\\bower_components\\purescript-lists\\src\\Data\\List\\Lazy.purs","end":[103,63]},{"Ident":"intercalate"}]},{"ValueRef":[{"start":[103,65],"name":"E:\\practice\\haskell\\cube-rotation\\bower_components\\purescript-lists\\src\\Data\\List\\Lazy.purs","end":[103,69]},{"Ident":"elem"}]},{"ValueRef":[{"start":[103,71],"name":"E:\\practice\\haskell\\cube-rotation\\bower_components\\purescript-lists\\src\\Data\\List\\Lazy.purs","end":[103,78]},{"Ident":"notElem"}]},{"ValueRef":[{"start":[103,80],"name":"E:\\practice\\haskell\\cube-rotation\\bower_components\\purescript-lists\\src\\Data\\List\\Lazy.purs","end":[103,84]},{"Ident":"find"}]},{"ValueRef":[{"start":[103,86],"name":"E:\\practice\\haskell\\cube-rotation\\bower_components\\purescript-lists\\src\\Data\\List\\Lazy.purs","end":[103,93]},{"Ident":"findMap"}]},{"ValueRef":[{"start":[103,95],"name":"E:\\practice\\haskell\\cube-rotation\\bower_components\\purescript-lists\\src\\Data\\List\\Lazy.purs","end":[103,98]},{"Ident":"any"}]},{"ValueRef":[{"start":[103,100],"name":"E:\\practice\\haskell\\cube-rotation\\bower_components\\purescript-lists\\src\\Data\\List\\Lazy.purs","end":[103,103]},{"Ident":"all"}]}]},"eiImportedAs":["Exports"]},{"eiModule":["Data","Lazy"],"eiImportType":{"Explicit":[{"ValueRef":[{"start":[104,19],"name":"E:\\practice\\haskell\\cube-rotation\\bower_components\\purescript-lists\\src\\Data\\List\\Lazy.purs","end":[104,24]},{"Ident":"defer"}]}]},"eiImportedAs":null},{"eiModule":["Data","List","Lazy","Types"],"eiImportType":{"Explicit":[{"TypeRef":[{"start":[105,30],"name":"E:\\practice\\haskell\\cube-rotation\\bower_components\\purescript-lists\\src\\Data\\List\\Lazy.purs","end":[105,38]},"List",null]},{"TypeRef":[{"start":[105,40],"name":"E:\\practice\\haskell\\cube-rotation\\bower_components\\purescript-lists\\src\\Data\\List\\Lazy.purs","end":[105,48]},"Step",null]},{"ValueRef":[{"start":[105,50],"name":"E:\\practice\\haskell\\cube-rotation\\bower_components\\purescript-lists\\src\\Data\\List\\Lazy.purs","end":[105,54]},{"Ident":"step"}]},{"ValueRef":[{"start":[105,56],"name":"E:\\practice\\haskell\\cube-rotation\\bower_components\\purescript-lists\\src\\Data\\List\\Lazy.purs","end":[105,59]},{"Ident":"nil"}]},{"ValueRef":[{"start":[105,61],"name":"E:\\practice\\haskell\\cube-rotation\\bower_components\\purescript-lists\\src\\Data\\List\\Lazy.purs","end":[105,65]},{"Ident":"cons"}]},{"ValueOpRef":[{"start":[105,67],"name":"E:\\practice\\haskell\\cube-rotation\\bower_components\\purescript-lists\\src\\Data\\List\\Lazy.purs","end":[105,70]},":"]}]},"eiImportedAs":null},{"eiModule":["Data","List","Lazy","Types"],"eiImportType":{"Explicit":[{"TypeRef":[{"start":[106,30],"name":"E:\\practice\\haskell\\cube-rotation\\bower_components\\purescript-lists\\src\\Data\\List\\Lazy.purs","end":[106,46]},"NonEmptyList",null]}]},"eiImportedAs":["NEL"]},{"eiModule":["Data","Maybe"],"eiImportType":{"Explicit":[{"TypeRef":[{"start":[107,20],"name":"E:\\practice\\haskell\\cube-rotation\\bower_components\\purescript-lists\\src\\Data\\List\\Lazy.purs","end":[107,29]},"Maybe",null]},{"ValueRef":[{"start":[107,31],"name":"E:\\practice\\haskell\\cube-rotation\\bower_components\\purescript-lists\\src\\Data\\List\\Lazy.purs","end":[107,40]},{"Ident":"isNothing"}]}]},"eiImportedAs":null},{"eiModule":["Data","Newtype"],"eiImportType":{"Explicit":[{"TypeClassRef":[{"start":[108,22],"name":"E:\\practice\\haskell\\cube-rotation\\bower_components\\purescript-lists\\src\\Data\\List\\Lazy.purs","end":[108,35]},"Newtype"]},{"ValueRef":[{"start":[108,37],"name":"E:\\practice\\haskell\\cube-rotation\\bower_components\\purescript-lists\\src\\Data\\List\\Lazy.purs","end":[108,43]},{"Ident":"unwrap"}]}]},"eiImportedAs":null},{"eiModule":["Data","NonEmpty"],"eiImportType":{"Explicit":[{"ValueOpRef":[{"start":[109,23],"name":"E:\\practice\\haskell\\cube-rotation\\bower_components\\purescript-lists\\src\\Data\\List\\Lazy.purs","end":[109,27]},":|"]}]},"eiImportedAs":null},{"eiModule":["Data","Traversable"],"eiImportType":{"Explicit":[{"ValueRef":[{"start":[110,26],"name":"E:\\practice\\haskell\\cube-rotation\\bower_components\\purescript-lists\\src\\Data\\List\\Lazy.purs","end":[110,31]},{"Ident":"scanl"}]},{"ValueRef":[{"start":[110,33],"name":"E:\\practice\\haskell\\cube-rotation\\bower_components\\purescript-lists\\src\\Data\\List\\Lazy.purs","end":[110,38]},{"Ident":"scanr"}]}]},"eiImportedAs":["Exports"]},{"eiModule":["Data","Traversable"],"eiImportType":{"Explicit":[{"ValueRef":[{"start":[111,26],"name":"E:\\practice\\haskell\\cube-rotation\\bower_components\\purescript-lists\\src\\Data\\List\\Lazy.purs","end":[111,34]},{"Ident":"sequence"}]}]},"eiImportedAs":null},{"eiModule":["Data","Tuple"],"eiImportType":{"Explicit":[{"TypeRef":[{"start":[112,20],"name":"E:\\practice\\haskell\\cube-rotation\\bower_components\\purescript-lists\\src\\Data\\List\\Lazy.purs","end":[112,29]},"Tuple",null]}]},"eiImportedAs":null},{"eiModule":["Data","Unfoldable"],"eiImportType":{"Explicit":[{"TypeClassRef":[{"start":[113,25],"name":"E:\\practice\\haskell\\cube-rotation\\bower_components\\purescript-lists\\src\\Data\\List\\Lazy.purs","end":[113,41]},"Unfoldable"]},{"ValueRef":[{"start":[113,43],"name":"E:\\practice\\haskell\\cube-rotation\\bower_components\\purescript-lists\\src\\Data\\List\\Lazy.purs","end":[113,50]},{"Ident":"unfoldr"}]}]},"eiImportedAs":null}],"efFixities":[{"efAssociativity":"infix","efPrecedence":8,"efOperator":"..","efAlias":[["Data","List","Lazy"],{"Left":{"Ident":"range"}}]},{"efAssociativity":"infixl","efPrecedence":8,"efOperator":"!!","efAlias":[["Data","List","Lazy"],{"Left":{"Ident":"index"}}]},{"efAssociativity":"infix","efPrecedence":5,"efOperator":"\\\\","efAlias":[["Data","List","Lazy"],{"Left":{"Ident":"difference"}}]}],"efTypeFixities":[],"efDeclarations":[{"EDValue":{"edValueName":{"Ident":"toUnfoldable"},"edValueType":{"tag":"ForAll","contents":["f",{"tag":"ConstrainedType","contents":[{"constraintClass":[["Data","Unfoldable"],"Unfoldable"],"constraintArgs":[{"tag":"TypeVar","contents":"f"}],"constraintData":null},{"tag":"ForAll","contents":["a",{"tag":"TypeApp","contents":[{"tag":"TypeApp","contents":[{"tag":"TypeConstructor","contents":[["Prim"],"Function"]},{"tag":"TypeApp","contents":[{"tag":"TypeConstructor","contents":[["Data","List","Lazy","Types"],"List"]},{"tag":"TypeVar","contents":"a"}]}]},{"tag":"TypeApp","contents":[{"tag":"TypeVar","contents":"f"},{"tag":"TypeVar","contents":"a"}]}]},35]}]},36]}}},{"EDValue":{"edValueName":{"Ident":"fromFoldable"},"edValueType":{"tag":"ForAll","contents":["f",{"tag":"ConstrainedType","contents":[{"constraintClass":[["Data","Foldable"],"Foldable"],"constraintArgs":[{"tag":"TypeVar","contents":"f"}],"constraintData":null},{"tag":"ForAll","contents":["a",{"tag":"TypeApp","contents":[{"tag":"TypeApp","contents":[{"tag":"TypeConstructor","contents":[["Prim"],"Function"]},{"tag":"TypeApp","contents":[{"tag":"TypeVar","contents":"f"},{"tag":"TypeVar","contents":"a"}]}]},{"tag":"TypeApp","contents":[{"tag":"TypeConstructor","contents":[["Data","List","Lazy","Types"],"List"]},{"tag":"TypeVar","contents":"a"}]}]},139]}]},140]}}},{"EDValue":{"edValueName":{"Ident":"singleton"},"edValueType":{"tag":"ForAll","contents":["a",{"tag":"TypeApp","contents":[{"tag":"TypeApp","contents":[{"tag":"TypeConstructor","contents":[["Prim"],"Function"]},{"tag":"TypeVar","contents":"a"}]},{"tag":"TypeApp","contents":[{"tag":"TypeConstructor","contents":[["Data","List","Lazy","Types"],"List"]},{"tag":"TypeVar","contents":"a"}]}]},60]}}},{"EDValue":{"edValueName":{"Ident":"range"},"edValueType":{"tag":"TypeApp","contents":[{"tag":"TypeApp","contents":[{"tag":"TypeConstructor","contents":[["Prim"],"Function"]},{"tag":"TypeConstructor","contents":[["Prim"],"Int"]}]},{"tag":"TypeApp","contents":[{"tag":"TypeApp","contents":[{"tag":"TypeConstructor","contents":[["Prim"],"Function"]},{"tag":"TypeConstructor","contents":[["Prim"],"Int"]}]},{"tag":"TypeApp","contents":[{"tag":"TypeConstructor","contents":[["Data","List","Lazy","Types"],"List"]},{"tag":"TypeConstructor","contents":[["Prim"],"Int"]}]}]}]}}},{"EDValue":{"edValueName":{"Ident":"replicate"},"edValueType":{"tag":"ForAll","contents":["a",{"tag":"TypeApp","contents":[{"tag":"TypeApp","contents":[{"tag":"TypeConstructor","contents":[["Prim"],"Function"]},{"tag":"TypeConstructor","contents":[["Prim"],"Int"]}]},{"tag":"TypeApp","contents":[{"tag":"TypeApp","contents":[{"tag":"TypeConstructor","contents":[["Prim"],"Function"]},{"tag":"TypeVar","contents":"a"}]},{"tag":"TypeApp","contents":[{"tag":"TypeConstructor","contents":[["Data","List","Lazy","Types"],"List"]},{"tag":"TypeVar","contents":"a"}]}]}]},74]}}},{"EDValue":{"edValueName":{"Ident":"replicateM"},"edValueType":{"tag":"ForAll","contents":["a",{"tag":"ForAll","contents":["m",{"tag":"ConstrainedType","contents":[{"constraintClass":[["Control","Monad"],"Monad"],"constraintArgs":[{"tag":"TypeVar","contents":"m"}],"constraintData":null},{"tag":"TypeApp","contents":[{"tag":"TypeApp","contents":[{"tag":"TypeConstructor","contents":[["Prim"],"Function"]},{"tag":"TypeConstructor","contents":[["Prim"],"Int"]}]},{"tag":"TypeApp","contents":[{"tag":"TypeApp","contents":[{"tag":"TypeConstructor","contents":[["Prim"],"Function"]},{"tag":"TypeApp","contents":[{"tag":"TypeVar","contents":"m"},{"tag":"TypeVar","contents":"a"}]}]},{"tag":"TypeApp","contents":[{"tag":"TypeVar","contents":"m"},{"tag":"TypeApp","contents":[{"tag":"TypeConstructor","contents":[["Data","List","Lazy","Types"],"List"]},{"tag":"TypeVar","contents":"a"}]}]}]}]}]},66]},67]}}},{"EDValue":{"edValueName":{"Ident":"some"},"edValueType":{"tag":"ForAll","contents":["a",{"tag":"ForAll","contents":["f",{"tag":"ConstrainedType","contents":[{"constraintClass":[["Control","Alternative"],"Alternative"],"constraintArgs":[{"tag":"TypeVar","contents":"f"}],"constraintData":null},{"tag":"ConstrainedType","contents":[{"constraintClass":[["Control","Lazy"],"Lazy"],"constraintArgs":[{"tag":"TypeApp","contents":[{"tag":"TypeVar","contents":"f"},{"tag":"TypeApp","contents":[{"tag":"TypeConstructor","contents":[["Data","List","Lazy","Types"],"List"]},{"tag":"TypeVar","contents":"a"}]}]}],"constraintData":null},{"tag":"TypeApp","contents":[{"tag":"TypeApp","contents":[{"tag":"TypeConstructor","contents":[["Prim"],"Function"]},{"tag":"TypeApp","contents":[{"tag":"TypeVar","contents":"f"},{"tag":"TypeVar","contents":"a"}]}]},{"tag":"TypeApp","contents":[{"tag":"TypeVar","contents":"f"},{"tag":"TypeApp","contents":[{"tag":"TypeConstructor","contents":[["Data","List","Lazy","Types"],"List"]},{"tag":"TypeVar","contents":"a"}]}]}]}]}]},92]},93]}}},{"EDValue":{"edValueName":{"Ident":"many"},"edValueType":{"tag":"ForAll","contents":["a",{"tag":"ForAll","contents":["f",{"tag":"ConstrainedType","contents":[{"constraintClass":[["Control","Alternative"],"Alternative"],"constraintArgs":[{"tag":"TypeVar","contents":"f"}],"constraintData":null},{"tag":"ConstrainedType","contents":[{"constraintClass":[["Control","Lazy"],"Lazy"],"constraintArgs":[{"tag":"TypeApp","contents":[{"tag":"TypeVar","contents":"f"},{"tag":"TypeApp","contents":[{"tag":"TypeConstructor","contents":[["Data","List","Lazy","Types"],"List"]},{"tag":"TypeVar","contents":"a"}]}]}],"constraintData":null},{"tag":"TypeApp","contents":[{"tag":"TypeApp","contents":[{"tag":"TypeConstructor","contents":[["Prim"],"Function"]},{"tag":"TypeApp","contents":[{"tag":"TypeVar","contents":"f"},{"tag":"TypeVar","contents":"a"}]}]},{"tag":"TypeApp","contents":[{"tag":"TypeVar","contents":"f"},{"tag":"TypeApp","contents":[{"tag":"TypeConstructor","contents":[["Data","List","Lazy","Types"],"List"]},{"tag":"TypeVar","contents":"a"}]}]}]}]}]},98]},99]}}},{"EDValue":{"edValueName":{"Ident":"repeat"},"edValueType":{"tag":"ForAll","contents":["a",{"tag":"TypeApp","contents":[{"tag":"TypeApp","contents":[{"tag":"TypeConstructor","contents":[["Prim"],"Function"]},{"tag":"TypeVar","contents":"a"}]},{"tag":"TypeApp","contents":[{"tag":"TypeConstructor","contents":[["Data","List","Lazy","Types"],"List"]},{"tag":"TypeVar","contents":"a"}]}]},72]}}},{"EDValue":{"edValueName":{"Ident":"iterate"},"edValueType":{"tag":"ForAll","contents":["a",{"tag":"TypeApp","contents":[{"tag":"TypeApp","contents":[{"tag":"TypeConstructor","contents":[["Prim"],"Function"]},{"tag":"TypeApp","contents":[{"tag":"TypeApp","contents":[{"tag":"TypeConstructor","contents":[["Prim"],"Function"]},{"tag":"TypeVar","contents":"a"}]},{"tag":"TypeVar","contents":"a"}]}]},{"tag":"TypeApp","contents":[{"tag":"TypeApp","contents":[{"tag":"TypeConstructor","contents":[["Prim"],"Function"]},{"tag":"TypeVar","contents":"a"}]},{"tag":"TypeApp","contents":[{"tag":"TypeConstructor","contents":[["Data","List","Lazy","Types"],"List"]},{"tag":"TypeVar","contents":"a"}]}]}]},108]}}},{"EDValue":{"edValueName":{"Ident":"cycle"},"edValueType":{"tag":"ForAll","contents":["a",{"tag":"TypeApp","contents":[{"tag":"TypeApp","contents":[{"tag":"TypeConstructor","contents":[["Prim"],"Function"]},{"tag":"TypeApp","contents":[{"tag":"TypeConstructor","contents":[["Data","List","Lazy","Types"],"List"]},{"tag":"TypeVar","contents":"a"}]}]},{"tag":"TypeApp","contents":[{"tag":"TypeConstructor","contents":[["Data","List","Lazy","Types"],"List"]},{"tag":"TypeVar","contents":"a"}]}]},207]}}},{"EDValue":{"edValueName":{"Ident":"null"},"edValueType":{"tag":"ForAll","contents":["a",{"tag":"TypeApp","contents":[{"tag":"TypeApp","contents":[{"tag":"TypeConstructor","contents":[["Prim"],"Function"]},{"tag":"TypeApp","contents":[{"tag":"TypeConstructor","contents":[["Data","List","Lazy","Types"],"List"]},{"tag":"TypeVar","contents":"a"}]}]},{"tag":"TypeConstructor","contents":[["Prim"],"Boolean"]}]},80]}}},{"EDValue":{"edValueName":{"Ident":"length"},"edValueType":{"tag":"ForAll","contents":["a",{"tag":"TypeApp","contents":[{"tag":"TypeApp","contents":[{"tag":"TypeConstructor","contents":[["Prim"],"Function"]},{"tag":"TypeApp","contents":[{"tag":"TypeConstructor","contents":[["Data","List","Lazy","Types"],"List"]},{"tag":"TypeVar","contents":"a"}]}]},{"tag":"TypeConstructor","contents":[["Prim"],"Int"]}]},104]}}},{"EDValue":{"edValueName":{"Ident":"snoc"},"edValueType":{"tag":"ForAll","contents":["a",{"tag":"TypeApp","contents":[{"tag":"TypeApp","contents":[{"tag":"TypeConstructor","contents":[["Prim"],"Function"]},{"tag":"TypeApp","contents":[{"tag":"TypeConstructor","contents":[["Data","List","Lazy","Types"],"List"]},{"tag":"TypeVar","contents":"a"}]}]},{"tag":"TypeApp","contents":[{"tag":"TypeApp","contents":[{"tag":"TypeConstructor","contents":[["Prim"],"Function"]},{"tag":"TypeVar","contents":"a"}]},{"tag":"TypeApp","contents":[{"tag":"TypeConstructor","contents":[["Data","List","Lazy","Types"],"List"]},{"tag":"TypeVar","contents":"a"}]}]}]},58]}}},{"EDValue":{"edValueName":{"Ident":"insert"},"edValueType":{"tag":"ForAll","contents":["a",{"tag":"ConstrainedType","contents":[{"constraintClass":[["Data","Ord"],"Ord"],"constraintArgs":[{"tag":"TypeVar","contents":"a"}],"constraintData":null},{"tag":"TypeApp","contents":[{"tag":"TypeApp","contents":[{"tag":"TypeConstructor","contents":[["Prim"],"Function"]},{"tag":"TypeVar","contents":"a"}]},{"tag":"TypeApp","contents":[{"tag":"TypeApp","contents":[{"tag":"TypeConstructor","contents":[["Prim"],"Function"]},{"tag":"TypeApp","contents":[{"tag":"TypeConstructor","contents":[["Data","List","Lazy","Types"],"List"]},{"tag":"TypeVar","contents":"a"}]}]},{"tag":"TypeApp","contents":[{"tag":"TypeConstructor","contents":[["Data","List","Lazy","Types"],"List"]},{"tag":"TypeVar","contents":"a"}]}]}]}]},137]}}},{"EDValue":{"edValueName":{"Ident":"insertBy"},"edValueType":{"tag":"ForAll","contents":["a",{"tag":"TypeApp","contents":[{"tag":"TypeApp","contents":[{"tag":"TypeConstructor","contents":[["Prim"],"Function"]},{"tag":"TypeApp","contents":[{"tag":"TypeApp","contents":[{"tag":"TypeConstructor","contents":[["Prim"],"Function"]},{"tag":"TypeVar","contents":"a"}]},{"tag":"TypeApp","contents":[{"tag":"TypeApp","contents":[{"tag":"TypeConstructor","contents":[["Prim"],"Function"]},{"tag":"TypeVar","contents":"a"}]},{"tag":"TypeConstructor","contents":[["Data","Ordering"],"Ordering"]}]}]}]},{"tag":"TypeApp","contents":[{"tag":"TypeApp","contents":[{"tag":"TypeConstructor","contents":[["Prim"],"Function"]},{"tag":"TypeVar","contents":"a"}]},{"tag":"TypeApp","contents":[{"tag":"TypeApp","contents":[{"tag":"TypeConstructor","contents":[["Prim"],"Function"]},{"tag":"TypeApp","contents":[{"tag":"TypeConstructor","contents":[["Data","List","Lazy","Types"],"List"]},{"tag":"TypeVar","contents":"a"}]}]},{"tag":"TypeApp","contents":[{"tag":"TypeConstructor","contents":[["Data","List","Lazy","Types"],"List"]},{"tag":"TypeVar","contents":"a"}]}]}]}]},134]}}},{"EDValue":{"edValueName":{"Ident":"head"},"edValueType":{"tag":"ForAll","contents":["a",{"tag":"TypeApp","contents":[{"tag":"TypeApp","contents":[{"tag":"TypeConstructor","contents":[["Prim"],"Function"]},{"tag":"TypeApp","contents":[{"tag":"TypeConstructor","contents":[["Data","List","Lazy","Types"],"List"]},{"tag":"TypeVar","contents":"a"}]}]},{"tag":"TypeApp","contents":[{"tag":"TypeConstructor","contents":[["Data","Maybe"],"Maybe"]},{"tag":"TypeVar","contents":"a"}]}]},118]}}},{"EDValue":{"edValueName":{"Ident":"last"},"edValueType":{"tag":"ForAll","contents":["a",{"tag":"TypeApp","contents":[{"tag":"TypeApp","contents":[{"tag":"TypeConstructor","contents":[["Prim"],"Function"]},{"tag":"TypeApp","contents":[{"tag":"TypeConstructor","contents":[["Data","List","Lazy","Types"],"List"]},{"tag":"TypeVar","contents":"a"}]}]},{"tag":"TypeApp","contents":[{"tag":"TypeConstructor","contents":[["Data","Maybe"],"Maybe"]},{"tag":"TypeVar","contents":"a"}]}]},106]}}},{"EDValue":{"edValueName":{"Ident":"tail"},"edValueType":{"tag":"ForAll","contents":["a",{"tag":"TypeApp","contents":[{"tag":"TypeApp","contents":[{"tag":"TypeConstructor","contents":[["Prim"],"Function"]},{"tag":"TypeApp","contents":[{"tag":"TypeConstructor","contents":[["Data","List","Lazy","Types"],"List"]},{"tag":"TypeVar","contents":"a"}]}]},{"tag":"TypeApp","contents":[{"tag":"TypeConstructor","contents":[["Data","Maybe"],"Maybe"]},{"tag":"TypeApp","contents":[{"tag":"TypeConstructor","contents":[["Data","List","Lazy","Types"],"List"]},{"tag":"TypeVar","contents":"a"}]}]}]},49]}}},{"EDValue":{"edValueName":{"Ident":"init"},"edValueType":{"tag":"ForAll","contents":["a",{"tag":"TypeApp","contents":[{"tag":"TypeApp","contents":[{"tag":"TypeConstructor","contents":[["Prim"],"Function"]},{"tag":"TypeApp","contents":[{"tag":"TypeConstructor","contents":[["Data","List","Lazy","Types"],"List"]},{"tag":"TypeVar","contents":"a"}]}]},{"tag":"TypeApp","contents":[{"tag":"TypeConstructor","contents":[["Data","Maybe"],"Maybe"]},{"tag":"TypeApp","contents":[{"tag":"TypeConstructor","contents":[["Data","List","Lazy","Types"],"List"]},{"tag":"TypeVar","contents":"a"}]}]}]},113]}}},{"EDValue":{"edValueName":{"Ident":"uncons"},"edValueType":{"tag":"ForAll","contents":["a",{"tag":"TypeApp","contents":[{"tag":"TypeApp","contents":[{"tag":"TypeConstructor","contents":[["Prim"],"Function"]},{"tag":"TypeApp","contents":[{"tag":"TypeConstructor","contents":[["Data","List","Lazy","Types"],"List"]},{"tag":"TypeVar","contents":"a"}]}]},{"tag":"TypeApp","contents":[{"tag":"TypeConstructor","contents":[["Data","Maybe"],"Maybe"]},{"tag":"TypeApp","contents":[{"tag":"TypeConstructor","contents":[["Prim"],"Record"]},{"tag":"RCons","contents":["head",{"tag":"TypeVar","contents":"a"},{"tag":"RCons","contents":["tail",{"tag":"TypeApp","contents":[{"tag":"TypeConstructor","contents":[["Data","List","Lazy","Types"],"List"]},{"tag":"TypeVar","contents":"a"}]},{"tag":"REmpty"}]}]}]}]}]},32]}}},{"EDValue":{"edValueName":{"Ident":"index"},"edValueType":{"tag":"ForAll","contents":["a",{"tag":"TypeApp","contents":[{"tag":"TypeApp","contents":[{"tag":"TypeConstructor","contents":[["Prim"],"Function"]},{"tag":"TypeApp","contents":[{"tag":"TypeConstructor","contents":[["Data","List","Lazy","Types"],"List"]},{"tag":"TypeVar","contents":"a"}]}]},{"tag":"TypeApp","contents":[{"tag":"TypeApp","contents":[{"tag":"TypeConstructor","contents":[["Prim"],"Function"]},{"tag":"TypeConstructor","contents":[["Prim"],"Int"]}]},{"tag":"TypeApp","contents":[{"tag":"TypeConstructor","contents":[["Data","Maybe"],"Maybe"]},{"tag":"TypeVar","contents":"a"}]}]}]},116]}}},{"EDValue":{"edValueName":{"Ident":"elemIndex"},"edValueType":{"tag":"ForAll","contents":["a",{"tag":"ConstrainedType","contents":[{"constraintClass":[["Data","Eq"],"Eq"],"constraintArgs":[{"tag":"TypeVar","contents":"a"}],"constraintData":null},{"tag":"TypeApp","contents":[{"tag":"TypeApp","contents":[{"tag":"TypeConstructor","contents":[["Prim"],"Function"]},{"tag":"TypeVar","contents":"a"}]},{"tag":"TypeApp","contents":[{"tag":"TypeApp","contents":[{"tag":"TypeConstructor","contents":[["Prim"],"Function"]},{"tag":"TypeApp","contents":[{"tag":"TypeConstructor","contents":[["Data","List","Lazy","Types"],"List"]},{"tag":"TypeVar","contents":"a"}]}]},{"tag":"TypeApp","contents":[{"tag":"TypeConstructor","contents":[["Data","Maybe"],"Maybe"]},{"tag":"TypeConstructor","contents":[["Prim"],"Int"]}]}]}]}]},184]}}},{"EDValue":{"edValueName":{"Ident":"elemLastIndex"},"edValueType":{"tag":"ForAll","contents":["a",{"tag":"ConstrainedType","contents":[{"constraintClass":[["Data","Eq"],"Eq"],"constraintArgs":[{"tag":"TypeVar","contents":"a"}],"constraintData":null},{"tag":"TypeApp","contents":[{"tag":"TypeApp","contents":[{"tag":"TypeConstructor","contents":[["Prim"],"Function"]},{"tag":"TypeVar","contents":"a"}]},{"tag":"TypeApp","contents":[{"tag":"TypeApp","contents":[{"tag":"TypeConstructor","contents":[["Prim"],"Function"]},{"tag":"TypeApp","contents":[{"tag":"TypeConstructor","contents":[["Data","List","Lazy","Types"],"List"]},{"tag":"TypeVar","contents":"a"}]}]},{"tag":"TypeApp","contents":[{"tag":"TypeConstructor","contents":[["Data","Maybe"],"Maybe"]},{"tag":"TypeConstructor","contents":[["Prim"],"Int"]}]}]}]}]},182]}}},{"EDValue":{"edValueName":{"Ident":"findIndex"},"edValueType":{"tag":"ForAll","contents":["a",{"tag":"TypeApp","contents":[{"tag":"TypeApp","contents":[{"tag":"TypeConstructor","contents":[["Prim"],"Function"]},{"tag":"TypeApp","contents":[{"tag":"TypeApp","contents":[{"tag":"TypeConstructor","contents":[["Prim"],"Function"]},{"tag":"TypeVar","contents":"a"}]},{"tag":"TypeConstructor","contents":[["Prim"],"Boolean"]}]}]},{"tag":"TypeApp","contents":[{"tag":"TypeApp","contents":[{"tag":"TypeConstructor","contents":[["Prim"],"Function"]},{"tag":"TypeApp","contents":[{"tag":"TypeConstructor","contents":[["Data","List","Lazy","Types"],"List"]},{"tag":"TypeVar","contents":"a"}]}]},{"tag":"TypeApp","contents":[{"tag":"TypeConstructor","contents":[["Data","Maybe"],"Maybe"]},{"tag":"TypeConstructor","contents":[["Prim"],"Int"]}]}]}]},156]}}},{"EDValue":{"edValueName":{"Ident":"findLastIndex"},"edValueType":{"tag":"ForAll","contents":["a",{"tag":"TypeApp","contents":[{"tag":"TypeApp","contents":[{"tag":"TypeConstructor","contents":[["Prim"],"Function"]},{"tag":"TypeApp","contents":[{"tag":"TypeApp","contents":[{"tag":"TypeConstructor","contents":[["Prim"],"Function"]},{"tag":"TypeVar","contents":"a"}]},{"tag":"TypeConstructor","contents":[["Prim"],"Boolean"]}]}]},{"tag":"TypeApp","contents":[{"tag":"TypeApp","contents":[{"tag":"TypeConstructor","contents":[["Prim"],"Function"]},{"tag":"TypeApp","contents":[{"tag":"TypeConstructor","contents":[["Data","List","Lazy","Types"],"List"]},{"tag":"TypeVar","contents":"a"}]}]},{"tag":"TypeApp","contents":[{"tag":"TypeConstructor","contents":[["Data","Maybe"],"Maybe"]},{"tag":"TypeConstructor","contents":[["Prim"],"Int"]}]}]}]},158]}}},{"EDValue":{"edValueName":{"Ident":"insertAt"},"edValueType":{"tag":"ForAll","contents":["a",{"tag":"TypeApp","contents":[{"tag":"TypeApp","contents":[{"tag":"TypeConstructor","contents":[["Prim"],"Function"]},{"tag":"TypeConstructor","contents":[["Prim"],"Int"]}]},{"tag":"TypeApp","contents":[{"tag":"TypeApp","contents":[{"tag":"TypeConstructor","contents":[["Prim"],"Function"]},{"tag":"TypeVar","contents":"a"}]},{"tag":"TypeApp","contents":[{"tag":"TypeApp","contents":[{"tag":"TypeConstructor","contents":[["Prim"],"Function"]},{"tag":"TypeApp","contents":[{"tag":"TypeConstructor","contents":[["Data","List","Lazy","Types"],"List"]},{"tag":"TypeVar","contents":"a"}]}]},{"tag":"TypeApp","contents":[{"tag":"TypeConstructor","contents":[["Data","List","Lazy","Types"],"List"]},{"tag":"TypeVar","contents":"a"}]}]}]}]},110]}}},{"EDValue":{"edValueName":{"Ident":"deleteAt"},"edValueType":{"tag":"ForAll","contents":["a",{"tag":"TypeApp","contents":[{"tag":"TypeApp","contents":[{"tag":"TypeConstructor","contents":[["Prim"],"Function"]},{"tag":"TypeConstructor","contents":[["Prim"],"Int"]}]},{"tag":"TypeApp","contents":[{"tag":"TypeApp","contents":[{"tag":"TypeConstructor","contents":[["Prim"],"Function"]},{"tag":"TypeApp","contents":[{"tag":"TypeConstructor","contents":[["Data","List","Lazy","Types"],"List"]},{"tag":"TypeVar","contents":"a"}]}]},{"tag":"TypeApp","contents":[{"tag":"TypeConstructor","contents":[["Data","List","Lazy","Types"],"List"]},{"tag":"TypeVar","contents":"a"}]}]}]},200]}}},{"EDValue":{"edValueName":{"Ident":"updateAt"},"edValueType":{"tag":"ForAll","contents":["a",{"tag":"TypeApp","contents":[{"tag":"TypeApp","contents":[{"tag":"TypeConstructor","contents":[["Prim"],"Function"]},{"tag":"TypeConstructor","contents":[["Prim"],"Int"]}]},{"tag":"TypeApp","contents":[{"tag":"TypeApp","contents":[{"tag":"TypeConstructor","contents":[["Prim"],"Function"]},{"tag":"TypeVar","contents":"a"}]},{"tag":"TypeApp","contents":[{"tag":"TypeApp","contents":[{"tag":"TypeConstructor","contents":[["Prim"],"Function"]},{"tag":"TypeApp","contents":[{"tag":"TypeConstructor","contents":[["Data","List","Lazy","Types"],"List"]},{"tag":"TypeVar","contents":"a"}]}]},{"tag":"TypeApp","contents":[{"tag":"TypeConstructor","contents":[["Data","List","Lazy","Types"],"List"]},{"tag":"TypeVar","contents":"a"}]}]}]}]},25]}}},{"EDValue":{"edValueName":{"Ident":"modifyAt"},"edValueType":{"tag":"ForAll","contents":["a",{"tag":"TypeApp","contents":[{"tag":"TypeApp","contents":[{"tag":"TypeConstructor","contents":[["Prim"],"Function"]},{"tag":"TypeConstructor","contents":[["Prim"],"Int"]}]},{"tag":"TypeApp","contents":[{"tag":"TypeApp","contents":[{"tag":"TypeConstructor","contents":[["Prim"],"Function"]},{"tag":"TypeApp","contents":[{"tag":"TypeApp","contents":[{"tag":"TypeConstructor","contents":[["Prim"],"Function"]},{"tag":"TypeVar","contents":"a"}]},{"tag":"TypeVar","contents":"a"}]}]},{"tag":"TypeApp","contents":[{"tag":"TypeApp","contents":[{"tag":"TypeConstructor","contents":[["Prim"],"Function"]},{"tag":"TypeApp","contents":[{"tag":"TypeConstructor","contents":[["Data","List","Lazy","Types"],"List"]},{"tag":"TypeVar","contents":"a"}]}]},{"tag":"TypeApp","contents":[{"tag":"TypeConstructor","contents":[["Data","List","Lazy","Types"],"List"]},{"tag":"TypeVar","contents":"a"}]}]}]}]},220]}}},{"EDValue":{"edValueName":{"Ident":"alterAt"},"edValueType":{"tag":"ForAll","contents":["a",{"tag":"TypeApp","contents":[{"tag":"TypeApp","contents":[{"tag":"TypeConstructor","contents":[["Prim"],"Function"]},{"tag":"TypeConstructor","contents":[["Prim"],"Int"]}]},{"tag":"TypeApp","contents":[{"tag":"TypeApp","contents":[{"tag":"TypeConstructor","contents":[["Prim"],"Function"]},{"tag":"TypeApp","contents":[{"tag":"TypeApp","contents":[{"tag":"TypeConstructor","contents":[["Prim"],"Function"]},{"tag":"TypeVar","contents":"a"}]},{"tag":"TypeApp","contents":[{"tag":"TypeConstructor","contents":[["Data","Maybe"],"Maybe"]},{"tag":"TypeVar","contents":"a"}]}]}]},{"tag":"TypeApp","contents":[{"tag":"TypeApp","contents":[{"tag":"TypeConstructor","contents":[["Prim"],"Function"]},{"tag":"TypeApp","contents":[{"tag":"TypeConstructor","contents":[["Data","List","Lazy","Types"],"List"]},{"tag":"TypeVar","contents":"a"}]}]},{"tag":"TypeApp","contents":[{"tag":"TypeConstructor","contents":[["Data","List","Lazy","Types"],"List"]},{"tag":"TypeVar","contents":"a"}]}]}]}]},217]}}},{"EDValue":{"edValueName":{"Ident":"reverse"},"edValueType":{"tag":"ForAll","contents":["a",{"tag":"TypeApp","contents":[{"tag":"TypeApp","contents":[{"tag":"TypeConstructor","contents":[["Prim"],"Function"]},{"tag":"TypeApp","contents":[{"tag":"TypeConstructor","contents":[["Data","List","Lazy","Types"],"List"]},{"tag":"TypeVar","contents":"a"}]}]},{"tag":"TypeApp","contents":[{"tag":"TypeConstructor","contents":[["Data","List","Lazy","Types"],"List"]},{"tag":"TypeVar","contents":"a"}]}]},64]}}},{"EDValue":{"edValueName":{"Ident":"concat"},"edValueType":{"tag":"ForAll","contents":["a",{"tag":"TypeApp","contents":[{"tag":"TypeApp","contents":[{"tag":"TypeConstructor","contents":[["Prim"],"Function"]},{"tag":"TypeApp","contents":[{"tag":"TypeConstructor","contents":[["Data","List","Lazy","Types"],"List"]},{"tag":"TypeApp","contents":[{"tag":"TypeConstructor","contents":[["Data","List","Lazy","Types"],"List"]},{"tag":"TypeVar","contents":"a"}]}]}]},{"tag":"TypeApp","contents":[{"tag":"TypeConstructor","contents":[["Data","List","Lazy","Types"],"List"]},{"tag":"TypeVar","contents":"a"}]}]},213]}}},{"EDValue":{"edValueName":{"Ident":"concatMap"},"edValueType":{"tag":"ForAll","contents":["b",{"tag":"ForAll","contents":["a",{"tag":"TypeApp","contents":[{"tag":"TypeApp","contents":[{"tag":"TypeConstructor","contents":[["Prim"],"Function"]},{"tag":"TypeApp","contents":[{"tag":"TypeApp","contents":[{"tag":"TypeConstructor","contents":[["Prim"],"Function"]},{"tag":"TypeVar","contents":"a"}]},{"tag":"TypeApp","contents":[{"tag":"TypeConstructor","contents":[["Data","List","Lazy","Types"],"List"]},{"tag":"TypeVar","contents":"b"}]}]}]},{"tag":"TypeApp","contents":[{"tag":"TypeApp","contents":[{"tag":"TypeConstructor","contents":[["Prim"],"Function"]},{"tag":"TypeApp","contents":[{"tag":"TypeConstructor","contents":[["Data","List","Lazy","Types"],"List"]},{"tag":"TypeVar","contents":"a"}]}]},{"tag":"TypeApp","contents":[{"tag":"TypeConstructor","contents":[["Data","List","Lazy","Types"],"List"]},{"tag":"TypeVar","contents":"b"}]}]}]},209]},210]}}},{"EDValue":{"edValueName":{"Ident":"filter"},"edValueType":{"tag":"ForAll","contents":["a",{"tag":"TypeApp","contents":[{"tag":"TypeApp","contents":[{"tag":"TypeConstructor","contents":[["Prim"],"Function"]},{"tag":"TypeApp","contents":[{"tag":"TypeApp","contents":[{"tag":"TypeConstructor","contents":[["Prim"],"Function"]},{"tag":"TypeVar","contents":"a"}]},{"tag":"TypeConstructor","contents":[["Prim"],"Boolean"]}]}]},{"tag":"TypeApp","contents":[{"tag":"TypeApp","contents":[{"tag":"TypeConstructor","contents":[["Prim"],"Function"]},{"tag":"TypeApp","contents":[{"tag":"TypeConstructor","contents":[["Data","List","Lazy","Types"],"List"]},{"tag":"TypeVar","contents":"a"}]}]},{"tag":"TypeApp","contents":[{"tag":"TypeConstructor","contents":[["Data","List","Lazy","Types"],"List"]},{"tag":"TypeVar","contents":"a"}]}]}]},166]}}},{"EDValue":{"edValueName":{"Ident":"filterM"},"edValueType":{"tag":"ForAll","contents":["m",{"tag":"ForAll","contents":["a",{"tag":"ConstrainedType","contents":[{"constraintClass":[["Control","Monad"],"Monad"],"constraintArgs":[{"tag":"TypeVar","contents":"m"}],"constraintData":null},{"tag":"TypeApp","contents":[{"tag":"TypeApp","contents":[{"tag":"TypeConstructor","contents":[["Prim"],"Function"]},{"tag":"TypeApp","contents":[{"tag":"TypeApp","contents":[{"tag":"TypeConstructor","contents":[["Prim"],"Function"]},{"tag":"TypeVar","contents":"a"}]},{"tag":"TypeApp","contents":[{"tag":"TypeVar","contents":"m"},{"tag":"TypeConstructor","contents":[["Prim"],"Boolean"]}]}]}]},{"tag":"TypeApp","contents":[{"tag":"TypeApp","contents":[{"tag":"TypeConstructor","contents":[["Prim"],"Function"]},{"tag":"TypeApp","contents":[{"tag":"TypeConstructor","contents":[["Data","List","Lazy","Types"],"List"]},{"tag":"TypeVar","contents":"a"}]}]},{"tag":"TypeApp","contents":[{"tag":"TypeVar","contents":"m"},{"tag":"TypeApp","contents":[{"tag":"TypeConstructor","contents":[["Data","List","Lazy","Types"],"List"]},{"tag":"TypeVar","contents":"a"}]}]}]}]}]},160]},161]}}},{"EDValue":{"edValueName":{"Ident":"mapMaybe"},"edValueType":{"tag":"ForAll","contents":["b",{"tag":"ForAll","contents":["a",{"tag":"TypeApp","contents":[{"tag":"TypeApp","contents":[{"tag":"TypeConstructor","contents":[["Prim"],"Function"]},{"tag":"TypeApp","contents":[{"tag":"TypeApp","contents":[{"tag":"TypeConstructor","contents":[["Prim"],"Function"]},{"tag":"TypeVar","contents":"a"}]},{"tag":"TypeApp","contents":[{"tag":"TypeConstructor","contents":[["Data","Maybe"],"Maybe"]},{"tag":"TypeVar","contents":"b"}]}]}]},{"tag":"TypeApp","contents":[{"tag":"TypeApp","contents":[{"tag":"TypeConstructor","contents":[["Prim"],"Function"]},{"tag":"TypeApp","contents":[{"tag":"TypeConstructor","contents":[["Data","List","Lazy","Types"],"List"]},{"tag":"TypeVar","contents":"a"}]}]},{"tag":"TypeApp","contents":[{"tag":"TypeConstructor","contents":[["Data","List","Lazy","Types"],"List"]},{"tag":"TypeVar","contents":"b"}]}]}]},85]},86]}}},{"EDValue":{"edValueName":{"Ident":"catMaybes"},"edValueType":{"tag":"ForAll","contents":["a",{"tag":"TypeApp","contents":[{"tag":"TypeApp","contents":[{"tag":"TypeConstructor","contents":[["Prim"],"Function"]},{"tag":"TypeApp","contents":[{"tag":"TypeConstructor","contents":[["Data","List","Lazy","Types"],"List"]},{"tag":"TypeApp","contents":[{"tag":"TypeConstructor","contents":[["Data","Maybe"],"Maybe"]},{"tag":"TypeVar","contents":"a"}]}]}]},{"tag":"TypeApp","contents":[{"tag":"TypeConstructor","contents":[["Data","List","Lazy","Types"],"List"]},{"tag":"TypeVar","contents":"a"}]}]},215]}}},{"EDType":{"edTypeName":"Pattern","edTypeKind":{"tag":"FunKind","contents":[{"tag":"NamedKind","contents":[["Prim"],"Type"]},{"tag":"NamedKind","contents":[["Prim"],"Type"]}]},"edTypeDeclarationKind":{"DataType":{"args":[["a",{"tag":"NamedKind","contents":[["Prim"],"Type"]}]],"ctors":[["Pattern",[{"tag":"TypeApp","contents":[{"tag":"TypeConstructor","contents":[["Data","List","Lazy","Types"],"List"]},{"tag":"TypeVar","contents":"a"}]}]]]}}}},{"EDDataConstructor":{"edDataCtorName":"Pattern","edDataCtorOrigin":"newtype","edDataCtorTypeCtor":"Pattern","edDataCtorType":{"tag":"ForAll","contents":["a",{"tag":"TypeApp","contents":[{"tag":"TypeApp","contents":[{"tag":"TypeConstructor","contents":[["Prim"],"Function"]},{"tag":"TypeApp","contents":[{"tag":"TypeConstructor","contents":[["Data","List","Lazy","Types"],"List"]},{"tag":"TypeVar","contents":"a"}]}]},{"tag":"TypeApp","contents":[{"tag":"TypeConstructor","contents":[["Data","List","Lazy"],"Pattern"]},{"tag":"TypeVar","contents":"a"}]}]},null]},"edDataCtorFields":[{"Ident":"value0"}]}},{"EDValue":{"edValueName":{"Ident":"stripPrefix"},"edValueType":{"tag":"ForAll","contents":["a",{"tag":"ConstrainedType","contents":[{"constraintClass":[["Data","Eq"],"Eq"],"constraintArgs":[{"tag":"TypeVar","contents":"a"}],"constraintData":null},{"tag":"TypeApp","contents":[{"tag":"TypeApp","contents":[{"tag":"TypeConstructor","contents":[["Prim"],"Function"]},{"tag":"TypeApp","contents":[{"tag":"TypeConstructor","contents":[["Data","List","Lazy"],"Pattern"]},{"tag":"TypeVar","contents":"a"}]}]},{"tag":"TypeApp","contents":[{"tag":"TypeApp","contents":[{"tag":"TypeConstructor","contents":[["Prim"],"Function"]},{"tag":"TypeApp","contents":[{"tag":"TypeConstructor","contents":[["Data","List","Lazy","Types"],"List"]},{"tag":"TypeVar","contents":"a"}]}]},{"tag":"TypeApp","contents":[{"tag":"TypeConstructor","contents":[["Data","Maybe"],"Maybe"]},{"tag":"TypeApp","contents":[{"tag":"TypeConstructor","contents":[["Data","List","Lazy","Types"],"List"]},{"tag":"TypeVar","contents":"a"}]}]}]}]}]},51]}}},{"EDValue":{"edValueName":{"Ident":"slice"},"edValueType":{"tag":"TypeApp","contents":[{"tag":"TypeApp","contents":[{"tag":"TypeConstructor","contents":[["Prim"],"Function"]},{"tag":"TypeConstructor","contents":[["Prim"],"Int"]}]},{"tag":"TypeApp","contents":[{"tag":"TypeApp","contents":[{"tag":"TypeConstructor","contents":[["Prim"],"Function"]},{"tag":"TypeConstructor","contents":[["Prim"],"Int"]}]},{"tag":"ForAll","contents":["a",{"tag":"TypeApp","contents":[{"tag":"TypeApp","contents":[{"tag":"TypeConstructor","contents":[["Prim"],"Function"]},{"tag":"TypeApp","contents":[{"tag":"TypeConstructor","contents":[["Data","List","Lazy","Types"],"List"]},{"tag":"TypeVar","contents":"a"}]}]},{"tag":"TypeApp","contents":[{"tag":"TypeConstructor","contents":[["Data","List","Lazy","Types"],"List"]},{"tag":"TypeVar","contents":"a"}]}]},191]}]}]}}},{"EDValue":{"edValueName":{"Ident":"take"},"edValueType":{"tag":"ForAll","contents":["a",{"tag":"TypeApp","contents":[{"tag":"TypeApp","contents":[{"tag":"TypeConstructor","contents":[["Prim"],"Function"]},{"tag":"TypeConstructor","contents":[["Prim"],"Int"]}]},{"tag":"TypeApp","contents":[{"tag":"TypeApp","contents":[{"tag":"TypeConstructor","contents":[["Prim"],"Function"]},{"tag":"TypeApp","contents":[{"tag":"TypeConstructor","contents":[["Data","List","Lazy","Types"],"List"]},{"tag":"TypeVar","contents":"a"}]}]},{"tag":"TypeApp","contents":[{"tag":"TypeConstructor","contents":[["Data","List","Lazy","Types"],"List"]},{"tag":"TypeVar","contents":"a"}]}]}]},43]}}},{"EDValue":{"edValueName":{"Ident":"takeWhile"},"edValueType":{"tag":"ForAll","contents":["a",{"tag":"TypeApp","contents":[{"tag":"TypeApp","contents":[{"tag":"TypeConstructor","contents":[["Prim"],"Function"]},{"tag":"TypeApp","contents":[{"tag":"TypeApp","contents":[{"tag":"TypeConstructor","contents":[["Prim"],"Function"]},{"tag":"TypeVar","contents":"a"}]},{"tag":"TypeConstructor","contents":[["Prim"],"Boolean"]}]}]},{"tag":"TypeApp","contents":[{"tag":"TypeApp","contents":[{"tag":"TypeConstructor","contents":[["Prim"],"Function"]},{"tag":"TypeApp","contents":[{"tag":"TypeConstructor","contents":[["Data","List","Lazy","Types"],"List"]},{"tag":"TypeVar","contents":"a"}]}]},{"tag":"TypeApp","contents":[{"tag":"TypeConstructor","contents":[["Data","List","Lazy","Types"],"List"]},{"tag":"TypeVar","contents":"a"}]}]}]},39]}}},{"EDValue":{"edValueName":{"Ident":"drop"},"edValueType":{"tag":"ForAll","contents":["a",{"tag":"TypeApp","contents":[{"tag":"TypeApp","contents":[{"tag":"TypeConstructor","contents":[["Prim"],"Function"]},{"tag":"TypeConstructor","contents":[["Prim"],"Int"]}]},{"tag":"TypeApp","contents":[{"tag":"TypeApp","contents":[{"tag":"TypeConstructor","contents":[["Prim"],"Function"]},{"tag":"TypeApp","contents":[{"tag":"TypeConstructor","contents":[["Data","List","Lazy","Types"],"List"]},{"tag":"TypeVar","contents":"a"}]}]},{"tag":"TypeApp","contents":[{"tag":"TypeConstructor","contents":[["Data","List","Lazy","Types"],"List"]},{"tag":"TypeVar","contents":"a"}]}]}]},188]}}},{"EDValue":{"edValueName":{"Ident":"dropWhile"},"edValueType":{"tag":"ForAll","contents":["a",{"tag":"TypeApp","contents":[{"tag":"TypeApp","contents":[{"tag":"TypeConstructor","contents":[["Prim"],"Function"]},{"tag":"TypeApp","contents":[{"tag":"TypeApp","contents":[{"tag":"TypeConstructor","contents":[["Prim"],"Function"]},{"tag":"TypeVar","contents":"a"}]},{"tag":"TypeConstructor","contents":[["Prim"],"Boolean"]}]}]},{"tag":"TypeApp","contents":[{"tag":"TypeApp","contents":[{"tag":"TypeConstructor","contents":[["Prim"],"Function"]},{"tag":"TypeApp","contents":[{"tag":"TypeConstructor","contents":[["Data","List","Lazy","Types"],"List"]},{"tag":"TypeVar","contents":"a"}]}]},{"tag":"TypeApp","contents":[{"tag":"TypeConstructor","contents":[["Data","List","Lazy","Types"],"List"]},{"tag":"TypeVar","contents":"a"}]}]}]},186]}}},{"EDValue":{"edValueName":{"Ident":"span"},"edValueType":{"tag":"ForAll","contents":["a",{"tag":"TypeApp","contents":[{"tag":"TypeApp","contents":[{"tag":"TypeConstructor","contents":[["Prim"],"Function"]},{"tag":"TypeApp","contents":[{"tag":"TypeApp","contents":[{"tag":"TypeConstructor","contents":[["Prim"],"Function"]},{"tag":"TypeVar","contents":"a"}]},{"tag":"TypeConstructor","contents":[["Prim"],"Boolean"]}]}]},{"tag":"TypeApp","contents":[{"tag":"TypeApp","contents":[{"tag":"TypeConstructor","contents":[["Prim"],"Function"]},{"tag":"TypeApp","contents":[{"tag":"TypeConstructor","contents":[["Data","List","Lazy","Types"],"List"]},{"tag":"TypeVar","contents":"a"}]}]},{"tag":"TypeApp","contents":[{"tag":"TypeConstructor","contents":[["Prim"],"Record"]},{"tag":"RCons","contents":["init",{"tag":"TypeApp","contents":[{"tag":"TypeConstructor","contents":[["Data","List","Lazy","Types"],"List"]},{"tag":"TypeVar","contents":"a"}]},{"tag":"RCons","contents":["rest",{"tag":"TypeApp","contents":[{"tag":"TypeConstructor","contents":[["Data","List","Lazy","Types"],"List"]},{"tag":"TypeVar","contents":"a"}]},{"tag":"REmpty"}]}]}]}]}]},55]}}},{"EDValue":{"edValueName":{"Ident":"group"},"edValueType":{"tag":"ForAll","contents":["a",{"tag":"ConstrainedType","contents":[{"constraintClass":[["Data","Eq"],"Eq"],"constraintArgs":[{"tag":"TypeVar","contents":"a"}],"constraintData":null},{"tag":"TypeApp","contents":[{"tag":"TypeApp","contents":[{"tag":"TypeConstructor","contents":[["Prim"],"Function"]},{"tag":"TypeApp","contents":[{"tag":"TypeConstructor","contents":[["Data","List","Lazy","Types"],"List"]},{"tag":"TypeVar","contents":"a"}]}]},{"tag":"TypeApp","contents":[{"tag":"TypeConstructor","contents":[["Data","List","Lazy","Types"],"List"]},{"tag":"TypeApp","contents":[{"tag":"TypeConstructor","contents":[["Data","List","Lazy","Types"],"NonEmptyList"]},{"tag":"TypeVar","contents":"a"}]}]}]}]},129]}}},{"EDValue":{"edValueName":{"Ident":"groupBy"},"edValueType":{"tag":"ForAll","contents":["a",{"tag":"TypeApp","contents":[{"tag":"TypeApp","contents":[{"tag":"TypeConstructor","contents":[["Prim"],"Function"]},{"tag":"TypeApp","contents":[{"tag":"TypeApp","contents":[{"tag":"TypeConstructor","contents":[["Prim"],"Function"]},{"tag":"TypeVar","contents":"a"}]},{"tag":"TypeApp","contents":[{"tag":"TypeApp","contents":[{"tag":"TypeConstructor","contents":[["Prim"],"Function"]},{"tag":"TypeVar","contents":"a"}]},{"tag":"TypeConstructor","contents":[["Prim"],"Boolean"]}]}]}]},{"tag":"TypeApp","contents":[{"tag":"TypeApp","contents":[{"tag":"TypeConstructor","contents":[["Prim"],"Function"]},{"tag":"TypeApp","contents":[{"tag":"TypeConstructor","contents":[["Data","List","Lazy","Types"],"List"]},{"tag":"TypeVar","contents":"a"}]}]},{"tag":"TypeApp","contents":[{"tag":"TypeConstructor","contents":[["Data","List","Lazy","Types"],"List"]},{"tag":"TypeApp","contents":[{"tag":"TypeConstructor","contents":[["Data","List","Lazy","Types"],"NonEmptyList"]},{"tag":"TypeVar","contents":"a"}]}]}]}]},124]}}},{"EDValue":{"edValueName":{"Ident":"partition"},"edValueType":{"tag":"ForAll","contents":["a",{"tag":"TypeApp","contents":[{"tag":"TypeApp","contents":[{"tag":"TypeConstructor","contents":[["Prim"],"Function"]},{"tag":"TypeApp","contents":[{"tag":"TypeApp","contents":[{"tag":"TypeConstructor","contents":[["Prim"],"Function"]},{"tag":"TypeVar","contents":"a"}]},{"tag":"TypeConstructor","contents":[["Prim"],"Boolean"]}]}]},{"tag":"TypeApp","contents":[{"tag":"TypeApp","contents":[{"tag":"TypeConstructor","contents":[["Prim"],"Function"]},{"tag":"TypeApp","contents":[{"tag":"TypeConstructor","contents":[["Data","List","Lazy","Types"],"List"]},{"tag":"TypeVar","contents":"a"}]}]},{"tag":"TypeApp","contents":[{"tag":"TypeConstructor","contents":[["Prim"],"Record"]},{"tag":"RCons","contents":["yes",{"tag":"TypeApp","contents":[{"tag":"TypeConstructor","contents":[["Data","List","Lazy","Types"],"List"]},{"tag":"TypeVar","contents":"a"}]},{"tag":"RCons","contents":["no",{"tag":"TypeApp","contents":[{"tag":"TypeConstructor","contents":[["Data","List","Lazy","Types"],"List"]},{"tag":"TypeVar","contents":"a"}]},{"tag":"REmpty"}]}]}]}]}]},76]}}},{"EDValue":{"edValueName":{"Ident":"nub"},"edValueType":{"tag":"ForAll","contents":["a",{"tag":"ConstrainedType","contents":[{"constraintClass":[["Data","Eq"],"Eq"],"constraintArgs":[{"tag":"TypeVar","contents":"a"}],"constraintData":null},{"tag":"TypeApp","contents":[{"tag":"TypeApp","contents":[{"tag":"TypeConstructor","contents":[["Prim"],"Function"]},{"tag":"TypeApp","contents":[{"tag":"TypeConstructor","contents":[["Data","List","Lazy","Types"],"List"]},{"tag":"TypeVar","contents":"a"}]}]},{"tag":"TypeApp","contents":[{"tag":"TypeConstructor","contents":[["Data","List","Lazy","Types"],"List"]},{"tag":"TypeVar","contents":"a"}]}]}]},178]}}},{"EDValue":{"edValueName":{"Ident":"nubBy"},"edValueType":{"tag":"ForAll","contents":["a",{"tag":"TypeApp","contents":[{"tag":"TypeApp","contents":[{"tag":"TypeConstructor","contents":[["Prim"],"Function"]},{"tag":"TypeApp","contents":[{"tag":"TypeApp","contents":[{"tag":"TypeConstructor","contents":[["Prim"],"Function"]},{"tag":"TypeVar","contents":"a"}]},{"tag":"TypeApp","contents":[{"tag":"TypeApp","contents":[{"tag":"TypeConstructor","contents":[["Prim"],"Function"]},{"tag":"TypeVar","contents":"a"}]},{"tag":"TypeConstructor","contents":[["Prim"],"Boolean"]}]}]}]},{"tag":"TypeApp","contents":[{"tag":"TypeApp","contents":[{"tag":"TypeConstructor","contents":[["Prim"],"Function"]},{"tag":"TypeApp","contents":[{"tag":"TypeConstructor","contents":[["Data","List","Lazy","Types"],"List"]},{"tag":"TypeVar","contents":"a"}]}]},{"tag":"TypeApp","contents":[{"tag":"TypeConstructor","contents":[["Data","List","Lazy","Types"],"List"]},{"tag":"TypeVar","contents":"a"}]}]}]},174]}}},{"EDValue":{"edValueName":{"Ident":"union"},"edValueType":{"tag":"ForAll","contents":["a",{"tag":"ConstrainedType","contents":[{"constraintClass":[["Data","Eq"],"Eq"],"constraintArgs":[{"tag":"TypeVar","contents":"a"}],"constraintData":null},{"tag":"TypeApp","contents":[{"tag":"TypeApp","contents":[{"tag":"TypeConstructor","contents":[["Prim"],"Function"]},{"tag":"TypeApp","contents":[{"tag":"TypeConstructor","contents":[["Data","List","Lazy","Types"],"List"]},{"tag":"TypeVar","contents":"a"}]}]},{"tag":"TypeApp","contents":[{"tag":"TypeApp","contents":[{"tag":"TypeConstructor","contents":[["Prim"],"Function"]},{"tag":"TypeApp","contents":[{"tag":"TypeConstructor","contents":[["Data","List","Lazy","Types"],"List"]},{"tag":"TypeVar","contents":"a"}]}]},{"tag":"TypeApp","contents":[{"tag":"TypeConstructor","contents":[["Data","List","Lazy","Types"],"List"]},{"tag":"TypeVar","contents":"a"}]}]}]}]},198]}}},{"EDValue":{"edValueName":{"Ident":"unionBy"},"edValueType":{"tag":"ForAll","contents":["a",{"tag":"TypeApp","contents":[{"tag":"TypeApp","contents":[{"tag":"TypeConstructor","contents":[["Prim"],"Function"]},{"tag":"TypeApp","contents":[{"tag":"TypeApp","contents":[{"tag":"TypeConstructor","contents":[["Prim"],"Function"]},{"tag":"TypeVar","contents":"a"}]},{"tag":"TypeApp","contents":[{"tag":"TypeApp","contents":[{"tag":"TypeConstructor","contents":[["Prim"],"Function"]},{"tag":"TypeVar","contents":"a"}]},{"tag":"TypeConstructor","contents":[["Prim"],"Boolean"]}]}]}]},{"tag":"TypeApp","contents":[{"tag":"TypeApp","contents":[{"tag":"TypeConstructor","contents":[["Prim"],"Function"]},{"tag":"TypeApp","contents":[{"tag":"TypeConstructor","contents":[["Data","List","Lazy","Types"],"List"]},{"tag":"TypeVar","contents":"a"}]}]},{"tag":"TypeApp","contents":[{"tag":"TypeApp","contents":[{"tag":"TypeConstructor","contents":[["Prim"],"Function"]},{"tag":"TypeApp","contents":[{"tag":"TypeConstructor","contents":[["Data","List","Lazy","Types"],"List"]},{"tag":"TypeVar","contents":"a"}]}]},{"tag":"TypeApp","contents":[{"tag":"TypeConstructor","contents":[["Data","List","Lazy","Types"],"List"]},{"tag":"TypeVar","contents":"a"}]}]}]}]},196]}}},{"EDValue":{"edValueName":{"Ident":"delete"},"edValueType":{"tag":"ForAll","contents":["a",{"tag":"ConstrainedType","contents":[{"constraintClass":[["Data","Eq"],"Eq"],"constraintArgs":[{"tag":"TypeVar","contents":"a"}],"constraintData":null},{"tag":"TypeApp","contents":[{"tag":"TypeApp","contents":[{"tag":"TypeConstructor","contents":[["Prim"],"Function"]},{"tag":"TypeVar","contents":"a"}]},{"tag":"TypeApp","contents":[{"tag":"TypeApp","contents":[{"tag":"TypeConstructor","contents":[["Prim"],"Function"]},{"tag":"TypeApp","contents":[{"tag":"TypeConstructor","contents":[["Data","List","Lazy","Types"],"List"]},{"tag":"TypeVar","contents":"a"}]}]},{"tag":"TypeApp","contents":[{"tag":"TypeConstructor","contents":[["Data","List","Lazy","Types"],"List"]},{"tag":"TypeVar","contents":"a"}]}]}]}]},203]}}},{"EDValue":{"edValueName":{"Ident":"deleteBy"},"edValueType":{"tag":"ForAll","contents":["a",{"tag":"TypeApp","contents":[{"tag":"TypeApp","contents":[{"tag":"TypeConstructor","contents":[["Prim"],"Function"]},{"tag":"TypeApp","contents":[{"tag":"TypeApp","contents":[{"tag":"TypeConstructor","contents":[["Prim"],"Function"]},{"tag":"TypeVar","contents":"a"}]},{"tag":"TypeApp","contents":[{"tag":"TypeApp","contents":[{"tag":"TypeConstructor","contents":[["Prim"],"Function"]},{"tag":"TypeVar","contents":"a"}]},{"tag":"TypeConstructor","contents":[["Prim"],"Boolean"]}]}]}]},{"tag":"TypeApp","contents":[{"tag":"TypeApp","contents":[{"tag":"TypeConstructor","contents":[["Prim"],"Function"]},{"tag":"TypeVar","contents":"a"}]},{"tag":"TypeApp","contents":[{"tag":"TypeApp","contents":[{"tag":"TypeConstructor","contents":[["Prim"],"Function"]},{"tag":"TypeApp","contents":[{"tag":"TypeConstructor","contents":[["Data","List","Lazy","Types"],"List"]},{"tag":"TypeVar","contents":"a"}]}]},{"tag":"TypeApp","contents":[{"tag":"TypeConstructor","contents":[["Data","List","Lazy","Types"],"List"]},{"tag":"TypeVar","contents":"a"}]}]}]}]},193]}}},{"EDValue":{"edValueName":{"Ident":"difference"},"edValueType":{"tag":"ForAll","contents":["a",{"tag":"ConstrainedType","contents":[{"constraintClass":[["Data","Eq"],"Eq"],"constraintArgs":[{"tag":"TypeVar","contents":"a"}],"constraintData":null},{"tag":"TypeApp","contents":[{"tag":"TypeApp","contents":[{"tag":"TypeConstructor","contents":[["Prim"],"Function"]},{"tag":"TypeApp","contents":[{"tag":"TypeConstructor","contents":[["Data","List","Lazy","Types"],"List"]},{"tag":"TypeVar","contents":"a"}]}]},{"tag":"TypeApp","contents":[{"tag":"TypeApp","contents":[{"tag":"TypeConstructor","contents":[["Prim"],"Function"]},{"tag":"TypeApp","contents":[{"tag":"TypeConstructor","contents":[["Data","List","Lazy","Types"],"List"]},{"tag":"TypeVar","contents":"a"}]}]},{"tag":"TypeApp","contents":[{"tag":"TypeConstructor","contents":[["Data","List","Lazy","Types"],"List"]},{"tag":"TypeVar","contents":"a"}]}]}]}]},205]}}},{"EDValue":{"edValueName":{"Ident":"intersect"},"edValueType":{"tag":"ForAll","contents":["a",{"tag":"ConstrainedType","contents":[{"constraintClass":[["Data","Eq"],"Eq"],"constraintArgs":[{"tag":"TypeVar","contents":"a"}],"constraintData":null},{"tag":"TypeApp","contents":[{"tag":"TypeApp","contents":[{"tag":"TypeConstructor","contents":[["Prim"],"Function"]},{"tag":"TypeApp","contents":[{"tag":"TypeConstructor","contents":[["Data","List","Lazy","Types"],"List"]},{"tag":"TypeVar","contents":"a"}]}]},{"tag":"TypeApp","contents":[{"tag":"TypeApp","contents":[{"tag":"TypeConstructor","contents":[["Prim"],"Function"]},{"tag":"TypeApp","contents":[{"tag":"TypeConstructor","contents":[["Data","List","Lazy","Types"],"List"]},{"tag":"TypeVar","contents":"a"}]}]},{"tag":"TypeApp","contents":[{"tag":"TypeConstructor","contents":[["Data","List","Lazy","Types"],"List"]},{"tag":"TypeVar","contents":"a"}]}]}]}]},172]}}},{"EDValue":{"edValueName":{"Ident":"intersectBy"},"edValueType":{"tag":"ForAll","contents":["a",{"tag":"TypeApp","contents":[{"tag":"TypeApp","contents":[{"tag":"TypeConstructor","contents":[["Prim"],"Function"]},{"tag":"TypeApp","contents":[{"tag":"TypeApp","contents":[{"tag":"TypeConstructor","contents":[["Prim"],"Function"]},{"tag":"TypeVar","contents":"a"}]},{"tag":"TypeApp","contents":[{"tag":"TypeApp","contents":[{"tag":"TypeConstructor","contents":[["Prim"],"Function"]},{"tag":"TypeVar","contents":"a"}]},{"tag":"TypeConstructor","contents":[["Prim"],"Boolean"]}]}]}]},{"tag":"TypeApp","contents":[{"tag":"TypeApp","contents":[{"tag":"TypeConstructor","contents":[["Prim"],"Function"]},{"tag":"TypeApp","contents":[{"tag":"TypeConstructor","contents":[["Data","List","Lazy","Types"],"List"]},{"tag":"TypeVar","contents":"a"}]}]},{"tag":"TypeApp","contents":[{"tag":"TypeApp","contents":[{"tag":"TypeConstructor","contents":[["Prim"],"Function"]},{"tag":"TypeApp","contents":[{"tag":"TypeConstructor","contents":[["Data","List","Lazy","Types"],"List"]},{"tag":"TypeVar","contents":"a"}]}]},{"tag":"TypeApp","contents":[{"tag":"TypeConstructor","contents":[["Data","List","Lazy","Types"],"List"]},{"tag":"TypeVar","contents":"a"}]}]}]}]},170]}}},{"EDValue":{"edValueName":{"Ident":"zipWith"},"edValueType":{"tag":"ForAll","contents":["c",{"tag":"ForAll","contents":["b",{"tag":"ForAll","contents":["a",{"tag":"TypeApp","contents":[{"tag":"TypeApp","contents":[{"tag":"TypeConstructor","contents":[["Prim"],"Function"]},{"tag":"TypeApp","contents":[{"tag":"TypeApp","contents":[{"tag":"TypeConstructor","contents":[["Prim"],"Function"]},{"tag":"TypeVar","contents":"a"}]},{"tag":"TypeApp","contents":[{"tag":"TypeApp","contents":[{"tag":"TypeConstructor","contents":[["Prim"],"Function"]},{"tag":"TypeVar","contents":"b"}]},{"tag":"TypeVar","contents":"c"}]}]}]},{"tag":"TypeApp","contents":[{"tag":"TypeApp","contents":[{"tag":"TypeConstructor","contents":[["Prim"],"Function"]},{"tag":"TypeApp","contents":[{"tag":"TypeConstructor","contents":[["Data","List","Lazy","Types"],"List"]},{"tag":"TypeVar","contents":"a"}]}]},{"tag":"TypeApp","contents":[{"tag":"TypeApp","contents":[{"tag":"TypeConstructor","contents":[["Prim"],"Function"]},{"tag":"TypeApp","contents":[{"tag":"TypeConstructor","contents":[["Data","List","Lazy","Types"],"List"]},{"tag":"TypeVar","contents":"b"}]}]},{"tag":"TypeApp","contents":[{"tag":"TypeConstructor","contents":[["Data","List","Lazy","Types"],"List"]},{"tag":"TypeVar","contents":"c"}]}]}]}]},0]},1]},2]}}},{"EDValue":{"edValueName":{"Ident":"zipWithA"},"edValueType":{"tag":"ForAll","contents":["c",{"tag":"ForAll","contents":["b",{"tag":"ForAll","contents":["a",{"tag":"ForAll","contents":["m",{"tag":"ConstrainedType","contents":[{"constraintClass":[["Control","Applicative"],"Applicative"],"constraintArgs":[{"tag":"TypeVar","contents":"m"}],"constraintData":null},{"tag":"TypeApp","contents":[{"tag":"TypeApp","contents":[{"tag":"TypeConstructor","contents":[["Prim"],"Function"]},{"tag":"TypeApp","contents":[{"tag":"TypeApp","contents":[{"tag":"TypeConstructor","contents":[["Prim"],"Function"]},{"tag":"TypeVar","contents":"a"}]},{"tag":"TypeApp","contents":[{"tag":"TypeApp","contents":[{"tag":"TypeConstructor","contents":[["Prim"],"Function"]},{"tag":"TypeVar","contents":"b"}]},{"tag":"TypeApp","contents":[{"tag":"TypeVar","contents":"m"},{"tag":"TypeVar","contents":"c"}]}]}]}]},{"tag":"TypeApp","contents":[{"tag":"TypeApp","contents":[{"tag":"TypeConstructor","contents":[["Prim"],"Function"]},{"tag":"TypeApp","contents":[{"tag":"TypeConstructor","contents":[["Data","List","Lazy","Types"],"List"]},{"tag":"TypeVar","contents":"a"}]}]},{"tag":"TypeApp","contents":[{"tag":"TypeApp","contents":[{"tag":"TypeConstructor","contents":[["Prim"],"Function"]},{"tag":"TypeApp","contents":[{"tag":"TypeConstructor","contents":[["Data","List","Lazy","Types"],"List"]},{"tag":"TypeVar","contents":"b"}]}]},{"tag":"TypeApp","contents":[{"tag":"TypeVar","contents":"m"},{"tag":"TypeApp","contents":[{"tag":"TypeConstructor","contents":[["Data","List","Lazy","Types"],"List"]},{"tag":"TypeVar","contents":"c"}]}]}]}]}]}]},11]},12]},13]},14]}}},{"EDValue":{"edValueName":{"Ident":"zip"},"edValueType":{"tag":"ForAll","contents":["b",{"tag":"ForAll","contents":["a",{"tag":"TypeApp","contents":[{"tag":"TypeApp","contents":[{"tag":"TypeConstructor","contents":[["Prim"],"Function"]},{"tag":"TypeApp","contents":[{"tag":"TypeConstructor","contents":[["Data","List","Lazy","Types"],"List"]},{"tag":"TypeVar","contents":"a"}]}]},{"tag":"TypeApp","contents":[{"tag":"TypeApp","contents":[{"tag":"TypeConstructor","contents":[["Prim"],"Function"]},{"tag":"TypeApp","contents":[{"tag":"TypeConstructor","contents":[["Data","List","Lazy","Types"],"List"]},{"tag":"TypeVar","contents":"b"}]}]},{"tag":"TypeApp","contents":[{"tag":"TypeConstructor","contents":[["Data","List","Lazy","Types"],"List"]},{"tag":"TypeApp","contents":[{"tag":"TypeApp","contents":[{"tag":"TypeConstructor","contents":[["Data","Tuple"],"Tuple"]},{"tag":"TypeVar","contents":"a"}]},{"tag":"TypeVar","contents":"b"}]}]}]}]},19]},20]}}},{"EDValue":{"edValueName":{"Ident":"unzip"},"edValueType":{"tag":"ForAll","contents":["b",{"tag":"ForAll","contents":["a",{"tag":"TypeApp","contents":[{"tag":"TypeApp","contents":[{"tag":"TypeConstructor","contents":[["Prim"],"Function"]},{"tag":"TypeApp","contents":[{"tag":"TypeConstructor","contents":[["Data","List","Lazy","Types"],"List"]},{"tag":"TypeApp","contents":[{"tag":"TypeApp","contents":[{"tag":"TypeConstructor","contents":[["Data","Tuple"],"Tuple"]},{"tag":"TypeVar","contents":"a"}]},{"tag":"TypeVar","contents":"b"}]}]}]},{"tag":"TypeApp","contents":[{"tag":"TypeApp","contents":[{"tag":"TypeConstructor","contents":[["Data","Tuple"],"Tuple"]},{"tag":"TypeApp","contents":[{"tag":"TypeConstructor","contents":[["Data","List","Lazy","Types"],"List"]},{"tag":"TypeVar","contents":"a"}]}]},{"tag":"TypeApp","contents":[{"tag":"TypeConstructor","contents":[["Data","List","Lazy","Types"],"List"]},{"tag":"TypeVar","contents":"b"}]}]}]},28]},29]}}},{"EDValue":{"edValueName":{"Ident":"transpose"},"edValueType":{"tag":"ForAll","contents":["a",{"tag":"TypeApp","contents":[{"tag":"TypeApp","contents":[{"tag":"TypeConstructor","contents":[["Prim"],"Function"]},{"tag":"TypeApp","contents":[{"tag":"TypeConstructor","contents":[["Data","List","Lazy","Types"],"List"]},{"tag":"TypeApp","contents":[{"tag":"TypeConstructor","contents":[["Data","List","Lazy","Types"],"List"]},{"tag":"TypeVar","contents":"a"}]}]}]},{"tag":"TypeApp","contents":[{"tag":"TypeConstructor","contents":[["Data","List","Lazy","Types"],"List"]},{"tag":"TypeApp","contents":[{"tag":"TypeConstructor","contents":[["Data","List","Lazy","Types"],"List"]},{"tag":"TypeVar","contents":"a"}]}]}]},120]}}},{"EDValue":{"edValueName":{"Ident":"foldM"},"edValueType":{"tag":"ForAll","contents":["b",{"tag":"ForAll","contents":["a",{"tag":"ForAll","contents":["m",{"tag":"ConstrainedType","contents":[{"constraintClass":[["Control","Monad"],"Monad"],"constraintArgs":[{"tag":"TypeVar","contents":"m"}],"constraintData":null},{"tag":"TypeApp","contents":[{"tag":"TypeApp","contents":[{"tag":"TypeConstructor","contents":[["Prim"],"Function"]},{"tag":"TypeApp","contents":[{"tag":"TypeApp","contents":[{"tag":"TypeConstructor","contents":[["Prim"],"Function"]},{"tag":"TypeVar","contents":"a"}]},{"tag":"TypeApp","contents":[{"tag":"TypeApp","contents":[{"tag":"TypeConstructor","contents":[["Prim"],"Function"]},{"tag":"TypeVar","contents":"b"}]},{"tag":"TypeApp","contents":[{"tag":"TypeVar","contents":"m"},{"tag":"TypeVar","contents":"a"}]}]}]}]},{"tag":"TypeApp","contents":[{"tag":"TypeApp","contents":[{"tag":"TypeConstructor","contents":[["Prim"],"Function"]},{"tag":"TypeVar","contents":"a"}]},{"tag":"TypeApp","contents":[{"tag":"TypeApp","contents":[{"tag":"TypeConstructor","contents":[["Prim"],"Function"]},{"tag":"TypeApp","contents":[{"tag":"TypeConstructor","contents":[["Data","List","Lazy","Types"],"List"]},{"tag":"TypeVar","contents":"b"}]}]},{"tag":"TypeApp","contents":[{"tag":"TypeVar","contents":"m"},{"tag":"TypeVar","contents":"a"}]}]}]}]}]},147]},148]},149]}}},{"EDValue":{"edValueName":{"Ident":"foldrLazy"},"edValueType":{"tag":"ForAll","contents":["b",{"tag":"ForAll","contents":["a",{"tag":"ConstrainedType","contents":[{"constraintClass":[["Control","Lazy"],"Lazy"],"constraintArgs":[{"tag":"TypeVar","contents":"b"}],"constraintData":null},{"tag":"TypeApp","contents":[{"tag":"TypeApp","contents":[{"tag":"TypeConstructor","contents":[["Prim"],"Function"]},{"tag":"TypeApp","contents":[{"tag":"TypeApp","contents":[{"tag":"TypeConstructor","contents":[["Prim"],"Function"]},{"tag":"TypeVar","contents":"a"}]},{"tag":"TypeApp","contents":[{"tag":"TypeApp","contents":[{"tag":"TypeConstructor","contents":[["Prim"],"Function"]},{"tag":"TypeVar","contents":"b"}]},{"tag":"TypeVar","contents":"b"}]}]}]},{"tag":"TypeApp","contents":[{"tag":"TypeApp","contents":[{"tag":"TypeConstructor","contents":[["Prim"],"Function"]},{"tag":"TypeVar","contents":"b"}]},{"tag":"TypeApp","contents":[{"tag":"TypeApp","contents":[{"tag":"TypeConstructor","contents":[["Prim"],"Function"]},{"tag":"TypeApp","contents":[{"tag":"TypeConstructor","contents":[["Data","List","Lazy","Types"],"List"]},{"tag":"TypeVar","contents":"a"}]}]},{"tag":"TypeVar","contents":"b"}]}]}]}]},143]},144]}}},{"EDInstance":{"edInstanceClassName":[["Data","Eq"],"Eq"],"edInstanceName":{"Ident":"eqPattern"},"edInstanceTypes":[{"tag":"TypeApp","contents":[{"tag":"TypeConstructor","contents":[["Data","List","Lazy"],"Pattern"]},{"tag":"TypeVar","contents":"a"}]}],"edInstanceConstraints":[{"constraintClass":[["Data","Eq"],"Eq"],"constraintArgs":[{"tag":"TypeVar","contents":"a"}],"constraintData":null}]}},{"EDInstance":{"edInstanceClassName":[["Data","Ord"],"Ord"],"edInstanceName":{"Ident":"ordPattern"},"edInstanceTypes":[{"tag":"TypeApp","contents":[{"tag":"TypeConstructor","contents":[["Data","List","Lazy"],"Pattern"]},{"tag":"TypeVar","contents":"a"}]}],"edInstanceConstraints":[{"constraintClass":[["Data","Ord"],"Ord"],"constraintArgs":[{"tag":"TypeVar","contents":"a"}],"constraintData":null}]}},{"EDInstance":{"edInstanceClassName":[["Data","Newtype"],"Newtype"],"edInstanceName":{"Ident":"newtypePattern"},"edInstanceTypes":[{"tag":"TypeApp","contents":[{"tag":"TypeConstructor","contents":[["Data","List","Lazy"],"Pattern"]},{"tag":"TypeVar","contents":"a"}]},{"tag":"TypeApp","contents":[{"tag":"TypeConstructor","contents":[["Data","List","Lazy","Types"],"List"]},{"tag":"TypeVar","contents":"a"}]}],"edInstanceConstraints":[]}},{"EDInstance":{"edInstanceClassName":[["Data","Show"],"Show"],"edInstanceName":{"Ident":"showPattern"},"edInstanceTypes":[{"tag":"TypeApp","contents":[{"tag":"TypeConstructor","contents":[["Data","List","Lazy"],"Pattern"]},{"tag":"TypeVar","contents":"a"}]}],"edInstanceConstraints":[{"constraintClass":[["Data","Show"],"Show"],"constraintArgs":[{"tag":"TypeVar","contents":"a"}],"constraintData":null}]}}],"efSourceSpan":{"start":[1,1],"name":"E:\\practice\\haskell\\cube-rotation\\bower_components\\purescript-lists\\src\\Data\\List\\Lazy.purs","end":[756,14]}}