{"efVersion":"0.11.7","efModuleName":["Control","Monad","Free","Trans"],"efExports":[{"TypeRef":[{"start":[1,1],"name":"E:\\practice\\haskell\\cube-rotation\\bower_components\\purescript-freet\\src\\Control\\Monad\\Free\\Trans.purs","end":[129,35]},"FreeT",[]]},{"ValueRef":[{"start":[1,1],"name":"E:\\practice\\haskell\\cube-rotation\\bower_components\\purescript-freet\\src\\Control\\Monad\\Free\\Trans.purs","end":[129,35]},{"Ident":"freeT"}]},{"ValueRef":[{"start":[1,1],"name":"E:\\practice\\haskell\\cube-rotation\\bower_components\\purescript-freet\\src\\Control\\Monad\\Free\\Trans.purs","end":[129,35]},{"Ident":"liftFreeT"}]},{"ValueRef":[{"start":[1,1],"name":"E:\\practice\\haskell\\cube-rotation\\bower_components\\purescript-freet\\src\\Control\\Monad\\Free\\Trans.purs","end":[129,35]},{"Ident":"hoistFreeT"}]},{"ValueRef":[{"start":[1,1],"name":"E:\\practice\\haskell\\cube-rotation\\bower_components\\purescript-freet\\src\\Control\\Monad\\Free\\Trans.purs","end":[129,35]},{"Ident":"interpret"}]},{"ValueRef":[{"start":[1,1],"name":"E:\\practice\\haskell\\cube-rotation\\bower_components\\purescript-freet\\src\\Control\\Monad\\Free\\Trans.purs","end":[129,35]},{"Ident":"bimapFreeT"}]},{"ValueRef":[{"start":[1,1],"name":"E:\\practice\\haskell\\cube-rotation\\bower_components\\purescript-freet\\src\\Control\\Monad\\Free\\Trans.purs","end":[129,35]},{"Ident":"resume"}]},{"ValueRef":[{"start":[1,1],"name":"E:\\practice\\haskell\\cube-rotation\\bower_components\\purescript-freet\\src\\Control\\Monad\\Free\\Trans.purs","end":[129,35]},{"Ident":"runFreeT"}]},{"TypeInstanceRef":[{"start":[0,0],"name":"<generated>","end":[0,0]},{"Ident":"functorFreeT"}]},{"TypeInstanceRef":[{"start":[0,0],"name":"<generated>","end":[0,0]},{"Ident":"applyFreeT"}]},{"TypeInstanceRef":[{"start":[0,0],"name":"<generated>","end":[0,0]},{"Ident":"applicativeFreeT"}]},{"TypeInstanceRef":[{"start":[0,0],"name":"<generated>","end":[0,0]},{"Ident":"bindFreeT"}]},{"TypeInstanceRef":[{"start":[0,0],"name":"<generated>","end":[0,0]},{"Ident":"monadFreeT"}]},{"TypeInstanceRef":[{"start":[0,0],"name":"<generated>","end":[0,0]},{"Ident":"monadTransFreeT"}]},{"TypeInstanceRef":[{"start":[0,0],"name":"<generated>","end":[0,0]},{"Ident":"monadRecFreeT"}]},{"TypeInstanceRef":[{"start":[0,0],"name":"<generated>","end":[0,0]},{"Ident":"semigroupFreeT"}]},{"TypeInstanceRef":[{"start":[0,0],"name":"<generated>","end":[0,0]},{"Ident":"monoidFreeT"}]},{"TypeInstanceRef":[{"start":[0,0],"name":"<generated>","end":[0,0]},{"Ident":"monadEffFreeT"}]},{"TypeInstanceRef":[{"start":[0,0],"name":"<generated>","end":[0,0]},{"Ident":"monadAskFreeT"}]},{"TypeInstanceRef":[{"start":[0,0],"name":"<generated>","end":[0,0]},{"Ident":"monadTellFreeT"}]},{"TypeInstanceRef":[{"start":[0,0],"name":"<generated>","end":[0,0]},{"Ident":"monadStateFreeT"}]},{"TypeInstanceRef":[{"start":[0,0],"name":"<generated>","end":[0,0]},{"Ident":"monadThrowFreeT"}]}],"efImports":[{"eiModule":["Prim"],"eiImportType":{"Implicit":[]},"eiImportedAs":["Prim"]},{"eiModule":["Prim"],"eiImportType":{"Implicit":[]},"eiImportedAs":null},{"eiModule":["Prelude"],"eiImportType":{"Implicit":[]},"eiImportedAs":null},{"eiModule":["Control","Apply"],"eiImportType":{"Explicit":[{"ValueRef":[{"start":[16,23],"name":"E:\\practice\\haskell\\cube-rotation\\bower_components\\purescript-freet\\src\\Control\\Monad\\Free\\Trans.purs","end":[16,28]},{"Ident":"lift2"}]}]},"eiImportedAs":null},{"eiModule":["Control","Monad","Eff","Class"],"eiImportType":{"Explicit":[{"TypeClassRef":[{"start":[17,33],"name":"E:\\practice\\haskell\\cube-rotation\\bower_components\\purescript-freet\\src\\Control\\Monad\\Free\\Trans.purs","end":[17,47]},"MonadEff"]},{"ValueRef":[{"start":[17,49],"name":"E:\\practice\\haskell\\cube-rotation\\bower_components\\purescript-freet\\src\\Control\\Monad\\Free\\Trans.purs","end":[17,56]},{"Ident":"liftEff"}]}]},"eiImportedAs":null},{"eiModule":["Control","Monad","Error","Class"],"eiImportType":{"Explicit":[{"TypeClassRef":[{"start":[18,35],"name":"E:\\practice\\haskell\\cube-rotation\\bower_components\\purescript-freet\\src\\Control\\Monad\\Free\\Trans.purs","end":[18,51]},"MonadThrow"]},{"ValueRef":[{"start":[18,53],"name":"E:\\practice\\haskell\\cube-rotation\\bower_components\\purescript-freet\\src\\Control\\Monad\\Free\\Trans.purs","end":[18,63]},{"Ident":"throwError"}]}]},"eiImportedAs":null},{"eiModule":["Control","Monad","Reader","Class"],"eiImportType":{"Explicit":[{"TypeClassRef":[{"start":[19,36],"name":"E:\\practice\\haskell\\cube-rotation\\bower_components\\purescript-freet\\src\\Control\\Monad\\Free\\Trans.purs","end":[19,50]},"MonadAsk"]},{"ValueRef":[{"start":[19,52],"name":"E:\\practice\\haskell\\cube-rotation\\bower_components\\purescript-freet\\src\\Control\\Monad\\Free\\Trans.purs","end":[19,55]},{"Ident":"ask"}]}]},"eiImportedAs":null},{"eiModule":["Control","Monad","Rec","Class"],"eiImportType":{"Explicit":[{"TypeClassRef":[{"start":[20,33],"name":"E:\\practice\\haskell\\cube-rotation\\bower_components\\purescript-freet\\src\\Control\\Monad\\Free\\Trans.purs","end":[20,47]},"MonadRec"]},{"TypeRef":[{"start":[20,49],"name":"E:\\practice\\haskell\\cube-rotation\\bower_components\\purescript-freet\\src\\Control\\Monad\\Free\\Trans.purs","end":[20,57]},"Step",null]},{"ValueRef":[{"start":[20,59],"name":"E:\\practice\\haskell\\cube-rotation\\bower_components\\purescript-freet\\src\\Control\\Monad\\Free\\Trans.purs","end":[20,67]},{"Ident":"tailRecM"}]}]},"eiImportedAs":null},{"eiModule":["Control","Monad","State","Class"],"eiImportType":{"Explicit":[{"TypeClassRef":[{"start":[21,35],"name":"E:\\practice\\haskell\\cube-rotation\\bower_components\\purescript-freet\\src\\Control\\Monad\\Free\\Trans.purs","end":[21,51]},"MonadState"]},{"ValueRef":[{"start":[21,53],"name":"E:\\practice\\haskell\\cube-rotation\\bower_components\\purescript-freet\\src\\Control\\Monad\\Free\\Trans.purs","end":[21,58]},{"Ident":"state"}]}]},"eiImportedAs":null},{"eiModule":["Control","Monad","Trans","Class"],"eiImportType":{"Explicit":[{"TypeClassRef":[{"start":[22,35],"name":"E:\\practice\\haskell\\cube-rotation\\bower_components\\purescript-freet\\src\\Control\\Monad\\Free\\Trans.purs","end":[22,51]},"MonadTrans"]},{"ValueRef":[{"start":[22,53],"name":"E:\\practice\\haskell\\cube-rotation\\bower_components\\purescript-freet\\src\\Control\\Monad\\Free\\Trans.purs","end":[22,57]},{"Ident":"lift"}]}]},"eiImportedAs":null},{"eiModule":["Control","Monad","Writer","Class"],"eiImportType":{"Explicit":[{"TypeClassRef":[{"start":[23,36],"name":"E:\\practice\\haskell\\cube-rotation\\bower_components\\purescript-freet\\src\\Control\\Monad\\Free\\Trans.purs","end":[23,51]},"MonadTell"]},{"ValueRef":[{"start":[23,53],"name":"E:\\practice\\haskell\\cube-rotation\\bower_components\\purescript-freet\\src\\Control\\Monad\\Free\\Trans.purs","end":[23,57]},{"Ident":"tell"}]}]},"eiImportedAs":null},{"eiModule":["Data","Bifunctor"],"eiImportType":{"Explicit":[{"ValueRef":[{"start":[24,24],"name":"E:\\practice\\haskell\\cube-rotation\\bower_components\\purescript-freet\\src\\Control\\Monad\\Free\\Trans.purs","end":[24,29]},{"Ident":"bimap"}]}]},"eiImportedAs":null},{"eiModule":["Data","Either"],"eiImportType":{"Explicit":[{"TypeRef":[{"start":[25,21],"name":"E:\\practice\\haskell\\cube-rotation\\bower_components\\purescript-freet\\src\\Control\\Monad\\Free\\Trans.purs","end":[25,31]},"Either",null]}]},"eiImportedAs":null},{"eiModule":["Data","Exists"],"eiImportType":{"Explicit":[{"TypeRef":[{"start":[26,21],"name":"E:\\practice\\haskell\\cube-rotation\\bower_components\\purescript-freet\\src\\Control\\Monad\\Free\\Trans.purs","end":[26,27]},"Exists",[]]},{"ValueRef":[{"start":[26,29],"name":"E:\\practice\\haskell\\cube-rotation\\bower_components\\purescript-freet\\src\\Control\\Monad\\Free\\Trans.purs","end":[26,37]},{"Ident":"mkExists"}]},{"ValueRef":[{"start":[26,39],"name":"E:\\practice\\haskell\\cube-rotation\\bower_components\\purescript-freet\\src\\Control\\Monad\\Free\\Trans.purs","end":[26,48]},{"Ident":"runExists"}]}]},"eiImportedAs":null},{"eiModule":["Data","Monoid"],"eiImportType":{"Explicit":[{"TypeClassRef":[{"start":[27,21],"name":"E:\\practice\\haskell\\cube-rotation\\bower_components\\purescript-freet\\src\\Control\\Monad\\Free\\Trans.purs","end":[27,33]},"Monoid"]},{"ValueRef":[{"start":[27,35],"name":"E:\\practice\\haskell\\cube-rotation\\bower_components\\purescript-freet\\src\\Control\\Monad\\Free\\Trans.purs","end":[27,41]},{"Ident":"mempty"}]}]},"eiImportedAs":null}],"efFixities":[],"efTypeFixities":[],"efDeclarations":[{"EDType":{"edTypeName":"FreeT","edTypeKind":{"tag":"FunKind","contents":[{"tag":"FunKind","contents":[{"tag":"NamedKind","contents":[["Prim"],"Type"]},{"tag":"NamedKind","contents":[["Prim"],"Type"]}]},{"tag":"FunKind","contents":[{"tag":"FunKind","contents":[{"tag":"NamedKind","contents":[["Prim"],"Type"]},{"tag":"NamedKind","contents":[["Prim"],"Type"]}]},{"tag":"FunKind","contents":[{"tag":"NamedKind","contents":[["Prim"],"Type"]},{"tag":"NamedKind","contents":[["Prim"],"Type"]}]}]}]},"edTypeDeclarationKind":{"DataType":{"args":[["f",{"tag":"FunKind","contents":[{"tag":"NamedKind","contents":[["Prim"],"Type"]},{"tag":"NamedKind","contents":[["Prim"],"Type"]}]}],["m",{"tag":"FunKind","contents":[{"tag":"NamedKind","contents":[["Prim"],"Type"]},{"tag":"NamedKind","contents":[["Prim"],"Type"]}]}],["a",{"tag":"NamedKind","contents":[["Prim"],"Type"]}]],"ctors":[["FreeT",[{"tag":"TypeApp","contents":[{"tag":"TypeApp","contents":[{"tag":"TypeConstructor","contents":[["Prim"],"Function"]},{"tag":"TypeConstructor","contents":[["Data","Unit"],"Unit"]}]},{"tag":"TypeApp","contents":[{"tag":"TypeVar","contents":"m"},{"tag":"TypeApp","contents":[{"tag":"TypeApp","contents":[{"tag":"TypeConstructor","contents":[["Data","Either"],"Either"]},{"tag":"TypeVar","contents":"a"}]},{"tag":"TypeApp","contents":[{"tag":"TypeVar","contents":"f"},{"tag":"TypeApp","contents":[{"tag":"TypeApp","contents":[{"tag":"TypeApp","contents":[{"tag":"TypeConstructor","contents":[["Control","Monad","Free","Trans"],"FreeT"]},{"tag":"TypeVar","contents":"f"}]},{"tag":"TypeVar","contents":"m"}]},{"tag":"TypeVar","contents":"a"}]}]}]}]}]}]],["Bind",[{"tag":"TypeApp","contents":[{"tag":"TypeConstructor","contents":[["Data","Exists"],"Exists"]},{"tag":"TypeApp","contents":[{"tag":"TypeApp","contents":[{"tag":"TypeApp","contents":[{"tag":"TypeConstructor","contents":[["Control","Monad","Free","Trans"],"Bound"]},{"tag":"TypeVar","contents":"f"}]},{"tag":"TypeVar","contents":"m"}]},{"tag":"TypeVar","contents":"a"}]}]}]]]}}}},{"EDValue":{"edValueName":{"Ident":"freeT"},"edValueType":{"tag":"ForAll","contents":["a",{"tag":"ForAll","contents":["m",{"tag":"ForAll","contents":["f",{"tag":"TypeApp","contents":[{"tag":"TypeApp","contents":[{"tag":"TypeConstructor","contents":[["Prim"],"Function"]},{"tag":"TypeApp","contents":[{"tag":"TypeApp","contents":[{"tag":"TypeConstructor","contents":[["Prim"],"Function"]},{"tag":"TypeConstructor","contents":[["Data","Unit"],"Unit"]}]},{"tag":"TypeApp","contents":[{"tag":"TypeVar","contents":"m"},{"tag":"TypeApp","contents":[{"tag":"TypeApp","contents":[{"tag":"TypeConstructor","contents":[["Data","Either"],"Either"]},{"tag":"TypeVar","contents":"a"}]},{"tag":"TypeApp","contents":[{"tag":"TypeVar","contents":"f"},{"tag":"TypeApp","contents":[{"tag":"TypeApp","contents":[{"tag":"TypeApp","contents":[{"tag":"TypeConstructor","contents":[["Control","Monad","Free","Trans"],"FreeT"]},{"tag":"TypeVar","contents":"f"}]},{"tag":"TypeVar","contents":"m"}]},{"tag":"TypeVar","contents":"a"}]}]}]}]}]}]},{"tag":"TypeApp","contents":[{"tag":"TypeApp","contents":[{"tag":"TypeApp","contents":[{"tag":"TypeConstructor","contents":[["Control","Monad","Free","Trans"],"FreeT"]},{"tag":"TypeVar","contents":"f"}]},{"tag":"TypeVar","contents":"m"}]},{"tag":"TypeVar","contents":"a"}]}]},169]},170]},171]}}},{"EDValue":{"edValueName":{"Ident":"liftFreeT"},"edValueType":{"tag":"ForAll","contents":["a",{"tag":"ForAll","contents":["m",{"tag":"ForAll","contents":["f",{"tag":"ConstrainedType","contents":[{"constraintClass":[["Data","Functor"],"Functor"],"constraintArgs":[{"tag":"TypeVar","contents":"f"}],"constraintData":null},{"tag":"ConstrainedType","contents":[{"constraintClass":[["Control","Monad"],"Monad"],"constraintArgs":[{"tag":"TypeVar","contents":"m"}],"constraintData":null},{"tag":"TypeApp","contents":[{"tag":"TypeApp","contents":[{"tag":"TypeConstructor","contents":[["Prim"],"Function"]},{"tag":"TypeApp","contents":[{"tag":"TypeVar","contents":"f"},{"tag":"TypeVar","contents":"a"}]}]},{"tag":"TypeApp","contents":[{"tag":"TypeApp","contents":[{"tag":"TypeApp","contents":[{"tag":"TypeConstructor","contents":[["Control","Monad","Free","Trans"],"FreeT"]},{"tag":"TypeVar","contents":"f"}]},{"tag":"TypeVar","contents":"m"}]},{"tag":"TypeVar","contents":"a"}]}]}]}]},163]},164]},165]}}},{"EDValue":{"edValueName":{"Ident":"hoistFreeT"},"edValueType":{"tag":"ForAll","contents":["a",{"tag":"ForAll","contents":["n",{"tag":"ForAll","contents":["m",{"tag":"ForAll","contents":["f",{"tag":"ConstrainedType","contents":[{"constraintClass":[["Data","Functor"],"Functor"],"constraintArgs":[{"tag":"TypeVar","contents":"f"}],"constraintData":null},{"tag":"ConstrainedType","contents":[{"constraintClass":[["Data","Functor"],"Functor"],"constraintArgs":[{"tag":"TypeVar","contents":"n"}],"constraintData":null},{"tag":"TypeApp","contents":[{"tag":"TypeApp","contents":[{"tag":"TypeConstructor","contents":[["Prim"],"Function"]},{"tag":"ForAll","contents":["a",{"tag":"TypeApp","contents":[{"tag":"TypeApp","contents":[{"tag":"TypeConstructor","contents":[["Prim"],"Function"]},{"tag":"TypeApp","contents":[{"tag":"TypeVar","contents":"m"},{"tag":"TypeVar","contents":"a"}]}]},{"tag":"TypeApp","contents":[{"tag":"TypeVar","contents":"n"},{"tag":"TypeVar","contents":"a"}]}]},248]}]},{"tag":"TypeApp","contents":[{"tag":"TypeApp","contents":[{"tag":"TypeConstructor","contents":[["Prim"],"Function"]},{"tag":"TypeApp","contents":[{"tag":"TypeApp","contents":[{"tag":"TypeApp","contents":[{"tag":"TypeConstructor","contents":[["Control","Monad","Free","Trans"],"FreeT"]},{"tag":"TypeVar","contents":"f"}]},{"tag":"TypeVar","contents":"m"}]},{"tag":"TypeVar","contents":"a"}]}]},{"tag":"TypeApp","contents":[{"tag":"TypeApp","contents":[{"tag":"TypeApp","contents":[{"tag":"TypeConstructor","contents":[["Control","Monad","Free","Trans"],"FreeT"]},{"tag":"TypeVar","contents":"f"}]},{"tag":"TypeVar","contents":"n"}]},{"tag":"TypeVar","contents":"a"}]}]}]}]}]},249]},250]},251]},252]}}},{"EDValue":{"edValueName":{"Ident":"interpret"},"edValueType":{"tag":"ForAll","contents":["a",{"tag":"ForAll","contents":["m",{"tag":"ForAll","contents":["g",{"tag":"ForAll","contents":["f",{"tag":"ConstrainedType","contents":[{"constraintClass":[["Data","Functor"],"Functor"],"constraintArgs":[{"tag":"TypeVar","contents":"f"}],"constraintData":null},{"tag":"ConstrainedType","contents":[{"constraintClass":[["Data","Functor"],"Functor"],"constraintArgs":[{"tag":"TypeVar","contents":"m"}],"constraintData":null},{"tag":"TypeApp","contents":[{"tag":"TypeApp","contents":[{"tag":"TypeConstructor","contents":[["Prim"],"Function"]},{"tag":"ForAll","contents":["a",{"tag":"TypeApp","contents":[{"tag":"TypeApp","contents":[{"tag":"TypeConstructor","contents":[["Prim"],"Function"]},{"tag":"TypeApp","contents":[{"tag":"TypeVar","contents":"f"},{"tag":"TypeVar","contents":"a"}]}]},{"tag":"TypeApp","contents":[{"tag":"TypeVar","contents":"g"},{"tag":"TypeVar","contents":"a"}]}]},258]}]},{"tag":"TypeApp","contents":[{"tag":"TypeApp","contents":[{"tag":"TypeConstructor","contents":[["Prim"],"Function"]},{"tag":"TypeApp","contents":[{"tag":"TypeApp","contents":[{"tag":"TypeApp","contents":[{"tag":"TypeConstructor","contents":[["Control","Monad","Free","Trans"],"FreeT"]},{"tag":"TypeVar","contents":"f"}]},{"tag":"TypeVar","contents":"m"}]},{"tag":"TypeVar","contents":"a"}]}]},{"tag":"TypeApp","contents":[{"tag":"TypeApp","contents":[{"tag":"TypeApp","contents":[{"tag":"TypeConstructor","contents":[["Control","Monad","Free","Trans"],"FreeT"]},{"tag":"TypeVar","contents":"g"}]},{"tag":"TypeVar","contents":"m"}]},{"tag":"TypeVar","contents":"a"}]}]}]}]}]},259]},260]},261]},262]}}},{"EDValue":{"edValueName":{"Ident":"bimapFreeT"},"edValueType":{"tag":"ForAll","contents":["a",{"tag":"ForAll","contents":["n",{"tag":"ForAll","contents":["m",{"tag":"ForAll","contents":["g",{"tag":"ForAll","contents":["f",{"tag":"ConstrainedType","contents":[{"constraintClass":[["Data","Functor"],"Functor"],"constraintArgs":[{"tag":"TypeVar","contents":"f"}],"constraintData":null},{"tag":"ConstrainedType","contents":[{"constraintClass":[["Data","Functor"],"Functor"],"constraintArgs":[{"tag":"TypeVar","contents":"n"}],"constraintData":null},{"tag":"TypeApp","contents":[{"tag":"TypeApp","contents":[{"tag":"TypeConstructor","contents":[["Prim"],"Function"]},{"tag":"ForAll","contents":["a",{"tag":"TypeApp","contents":[{"tag":"TypeApp","contents":[{"tag":"TypeConstructor","contents":[["Prim"],"Function"]},{"tag":"TypeApp","contents":[{"tag":"TypeVar","contents":"f"},{"tag":"TypeVar","contents":"a"}]}]},{"tag":"TypeApp","contents":[{"tag":"TypeVar","contents":"g"},{"tag":"TypeVar","contents":"a"}]}]},208]}]},{"tag":"TypeApp","contents":[{"tag":"TypeApp","contents":[{"tag":"TypeConstructor","contents":[["Prim"],"Function"]},{"tag":"ForAll","contents":["a",{"tag":"TypeApp","contents":[{"tag":"TypeApp","contents":[{"tag":"TypeConstructor","contents":[["Prim"],"Function"]},{"tag":"TypeApp","contents":[{"tag":"TypeVar","contents":"m"},{"tag":"TypeVar","contents":"a"}]}]},{"tag":"TypeApp","contents":[{"tag":"TypeVar","contents":"n"},{"tag":"TypeVar","contents":"a"}]}]},209]}]},{"tag":"TypeApp","contents":[{"tag":"TypeApp","contents":[{"tag":"TypeConstructor","contents":[["Prim"],"Function"]},{"tag":"TypeApp","contents":[{"tag":"TypeApp","contents":[{"tag":"TypeApp","contents":[{"tag":"TypeConstructor","contents":[["Control","Monad","Free","Trans"],"FreeT"]},{"tag":"TypeVar","contents":"f"}]},{"tag":"TypeVar","contents":"m"}]},{"tag":"TypeVar","contents":"a"}]}]},{"tag":"TypeApp","contents":[{"tag":"TypeApp","contents":[{"tag":"TypeApp","contents":[{"tag":"TypeConstructor","contents":[["Control","Monad","Free","Trans"],"FreeT"]},{"tag":"TypeVar","contents":"g"}]},{"tag":"TypeVar","contents":"n"}]},{"tag":"TypeVar","contents":"a"}]}]}]}]}]}]},210]},211]},212]},213]},214]}}},{"EDValue":{"edValueName":{"Ident":"resume"},"edValueType":{"tag":"ForAll","contents":["a",{"tag":"ForAll","contents":["m",{"tag":"ForAll","contents":["f",{"tag":"ConstrainedType","contents":[{"constraintClass":[["Data","Functor"],"Functor"],"constraintArgs":[{"tag":"TypeVar","contents":"f"}],"constraintData":null},{"tag":"ConstrainedType","contents":[{"constraintClass":[["Control","Monad","Rec","Class"],"MonadRec"],"constraintArgs":[{"tag":"TypeVar","contents":"m"}],"constraintData":null},{"tag":"TypeApp","contents":[{"tag":"TypeApp","contents":[{"tag":"TypeConstructor","contents":[["Prim"],"Function"]},{"tag":"TypeApp","contents":[{"tag":"TypeApp","contents":[{"tag":"TypeApp","contents":[{"tag":"TypeConstructor","contents":[["Control","Monad","Free","Trans"],"FreeT"]},{"tag":"TypeVar","contents":"f"}]},{"tag":"TypeVar","contents":"m"}]},{"tag":"TypeVar","contents":"a"}]}]},{"tag":"TypeApp","contents":[{"tag":"TypeVar","contents":"m"},{"tag":"TypeApp","contents":[{"tag":"TypeApp","contents":[{"tag":"TypeConstructor","contents":[["Data","Either"],"Either"]},{"tag":"TypeVar","contents":"a"}]},{"tag":"TypeApp","contents":[{"tag":"TypeVar","contents":"f"},{"tag":"TypeApp","contents":[{"tag":"TypeApp","contents":[{"tag":"TypeApp","contents":[{"tag":"TypeConstructor","contents":[["Control","Monad","Free","Trans"],"FreeT"]},{"tag":"TypeVar","contents":"f"}]},{"tag":"TypeVar","contents":"m"}]},{"tag":"TypeVar","contents":"a"}]}]}]}]}]}]}]},6]},7]},8]}}},{"EDValue":{"edValueName":{"Ident":"runFreeT"},"edValueType":{"tag":"ForAll","contents":["a",{"tag":"ForAll","contents":["m",{"tag":"ForAll","contents":["f",{"tag":"ConstrainedType","contents":[{"constraintClass":[["Data","Functor"],"Functor"],"constraintArgs":[{"tag":"TypeVar","contents":"f"}],"constraintData":null},{"tag":"ConstrainedType","contents":[{"constraintClass":[["Control","Monad","Rec","Class"],"MonadRec"],"constraintArgs":[{"tag":"TypeVar","contents":"m"}],"constraintData":null},{"tag":"TypeApp","contents":[{"tag":"TypeApp","contents":[{"tag":"TypeConstructor","contents":[["Prim"],"Function"]},{"tag":"TypeApp","contents":[{"tag":"TypeApp","contents":[{"tag":"TypeConstructor","contents":[["Prim"],"Function"]},{"tag":"TypeApp","contents":[{"tag":"TypeVar","contents":"f"},{"tag":"TypeApp","contents":[{"tag":"TypeApp","contents":[{"tag":"TypeApp","contents":[{"tag":"TypeConstructor","contents":[["Control","Monad","Free","Trans"],"FreeT"]},{"tag":"TypeVar","contents":"f"}]},{"tag":"TypeVar","contents":"m"}]},{"tag":"TypeVar","contents":"a"}]}]}]},{"tag":"TypeApp","contents":[{"tag":"TypeVar","contents":"m"},{"tag":"TypeApp","contents":[{"tag":"TypeApp","contents":[{"tag":"TypeApp","contents":[{"tag":"TypeConstructor","contents":[["Control","Monad","Free","Trans"],"FreeT"]},{"tag":"TypeVar","contents":"f"}]},{"tag":"TypeVar","contents":"m"}]},{"tag":"TypeVar","contents":"a"}]}]}]}]},{"tag":"TypeApp","contents":[{"tag":"TypeApp","contents":[{"tag":"TypeConstructor","contents":[["Prim"],"Function"]},{"tag":"TypeApp","contents":[{"tag":"TypeApp","contents":[{"tag":"TypeApp","contents":[{"tag":"TypeConstructor","contents":[["Control","Monad","Free","Trans"],"FreeT"]},{"tag":"TypeVar","contents":"f"}]},{"tag":"TypeVar","contents":"m"}]},{"tag":"TypeVar","contents":"a"}]}]},{"tag":"TypeApp","contents":[{"tag":"TypeVar","contents":"m"},{"tag":"TypeVar","contents":"a"}]}]}]}]}]},16]},17]},18]}}},{"EDInstance":{"edInstanceClassName":[["Data","Functor"],"Functor"],"edInstanceName":{"Ident":"functorFreeT"},"edInstanceTypes":[{"tag":"TypeApp","contents":[{"tag":"TypeApp","contents":[{"tag":"TypeConstructor","contents":[["Control","Monad","Free","Trans"],"FreeT"]},{"tag":"TypeVar","contents":"f"}]},{"tag":"TypeVar","contents":"m"}]}],"edInstanceConstraints":[{"constraintClass":[["Data","Functor"],"Functor"],"constraintArgs":[{"tag":"TypeVar","contents":"f"}],"constraintData":null},{"constraintClass":[["Data","Functor"],"Functor"],"constraintArgs":[{"tag":"TypeVar","contents":"m"}],"constraintData":null}]}},{"EDInstance":{"edInstanceClassName":[["Control","Apply"],"Apply"],"edInstanceName":{"Ident":"applyFreeT"},"edInstanceTypes":[{"tag":"TypeApp","contents":[{"tag":"TypeApp","contents":[{"tag":"TypeConstructor","contents":[["Control","Monad","Free","Trans"],"FreeT"]},{"tag":"TypeVar","contents":"f"}]},{"tag":"TypeVar","contents":"m"}]}],"edInstanceConstraints":[{"constraintClass":[["Data","Functor"],"Functor"],"constraintArgs":[{"tag":"TypeVar","contents":"f"}],"constraintData":null},{"constraintClass":[["Control","Monad"],"Monad"],"constraintArgs":[{"tag":"TypeVar","contents":"m"}],"constraintData":null}]}},{"EDInstance":{"edInstanceClassName":[["Control","Applicative"],"Applicative"],"edInstanceName":{"Ident":"applicativeFreeT"},"edInstanceTypes":[{"tag":"TypeApp","contents":[{"tag":"TypeApp","contents":[{"tag":"TypeConstructor","contents":[["Control","Monad","Free","Trans"],"FreeT"]},{"tag":"TypeVar","contents":"f"}]},{"tag":"TypeVar","contents":"m"}]}],"edInstanceConstraints":[{"constraintClass":[["Data","Functor"],"Functor"],"constraintArgs":[{"tag":"TypeVar","contents":"f"}],"constraintData":null},{"constraintClass":[["Control","Monad"],"Monad"],"constraintArgs":[{"tag":"TypeVar","contents":"m"}],"constraintData":null}]}},{"EDInstance":{"edInstanceClassName":[["Control","Bind"],"Bind"],"edInstanceName":{"Ident":"bindFreeT"},"edInstanceTypes":[{"tag":"TypeApp","contents":[{"tag":"TypeApp","contents":[{"tag":"TypeConstructor","contents":[["Control","Monad","Free","Trans"],"FreeT"]},{"tag":"TypeVar","contents":"f"}]},{"tag":"TypeVar","contents":"m"}]}],"edInstanceConstraints":[{"constraintClass":[["Data","Functor"],"Functor"],"constraintArgs":[{"tag":"TypeVar","contents":"f"}],"constraintData":null},{"constraintClass":[["Control","Monad"],"Monad"],"constraintArgs":[{"tag":"TypeVar","contents":"m"}],"constraintData":null}]}},{"EDInstance":{"edInstanceClassName":[["Control","Monad"],"Monad"],"edInstanceName":{"Ident":"monadFreeT"},"edInstanceTypes":[{"tag":"TypeApp","contents":[{"tag":"TypeApp","contents":[{"tag":"TypeConstructor","contents":[["Control","Monad","Free","Trans"],"FreeT"]},{"tag":"TypeVar","contents":"f"}]},{"tag":"TypeVar","contents":"m"}]}],"edInstanceConstraints":[{"constraintClass":[["Data","Functor"],"Functor"],"constraintArgs":[{"tag":"TypeVar","contents":"f"}],"constraintData":null},{"constraintClass":[["Control","Monad"],"Monad"],"constraintArgs":[{"tag":"TypeVar","contents":"m"}],"constraintData":null}]}},{"EDInstance":{"edInstanceClassName":[["Control","Monad","Trans","Class"],"MonadTrans"],"edInstanceName":{"Ident":"monadTransFreeT"},"edInstanceTypes":[{"tag":"TypeApp","contents":[{"tag":"TypeConstructor","contents":[["Control","Monad","Free","Trans"],"FreeT"]},{"tag":"TypeVar","contents":"f"}]}],"edInstanceConstraints":[{"constraintClass":[["Data","Functor"],"Functor"],"constraintArgs":[{"tag":"TypeVar","contents":"f"}],"constraintData":null}]}},{"EDInstance":{"edInstanceClassName":[["Control","Monad","Rec","Class"],"MonadRec"],"edInstanceName":{"Ident":"monadRecFreeT"},"edInstanceTypes":[{"tag":"TypeApp","contents":[{"tag":"TypeApp","contents":[{"tag":"TypeConstructor","contents":[["Control","Monad","Free","Trans"],"FreeT"]},{"tag":"TypeVar","contents":"f"}]},{"tag":"TypeVar","contents":"m"}]}],"edInstanceConstraints":[{"constraintClass":[["Data","Functor"],"Functor"],"constraintArgs":[{"tag":"TypeVar","contents":"f"}],"constraintData":null},{"constraintClass":[["Control","Monad"],"Monad"],"constraintArgs":[{"tag":"TypeVar","contents":"m"}],"constraintData":null}]}},{"EDInstance":{"edInstanceClassName":[["Data","Semigroup"],"Semigroup"],"edInstanceName":{"Ident":"semigroupFreeT"},"edInstanceTypes":[{"tag":"TypeApp","contents":[{"tag":"TypeApp","contents":[{"tag":"TypeApp","contents":[{"tag":"TypeConstructor","contents":[["Control","Monad","Free","Trans"],"FreeT"]},{"tag":"TypeVar","contents":"f"}]},{"tag":"TypeVar","contents":"m"}]},{"tag":"TypeVar","contents":"w"}]}],"edInstanceConstraints":[{"constraintClass":[["Data","Functor"],"Functor"],"constraintArgs":[{"tag":"TypeVar","contents":"f"}],"constraintData":null},{"constraintClass":[["Control","Monad"],"Monad"],"constraintArgs":[{"tag":"TypeVar","contents":"m"}],"constraintData":null},{"constraintClass":[["Data","Semigroup"],"Semigroup"],"constraintArgs":[{"tag":"TypeVar","contents":"w"}],"constraintData":null}]}},{"EDInstance":{"edInstanceClassName":[["Data","Monoid"],"Monoid"],"edInstanceName":{"Ident":"monoidFreeT"},"edInstanceTypes":[{"tag":"TypeApp","contents":[{"tag":"TypeApp","contents":[{"tag":"TypeApp","contents":[{"tag":"TypeConstructor","contents":[["Control","Monad","Free","Trans"],"FreeT"]},{"tag":"TypeVar","contents":"f"}]},{"tag":"TypeVar","contents":"m"}]},{"tag":"TypeVar","contents":"w"}]}],"edInstanceConstraints":[{"constraintClass":[["Data","Functor"],"Functor"],"constraintArgs":[{"tag":"TypeVar","contents":"f"}],"constraintData":null},{"constraintClass":[["Control","Monad"],"Monad"],"constraintArgs":[{"tag":"TypeVar","contents":"m"}],"constraintData":null},{"constraintClass":[["Data","Monoid"],"Monoid"],"constraintArgs":[{"tag":"TypeVar","contents":"w"}],"constraintData":null}]}},{"EDInstance":{"edInstanceClassName":[["Control","Monad","Eff","Class"],"MonadEff"],"edInstanceName":{"Ident":"monadEffFreeT"},"edInstanceTypes":[{"tag":"TypeVar","contents":"eff"},{"tag":"TypeApp","contents":[{"tag":"TypeApp","contents":[{"tag":"TypeConstructor","contents":[["Control","Monad","Free","Trans"],"FreeT"]},{"tag":"TypeVar","contents":"f"}]},{"tag":"TypeVar","contents":"m"}]}],"edInstanceConstraints":[{"constraintClass":[["Data","Functor"],"Functor"],"constraintArgs":[{"tag":"TypeVar","contents":"f"}],"constraintData":null},{"constraintClass":[["Control","Monad","Eff","Class"],"MonadEff"],"constraintArgs":[{"tag":"TypeVar","contents":"eff"},{"tag":"TypeVar","contents":"m"}],"constraintData":null}]}},{"EDInstance":{"edInstanceClassName":[["Control","Monad","Reader","Class"],"MonadAsk"],"edInstanceName":{"Ident":"monadAskFreeT"},"edInstanceTypes":[{"tag":"TypeVar","contents":"r"},{"tag":"TypeApp","contents":[{"tag":"TypeApp","contents":[{"tag":"TypeConstructor","contents":[["Control","Monad","Free","Trans"],"FreeT"]},{"tag":"TypeVar","contents":"f"}]},{"tag":"TypeVar","contents":"m"}]}],"edInstanceConstraints":[{"constraintClass":[["Data","Functor"],"Functor"],"constraintArgs":[{"tag":"TypeVar","contents":"f"}],"constraintData":null},{"constraintClass":[["Control","Monad","Reader","Class"],"MonadAsk"],"constraintArgs":[{"tag":"TypeVar","contents":"r"},{"tag":"TypeVar","contents":"m"}],"constraintData":null}]}},{"EDInstance":{"edInstanceClassName":[["Control","Monad","Writer","Class"],"MonadTell"],"edInstanceName":{"Ident":"monadTellFreeT"},"edInstanceTypes":[{"tag":"TypeVar","contents":"w"},{"tag":"TypeApp","contents":[{"tag":"TypeApp","contents":[{"tag":"TypeConstructor","contents":[["Control","Monad","Free","Trans"],"FreeT"]},{"tag":"TypeVar","contents":"f"}]},{"tag":"TypeVar","contents":"m"}]}],"edInstanceConstraints":[{"constraintClass":[["Data","Functor"],"Functor"],"constraintArgs":[{"tag":"TypeVar","contents":"f"}],"constraintData":null},{"constraintClass":[["Control","Monad","Writer","Class"],"MonadTell"],"constraintArgs":[{"tag":"TypeVar","contents":"w"},{"tag":"TypeVar","contents":"m"}],"constraintData":null}]}},{"EDInstance":{"edInstanceClassName":[["Control","Monad","State","Class"],"MonadState"],"edInstanceName":{"Ident":"monadStateFreeT"},"edInstanceTypes":[{"tag":"TypeVar","contents":"s"},{"tag":"TypeApp","contents":[{"tag":"TypeApp","contents":[{"tag":"TypeConstructor","contents":[["Control","Monad","Free","Trans"],"FreeT"]},{"tag":"TypeVar","contents":"f"}]},{"tag":"TypeVar","contents":"m"}]}],"edInstanceConstraints":[{"constraintClass":[["Data","Functor"],"Functor"],"constraintArgs":[{"tag":"TypeVar","contents":"f"}],"constraintData":null},{"constraintClass":[["Control","Monad","State","Class"],"MonadState"],"constraintArgs":[{"tag":"TypeVar","contents":"s"},{"tag":"TypeVar","contents":"m"}],"constraintData":null}]}},{"EDInstance":{"edInstanceClassName":[["Control","Monad","Error","Class"],"MonadThrow"],"edInstanceName":{"Ident":"monadThrowFreeT"},"edInstanceTypes":[{"tag":"TypeVar","contents":"e"},{"tag":"TypeApp","contents":[{"tag":"TypeApp","contents":[{"tag":"TypeConstructor","contents":[["Control","Monad","Free","Trans"],"FreeT"]},{"tag":"TypeVar","contents":"f"}]},{"tag":"TypeVar","contents":"m"}]}],"edInstanceConstraints":[{"constraintClass":[["Data","Functor"],"Functor"],"constraintArgs":[{"tag":"TypeVar","contents":"f"}],"constraintData":null},{"constraintClass":[["Control","Monad","Error","Class"],"MonadThrow"],"constraintArgs":[{"tag":"TypeVar","contents":"e"},{"tag":"TypeVar","contents":"m"}],"constraintData":null}]}}],"efSourceSpan":{"start":[1,1],"name":"E:\\practice\\haskell\\cube-rotation\\bower_components\\purescript-freet\\src\\Control\\Monad\\Free\\Trans.purs","end":[129,35]}}