{"efVersion":"0.11.7","efModuleName":["Data","Bitraversable"],"efExports":[{"ReExportRef":[{"start":[1,1],"name":"E:\\practice\\haskell\\cube-rotation\\bower_components\\purescript-foldable-traversable\\src\\Data\\Bitraversable.purs","end":[124,30]},["Data","Bifoldable"],{"TypeClassRef":[{"start":[1,1],"name":"E:\\practice\\haskell\\cube-rotation\\bower_components\\purescript-foldable-traversable\\src\\Data\\Bitraversable.purs","end":[124,30]},"Bifoldable"]}]},{"ReExportRef":[{"start":[1,1],"name":"E:\\practice\\haskell\\cube-rotation\\bower_components\\purescript-foldable-traversable\\src\\Data\\Bitraversable.purs","end":[124,30]},["Data","Bifoldable"],{"ValueRef":[{"start":[1,1],"name":"E:\\practice\\haskell\\cube-rotation\\bower_components\\purescript-foldable-traversable\\src\\Data\\Bitraversable.purs","end":[124,30]},{"Ident":"biall"}]}]},{"ReExportRef":[{"start":[1,1],"name":"E:\\practice\\haskell\\cube-rotation\\bower_components\\purescript-foldable-traversable\\src\\Data\\Bitraversable.purs","end":[124,30]},["Data","Bifoldable"],{"ValueRef":[{"start":[1,1],"name":"E:\\practice\\haskell\\cube-rotation\\bower_components\\purescript-foldable-traversable\\src\\Data\\Bitraversable.purs","end":[124,30]},{"Ident":"biany"}]}]},{"ReExportRef":[{"start":[1,1],"name":"E:\\practice\\haskell\\cube-rotation\\bower_components\\purescript-foldable-traversable\\src\\Data\\Bitraversable.purs","end":[124,30]},["Data","Bifoldable"],{"ValueRef":[{"start":[1,1],"name":"E:\\practice\\haskell\\cube-rotation\\bower_components\\purescript-foldable-traversable\\src\\Data\\Bitraversable.purs","end":[124,30]},{"Ident":"bifold"}]}]},{"ReExportRef":[{"start":[1,1],"name":"E:\\practice\\haskell\\cube-rotation\\bower_components\\purescript-foldable-traversable\\src\\Data\\Bitraversable.purs","end":[124,30]},["Data","Bifoldable"],{"ValueRef":[{"start":[1,1],"name":"E:\\practice\\haskell\\cube-rotation\\bower_components\\purescript-foldable-traversable\\src\\Data\\Bitraversable.purs","end":[124,30]},{"Ident":"bifoldMap"}]}]},{"ReExportRef":[{"start":[1,1],"name":"E:\\practice\\haskell\\cube-rotation\\bower_components\\purescript-foldable-traversable\\src\\Data\\Bitraversable.purs","end":[124,30]},["Data","Bifoldable"],{"ValueRef":[{"start":[1,1],"name":"E:\\practice\\haskell\\cube-rotation\\bower_components\\purescript-foldable-traversable\\src\\Data\\Bitraversable.purs","end":[124,30]},{"Ident":"bifoldMapDefaultL"}]}]},{"ReExportRef":[{"start":[1,1],"name":"E:\\practice\\haskell\\cube-rotation\\bower_components\\purescript-foldable-traversable\\src\\Data\\Bitraversable.purs","end":[124,30]},["Data","Bifoldable"],{"ValueRef":[{"start":[1,1],"name":"E:\\practice\\haskell\\cube-rotation\\bower_components\\purescript-foldable-traversable\\src\\Data\\Bitraversable.purs","end":[124,30]},{"Ident":"bifoldMapDefaultR"}]}]},{"ReExportRef":[{"start":[1,1],"name":"E:\\practice\\haskell\\cube-rotation\\bower_components\\purescript-foldable-traversable\\src\\Data\\Bitraversable.purs","end":[124,30]},["Data","Bifoldable"],{"ValueRef":[{"start":[1,1],"name":"E:\\practice\\haskell\\cube-rotation\\bower_components\\purescript-foldable-traversable\\src\\Data\\Bitraversable.purs","end":[124,30]},{"Ident":"bifoldl"}]}]},{"ReExportRef":[{"start":[1,1],"name":"E:\\practice\\haskell\\cube-rotation\\bower_components\\purescript-foldable-traversable\\src\\Data\\Bitraversable.purs","end":[124,30]},["Data","Bifoldable"],{"ValueRef":[{"start":[1,1],"name":"E:\\practice\\haskell\\cube-rotation\\bower_components\\purescript-foldable-traversable\\src\\Data\\Bitraversable.purs","end":[124,30]},{"Ident":"bifoldlDefault"}]}]},{"ReExportRef":[{"start":[1,1],"name":"E:\\practice\\haskell\\cube-rotation\\bower_components\\purescript-foldable-traversable\\src\\Data\\Bitraversable.purs","end":[124,30]},["Data","Bifoldable"],{"ValueRef":[{"start":[1,1],"name":"E:\\practice\\haskell\\cube-rotation\\bower_components\\purescript-foldable-traversable\\src\\Data\\Bitraversable.purs","end":[124,30]},{"Ident":"bifoldr"}]}]},{"ReExportRef":[{"start":[1,1],"name":"E:\\practice\\haskell\\cube-rotation\\bower_components\\purescript-foldable-traversable\\src\\Data\\Bitraversable.purs","end":[124,30]},["Data","Bifoldable"],{"ValueRef":[{"start":[1,1],"name":"E:\\practice\\haskell\\cube-rotation\\bower_components\\purescript-foldable-traversable\\src\\Data\\Bitraversable.purs","end":[124,30]},{"Ident":"bifoldrDefault"}]}]},{"ReExportRef":[{"start":[1,1],"name":"E:\\practice\\haskell\\cube-rotation\\bower_components\\purescript-foldable-traversable\\src\\Data\\Bitraversable.purs","end":[124,30]},["Data","Bifoldable"],{"ValueRef":[{"start":[1,1],"name":"E:\\practice\\haskell\\cube-rotation\\bower_components\\purescript-foldable-traversable\\src\\Data\\Bitraversable.purs","end":[124,30]},{"Ident":"bifor_"}]}]},{"ReExportRef":[{"start":[1,1],"name":"E:\\practice\\haskell\\cube-rotation\\bower_components\\purescript-foldable-traversable\\src\\Data\\Bitraversable.purs","end":[124,30]},["Data","Bifoldable"],{"ValueRef":[{"start":[1,1],"name":"E:\\practice\\haskell\\cube-rotation\\bower_components\\purescript-foldable-traversable\\src\\Data\\Bitraversable.purs","end":[124,30]},{"Ident":"bisequence_"}]}]},{"ReExportRef":[{"start":[1,1],"name":"E:\\practice\\haskell\\cube-rotation\\bower_components\\purescript-foldable-traversable\\src\\Data\\Bitraversable.purs","end":[124,30]},["Data","Bifoldable"],{"ValueRef":[{"start":[1,1],"name":"E:\\practice\\haskell\\cube-rotation\\bower_components\\purescript-foldable-traversable\\src\\Data\\Bitraversable.purs","end":[124,30]},{"Ident":"bitraverse_"}]}]},{"TypeClassRef":[{"start":[1,1],"name":"E:\\practice\\haskell\\cube-rotation\\bower_components\\purescript-foldable-traversable\\src\\Data\\Bitraversable.purs","end":[124,30]},"Bitraversable"]},{"ValueRef":[{"start":[1,1],"name":"E:\\practice\\haskell\\cube-rotation\\bower_components\\purescript-foldable-traversable\\src\\Data\\Bitraversable.purs","end":[124,30]},{"Ident":"bitraverse"}]},{"ValueRef":[{"start":[1,1],"name":"E:\\practice\\haskell\\cube-rotation\\bower_components\\purescript-foldable-traversable\\src\\Data\\Bitraversable.purs","end":[124,30]},{"Ident":"bisequence"}]},{"ValueRef":[{"start":[1,1],"name":"E:\\practice\\haskell\\cube-rotation\\bower_components\\purescript-foldable-traversable\\src\\Data\\Bitraversable.purs","end":[124,30]},{"Ident":"bitraverseDefault"}]},{"ValueRef":[{"start":[1,1],"name":"E:\\practice\\haskell\\cube-rotation\\bower_components\\purescript-foldable-traversable\\src\\Data\\Bitraversable.purs","end":[124,30]},{"Ident":"bisequenceDefault"}]},{"ValueRef":[{"start":[1,1],"name":"E:\\practice\\haskell\\cube-rotation\\bower_components\\purescript-foldable-traversable\\src\\Data\\Bitraversable.purs","end":[124,30]},{"Ident":"ltraverse"}]},{"ValueRef":[{"start":[1,1],"name":"E:\\practice\\haskell\\cube-rotation\\bower_components\\purescript-foldable-traversable\\src\\Data\\Bitraversable.purs","end":[124,30]},{"Ident":"rtraverse"}]},{"ValueRef":[{"start":[1,1],"name":"E:\\practice\\haskell\\cube-rotation\\bower_components\\purescript-foldable-traversable\\src\\Data\\Bitraversable.purs","end":[124,30]},{"Ident":"bifor"}]},{"ValueRef":[{"start":[1,1],"name":"E:\\practice\\haskell\\cube-rotation\\bower_components\\purescript-foldable-traversable\\src\\Data\\Bitraversable.purs","end":[124,30]},{"Ident":"lfor"}]},{"ValueRef":[{"start":[1,1],"name":"E:\\practice\\haskell\\cube-rotation\\bower_components\\purescript-foldable-traversable\\src\\Data\\Bitraversable.purs","end":[124,30]},{"Ident":"rfor"}]},{"ModuleRef":[{"start":[10,5],"name":"E:\\practice\\haskell\\cube-rotation\\bower_components\\purescript-foldable-traversable\\src\\Data\\Bitraversable.purs","end":[10,27]},["Data","Bifoldable"]]},{"TypeInstanceRef":[{"start":[0,0],"name":"<generated>","end":[0,0]},{"Ident":"bitraversableClown"}]},{"TypeInstanceRef":[{"start":[0,0],"name":"<generated>","end":[0,0]},{"Ident":"bitraversableJoker"}]},{"TypeInstanceRef":[{"start":[0,0],"name":"<generated>","end":[0,0]},{"Ident":"bitraversableFlip"}]},{"TypeInstanceRef":[{"start":[0,0],"name":"<generated>","end":[0,0]},{"Ident":"bitraversableProduct"}]},{"TypeInstanceRef":[{"start":[0,0],"name":"<generated>","end":[0,0]},{"Ident":"bitraversableWrap"}]}],"efImports":[{"eiModule":["Prim"],"eiImportType":{"Implicit":[]},"eiImportedAs":["Prim"]},{"eiModule":["Prim"],"eiImportType":{"Implicit":[]},"eiImportedAs":null},{"eiModule":["Prelude"],"eiImportType":{"Implicit":[]},"eiImportedAs":null},{"eiModule":["Data","Bifoldable"],"eiImportType":{"Explicit":[{"TypeClassRef":[{"start":[15,25],"name":"E:\\practice\\haskell\\cube-rotation\\bower_components\\purescript-foldable-traversable\\src\\Data\\Bitraversable.purs","end":[15,41]},"Bifoldable"]},{"ValueRef":[{"start":[15,43],"name":"E:\\practice\\haskell\\cube-rotation\\bower_components\\purescript-foldable-traversable\\src\\Data\\Bitraversable.purs","end":[15,48]},{"Ident":"biall"}]},{"ValueRef":[{"start":[15,50],"name":"E:\\practice\\haskell\\cube-rotation\\bower_components\\purescript-foldable-traversable\\src\\Data\\Bitraversable.purs","end":[15,55]},{"Ident":"biany"}]},{"ValueRef":[{"start":[15,57],"name":"E:\\practice\\haskell\\cube-rotation\\bower_components\\purescript-foldable-traversable\\src\\Data\\Bitraversable.purs","end":[15,63]},{"Ident":"bifold"}]},{"ValueRef":[{"start":[15,65],"name":"E:\\practice\\haskell\\cube-rotation\\bower_components\\purescript-foldable-traversable\\src\\Data\\Bitraversable.purs","end":[15,74]},{"Ident":"bifoldMap"}]},{"ValueRef":[{"start":[15,76],"name":"E:\\practice\\haskell\\cube-rotation\\bower_components\\purescript-foldable-traversable\\src\\Data\\Bitraversable.purs","end":[15,93]},{"Ident":"bifoldMapDefaultL"}]},{"ValueRef":[{"start":[15,95],"name":"E:\\practice\\haskell\\cube-rotation\\bower_components\\purescript-foldable-traversable\\src\\Data\\Bitraversable.purs","end":[15,112]},{"Ident":"bifoldMapDefaultR"}]},{"ValueRef":[{"start":[15,114],"name":"E:\\practice\\haskell\\cube-rotation\\bower_components\\purescript-foldable-traversable\\src\\Data\\Bitraversable.purs","end":[15,121]},{"Ident":"bifoldl"}]},{"ValueRef":[{"start":[15,123],"name":"E:\\practice\\haskell\\cube-rotation\\bower_components\\purescript-foldable-traversable\\src\\Data\\Bitraversable.purs","end":[15,137]},{"Ident":"bifoldlDefault"}]},{"ValueRef":[{"start":[15,139],"name":"E:\\practice\\haskell\\cube-rotation\\bower_components\\purescript-foldable-traversable\\src\\Data\\Bitraversable.purs","end":[15,146]},{"Ident":"bifoldr"}]},{"ValueRef":[{"start":[15,148],"name":"E:\\practice\\haskell\\cube-rotation\\bower_components\\purescript-foldable-traversable\\src\\Data\\Bitraversable.purs","end":[15,162]},{"Ident":"bifoldrDefault"}]},{"ValueRef":[{"start":[15,164],"name":"E:\\practice\\haskell\\cube-rotation\\bower_components\\purescript-foldable-traversable\\src\\Data\\Bitraversable.purs","end":[15,170]},{"Ident":"bifor_"}]},{"ValueRef":[{"start":[15,172],"name":"E:\\practice\\haskell\\cube-rotation\\bower_components\\purescript-foldable-traversable\\src\\Data\\Bitraversable.purs","end":[15,183]},{"Ident":"bisequence_"}]},{"ValueRef":[{"start":[15,185],"name":"E:\\practice\\haskell\\cube-rotation\\bower_components\\purescript-foldable-traversable\\src\\Data\\Bitraversable.purs","end":[15,196]},{"Ident":"bitraverse_"}]}]},"eiImportedAs":null},{"eiModule":["Data","Traversable"],"eiImportType":{"Explicit":[{"TypeClassRef":[{"start":[16,26],"name":"E:\\practice\\haskell\\cube-rotation\\bower_components\\purescript-foldable-traversable\\src\\Data\\Bitraversable.purs","end":[16,43]},"Traversable"]},{"ValueRef":[{"start":[16,45],"name":"E:\\practice\\haskell\\cube-rotation\\bower_components\\purescript-foldable-traversable\\src\\Data\\Bitraversable.purs","end":[16,53]},{"Ident":"traverse"}]},{"ValueRef":[{"start":[16,55],"name":"E:\\practice\\haskell\\cube-rotation\\bower_components\\purescript-foldable-traversable\\src\\Data\\Bitraversable.purs","end":[16,63]},{"Ident":"sequence"}]}]},"eiImportedAs":null},{"eiModule":["Data","Bifunctor"],"eiImportType":{"Explicit":[{"TypeClassRef":[{"start":[17,24],"name":"E:\\practice\\haskell\\cube-rotation\\bower_components\\purescript-foldable-traversable\\src\\Data\\Bitraversable.purs","end":[17,39]},"Bifunctor"]},{"ValueRef":[{"start":[17,41],"name":"E:\\practice\\haskell\\cube-rotation\\bower_components\\purescript-foldable-traversable\\src\\Data\\Bitraversable.purs","end":[17,46]},{"Ident":"bimap"}]}]},"eiImportedAs":null},{"eiModule":["Data","Bifunctor","Clown"],"eiImportType":{"Explicit":[{"TypeRef":[{"start":[18,30],"name":"E:\\practice\\haskell\\cube-rotation\\bower_components\\purescript-foldable-traversable\\src\\Data\\Bitraversable.purs","end":[18,39]},"Clown",null]}]},"eiImportedAs":null},{"eiModule":["Data","Bifunctor","Joker"],"eiImportType":{"Explicit":[{"TypeRef":[{"start":[19,30],"name":"E:\\practice\\haskell\\cube-rotation\\bower_components\\purescript-foldable-traversable\\src\\Data\\Bitraversable.purs","end":[19,39]},"Joker",null]}]},"eiImportedAs":null},{"eiModule":["Data","Bifunctor","Flip"],"eiImportType":{"Explicit":[{"TypeRef":[{"start":[20,29],"name":"E:\\practice\\haskell\\cube-rotation\\bower_components\\purescript-foldable-traversable\\src\\Data\\Bitraversable.purs","end":[20,37]},"Flip",null]}]},"eiImportedAs":null},{"eiModule":["Data","Bifunctor","Product"],"eiImportType":{"Explicit":[{"TypeRef":[{"start":[21,32],"name":"E:\\practice\\haskell\\cube-rotation\\bower_components\\purescript-foldable-traversable\\src\\Data\\Bitraversable.purs","end":[21,43]},"Product",null]}]},"eiImportedAs":null},{"eiModule":["Data","Bifunctor","Wrap"],"eiImportType":{"Explicit":[{"TypeRef":[{"start":[22,29],"name":"E:\\practice\\haskell\\cube-rotation\\bower_components\\purescript-foldable-traversable\\src\\Data\\Bitraversable.purs","end":[22,37]},"Wrap",null]}]},"eiImportedAs":null}],"efFixities":[],"efTypeFixities":[],"efDeclarations":[{"EDType":{"edTypeName":"Bitraversable","edTypeKind":{"tag":"FunKind","contents":[{"tag":"FunKind","contents":[{"tag":"NamedKind","contents":[["Prim"],"Type"]},{"tag":"FunKind","contents":[{"tag":"NamedKind","contents":[["Prim"],"Type"]},{"tag":"NamedKind","contents":[["Prim"],"Type"]}]}]},{"tag":"NamedKind","contents":[["Prim"],"Type"]}]},"edTypeDeclarationKind":"TypeSynonym"}},{"EDTypeSynonym":{"edTypeSynonymName":"Bitraversable","edTypeSynonymArguments":[["t",null]],"edTypeSynonymType":{"tag":"TypeApp","contents":[{"tag":"TypeConstructor","contents":[["Prim"],"Record"]},{"tag":"RCons","contents":["bitraverse",{"tag":"ForAll","contents":["d",{"tag":"ForAll","contents":["c",{"tag":"ForAll","contents":["b",{"tag":"ForAll","contents":["a",{"tag":"ForAll","contents":["f",{"tag":"ConstrainedType","contents":[{"constraintClass":[["Control","Applicative"],"Applicative"],"constraintArgs":[{"tag":"TypeVar","contents":"f"}],"constraintData":null},{"tag":"TypeApp","contents":[{"tag":"TypeApp","contents":[{"tag":"TypeConstructor","contents":[["Prim"],"Function"]},{"tag":"TypeApp","contents":[{"tag":"TypeApp","contents":[{"tag":"TypeConstructor","contents":[["Prim"],"Function"]},{"tag":"TypeVar","contents":"a"}]},{"tag":"TypeApp","contents":[{"tag":"TypeVar","contents":"f"},{"tag":"TypeVar","contents":"c"}]}]}]},{"tag":"TypeApp","contents":[{"tag":"TypeApp","contents":[{"tag":"TypeConstructor","contents":[["Prim"],"Function"]},{"tag":"TypeApp","contents":[{"tag":"TypeApp","contents":[{"tag":"TypeConstructor","contents":[["Prim"],"Function"]},{"tag":"TypeVar","contents":"b"}]},{"tag":"TypeApp","contents":[{"tag":"TypeVar","contents":"f"},{"tag":"TypeVar","contents":"d"}]}]}]},{"tag":"TypeApp","contents":[{"tag":"TypeApp","contents":[{"tag":"TypeConstructor","contents":[["Prim"],"Function"]},{"tag":"TypeApp","contents":[{"tag":"TypeApp","contents":[{"tag":"TypeVar","contents":"t"},{"tag":"TypeVar","contents":"a"}]},{"tag":"TypeVar","contents":"b"}]}]},{"tag":"TypeApp","contents":[{"tag":"TypeVar","contents":"f"},{"tag":"TypeApp","contents":[{"tag":"TypeApp","contents":[{"tag":"TypeVar","contents":"t"},{"tag":"TypeVar","contents":"c"}]},{"tag":"TypeVar","contents":"d"}]}]}]}]}]}]},null]},null]},null]},null]},null]},{"tag":"RCons","contents":["bisequence",{"tag":"ForAll","contents":["b",{"tag":"ForAll","contents":["a",{"tag":"ForAll","contents":["f",{"tag":"ConstrainedType","contents":[{"constraintClass":[["Control","Applicative"],"Applicative"],"constraintArgs":[{"tag":"TypeVar","contents":"f"}],"constraintData":null},{"tag":"TypeApp","contents":[{"tag":"TypeApp","contents":[{"tag":"TypeConstructor","contents":[["Prim"],"Function"]},{"tag":"TypeApp","contents":[{"tag":"TypeApp","contents":[{"tag":"TypeVar","contents":"t"},{"tag":"TypeApp","contents":[{"tag":"TypeVar","contents":"f"},{"tag":"TypeVar","contents":"a"}]}]},{"tag":"TypeApp","contents":[{"tag":"TypeVar","contents":"f"},{"tag":"TypeVar","contents":"b"}]}]}]},{"tag":"TypeApp","contents":[{"tag":"TypeVar","contents":"f"},{"tag":"TypeApp","contents":[{"tag":"TypeApp","contents":[{"tag":"TypeVar","contents":"t"},{"tag":"TypeVar","contents":"a"}]},{"tag":"TypeVar","contents":"b"}]}]}]}]},null]},null]},null]},{"tag":"RCons","contents":["Bifunctor0",{"tag":"TypeApp","contents":[{"tag":"TypeApp","contents":[{"tag":"TypeConstructor","contents":[["Prim"],"Function"]},{"tag":"TypeApp","contents":[{"tag":"TypeConstructor","contents":[["Prim"],"Record"]},{"tag":"REmpty"}]}]},{"tag":"TypeApp","contents":[{"tag":"TypeConstructor","contents":[["Data","Bifunctor"],"Bifunctor"]},{"tag":"TypeVar","contents":"t"}]}]},{"tag":"RCons","contents":["Bifoldable1",{"tag":"TypeApp","contents":[{"tag":"TypeApp","contents":[{"tag":"TypeConstructor","contents":[["Prim"],"Function"]},{"tag":"TypeApp","contents":[{"tag":"TypeConstructor","contents":[["Prim"],"Record"]},{"tag":"REmpty"}]}]},{"tag":"TypeApp","contents":[{"tag":"TypeConstructor","contents":[["Data","Bifoldable"],"Bifoldable"]},{"tag":"TypeVar","contents":"t"}]}]},{"tag":"REmpty"}]}]}]}]}]}}},{"EDClass":{"edClassName":"Bitraversable","edClassTypeArguments":[["t",null]],"edClassMembers":[[{"Ident":"bitraverse"},{"tag":"ForAll","contents":["d",{"tag":"ForAll","contents":["c",{"tag":"ForAll","contents":["b",{"tag":"ForAll","contents":["a",{"tag":"ForAll","contents":["f",{"tag":"ConstrainedType","contents":[{"constraintClass":[["Control","Applicative"],"Applicative"],"constraintArgs":[{"tag":"TypeVar","contents":"f"}],"constraintData":null},{"tag":"TypeApp","contents":[{"tag":"TypeApp","contents":[{"tag":"TypeConstructor","contents":[["Prim"],"Function"]},{"tag":"TypeApp","contents":[{"tag":"TypeApp","contents":[{"tag":"TypeConstructor","contents":[["Prim"],"Function"]},{"tag":"TypeVar","contents":"a"}]},{"tag":"TypeApp","contents":[{"tag":"TypeVar","contents":"f"},{"tag":"TypeVar","contents":"c"}]}]}]},{"tag":"TypeApp","contents":[{"tag":"TypeApp","contents":[{"tag":"TypeConstructor","contents":[["Prim"],"Function"]},{"tag":"TypeApp","contents":[{"tag":"TypeApp","contents":[{"tag":"TypeConstructor","contents":[["Prim"],"Function"]},{"tag":"TypeVar","contents":"b"}]},{"tag":"TypeApp","contents":[{"tag":"TypeVar","contents":"f"},{"tag":"TypeVar","contents":"d"}]}]}]},{"tag":"TypeApp","contents":[{"tag":"TypeApp","contents":[{"tag":"TypeConstructor","contents":[["Prim"],"Function"]},{"tag":"TypeApp","contents":[{"tag":"TypeApp","contents":[{"tag":"TypeVar","contents":"t"},{"tag":"TypeVar","contents":"a"}]},{"tag":"TypeVar","contents":"b"}]}]},{"tag":"TypeApp","contents":[{"tag":"TypeVar","contents":"f"},{"tag":"TypeApp","contents":[{"tag":"TypeApp","contents":[{"tag":"TypeVar","contents":"t"},{"tag":"TypeVar","contents":"c"}]},{"tag":"TypeVar","contents":"d"}]}]}]}]}]}]},null]},null]},null]},null]},null]}],[{"Ident":"bisequence"},{"tag":"ForAll","contents":["b",{"tag":"ForAll","contents":["a",{"tag":"ForAll","contents":["f",{"tag":"ConstrainedType","contents":[{"constraintClass":[["Control","Applicative"],"Applicative"],"constraintArgs":[{"tag":"TypeVar","contents":"f"}],"constraintData":null},{"tag":"TypeApp","contents":[{"tag":"TypeApp","contents":[{"tag":"TypeConstructor","contents":[["Prim"],"Function"]},{"tag":"TypeApp","contents":[{"tag":"TypeApp","contents":[{"tag":"TypeVar","contents":"t"},{"tag":"TypeApp","contents":[{"tag":"TypeVar","contents":"f"},{"tag":"TypeVar","contents":"a"}]}]},{"tag":"TypeApp","contents":[{"tag":"TypeVar","contents":"f"},{"tag":"TypeVar","contents":"b"}]}]}]},{"tag":"TypeApp","contents":[{"tag":"TypeVar","contents":"f"},{"tag":"TypeApp","contents":[{"tag":"TypeApp","contents":[{"tag":"TypeVar","contents":"t"},{"tag":"TypeVar","contents":"a"}]},{"tag":"TypeVar","contents":"b"}]}]}]}]},null]},null]},null]}]],"edClassConstraints":[{"constraintClass":[["Data","Bifunctor"],"Bifunctor"],"constraintArgs":[{"tag":"TypeVar","contents":"t"}],"constraintData":null},{"constraintClass":[["Data","Bifoldable"],"Bifoldable"],"constraintArgs":[{"tag":"TypeVar","contents":"t"}],"constraintData":null}],"edFunctionalDependencies":[]}},{"EDValue":{"edValueName":{"Ident":"bitraverse"},"edValueType":{"tag":"ForAll","contents":["t",{"tag":"ForAll","contents":["d",{"tag":"ForAll","contents":["c",{"tag":"ForAll","contents":["b",{"tag":"ForAll","contents":["a",{"tag":"ForAll","contents":["f",{"tag":"ConstrainedType","contents":[{"constraintClass":[["Data","Bitraversable"],"Bitraversable"],"constraintArgs":[{"tag":"TypeVar","contents":"t"}],"constraintData":null},{"tag":"ConstrainedType","contents":[{"constraintClass":[["Control","Applicative"],"Applicative"],"constraintArgs":[{"tag":"TypeVar","contents":"f"}],"constraintData":null},{"tag":"TypeApp","contents":[{"tag":"TypeApp","contents":[{"tag":"TypeConstructor","contents":[["Prim"],"Function"]},{"tag":"TypeApp","contents":[{"tag":"TypeApp","contents":[{"tag":"TypeConstructor","contents":[["Prim"],"Function"]},{"tag":"TypeVar","contents":"a"}]},{"tag":"TypeApp","contents":[{"tag":"TypeVar","contents":"f"},{"tag":"TypeVar","contents":"c"}]}]}]},{"tag":"TypeApp","contents":[{"tag":"TypeApp","contents":[{"tag":"TypeConstructor","contents":[["Prim"],"Function"]},{"tag":"TypeApp","contents":[{"tag":"TypeApp","contents":[{"tag":"TypeConstructor","contents":[["Prim"],"Function"]},{"tag":"TypeVar","contents":"b"}]},{"tag":"TypeApp","contents":[{"tag":"TypeVar","contents":"f"},{"tag":"TypeVar","contents":"d"}]}]}]},{"tag":"TypeApp","contents":[{"tag":"TypeApp","contents":[{"tag":"TypeConstructor","contents":[["Prim"],"Function"]},{"tag":"TypeApp","contents":[{"tag":"TypeApp","contents":[{"tag":"TypeVar","contents":"t"},{"tag":"TypeVar","contents":"a"}]},{"tag":"TypeVar","contents":"b"}]}]},{"tag":"TypeApp","contents":[{"tag":"TypeVar","contents":"f"},{"tag":"TypeApp","contents":[{"tag":"TypeApp","contents":[{"tag":"TypeVar","contents":"t"},{"tag":"TypeVar","contents":"c"}]},{"tag":"TypeVar","contents":"d"}]}]}]}]}]}]}]},0]},1]},2]},3]},4]},5]}}},{"EDValue":{"edValueName":{"Ident":"bisequence"},"edValueType":{"tag":"ForAll","contents":["t",{"tag":"ForAll","contents":["b",{"tag":"ForAll","contents":["a",{"tag":"ForAll","contents":["f",{"tag":"ConstrainedType","contents":[{"constraintClass":[["Data","Bitraversable"],"Bitraversable"],"constraintArgs":[{"tag":"TypeVar","contents":"t"}],"constraintData":null},{"tag":"ConstrainedType","contents":[{"constraintClass":[["Control","Applicative"],"Applicative"],"constraintArgs":[{"tag":"TypeVar","contents":"f"}],"constraintData":null},{"tag":"TypeApp","contents":[{"tag":"TypeApp","contents":[{"tag":"TypeConstructor","contents":[["Prim"],"Function"]},{"tag":"TypeApp","contents":[{"tag":"TypeApp","contents":[{"tag":"TypeVar","contents":"t"},{"tag":"TypeApp","contents":[{"tag":"TypeVar","contents":"f"},{"tag":"TypeVar","contents":"a"}]}]},{"tag":"TypeApp","contents":[{"tag":"TypeVar","contents":"f"},{"tag":"TypeVar","contents":"b"}]}]}]},{"tag":"TypeApp","contents":[{"tag":"TypeVar","contents":"f"},{"tag":"TypeApp","contents":[{"tag":"TypeApp","contents":[{"tag":"TypeVar","contents":"t"},{"tag":"TypeVar","contents":"a"}]},{"tag":"TypeVar","contents":"b"}]}]}]}]}]},128]},129]},130]},131]}}},{"EDValue":{"edValueName":{"Ident":"bitraverseDefault"},"edValueType":{"tag":"ForAll","contents":["d",{"tag":"ForAll","contents":["c",{"tag":"ForAll","contents":["b",{"tag":"ForAll","contents":["a",{"tag":"ForAll","contents":["f",{"tag":"ForAll","contents":["t",{"tag":"ConstrainedType","contents":[{"constraintClass":[["Data","Bitraversable"],"Bitraversable"],"constraintArgs":[{"tag":"TypeVar","contents":"t"}],"constraintData":null},{"tag":"ConstrainedType","contents":[{"constraintClass":[["Control","Applicative"],"Applicative"],"constraintArgs":[{"tag":"TypeVar","contents":"f"}],"constraintData":null},{"tag":"TypeApp","contents":[{"tag":"TypeApp","contents":[{"tag":"TypeConstructor","contents":[["Prim"],"Function"]},{"tag":"TypeApp","contents":[{"tag":"TypeApp","contents":[{"tag":"TypeConstructor","contents":[["Prim"],"Function"]},{"tag":"TypeVar","contents":"a"}]},{"tag":"TypeApp","contents":[{"tag":"TypeVar","contents":"f"},{"tag":"TypeVar","contents":"c"}]}]}]},{"tag":"TypeApp","contents":[{"tag":"TypeApp","contents":[{"tag":"TypeConstructor","contents":[["Prim"],"Function"]},{"tag":"TypeApp","contents":[{"tag":"TypeApp","contents":[{"tag":"TypeConstructor","contents":[["Prim"],"Function"]},{"tag":"TypeVar","contents":"b"}]},{"tag":"TypeApp","contents":[{"tag":"TypeVar","contents":"f"},{"tag":"TypeVar","contents":"d"}]}]}]},{"tag":"TypeApp","contents":[{"tag":"TypeApp","contents":[{"tag":"TypeConstructor","contents":[["Prim"],"Function"]},{"tag":"TypeApp","contents":[{"tag":"TypeApp","contents":[{"tag":"TypeVar","contents":"t"},{"tag":"TypeVar","contents":"a"}]},{"tag":"TypeVar","contents":"b"}]}]},{"tag":"TypeApp","contents":[{"tag":"TypeVar","contents":"f"},{"tag":"TypeApp","contents":[{"tag":"TypeApp","contents":[{"tag":"TypeVar","contents":"t"},{"tag":"TypeVar","contents":"c"}]},{"tag":"TypeVar","contents":"d"}]}]}]}]}]}]}]},247]},248]},249]},250]},251]},252]}}},{"EDValue":{"edValueName":{"Ident":"bisequenceDefault"},"edValueType":{"tag":"ForAll","contents":["b",{"tag":"ForAll","contents":["a",{"tag":"ForAll","contents":["f",{"tag":"ForAll","contents":["t",{"tag":"ConstrainedType","contents":[{"constraintClass":[["Data","Bitraversable"],"Bitraversable"],"constraintArgs":[{"tag":"TypeVar","contents":"t"}],"constraintData":null},{"tag":"ConstrainedType","contents":[{"constraintClass":[["Control","Applicative"],"Applicative"],"constraintArgs":[{"tag":"TypeVar","contents":"f"}],"constraintData":null},{"tag":"TypeApp","contents":[{"tag":"TypeApp","contents":[{"tag":"TypeConstructor","contents":[["Prim"],"Function"]},{"tag":"TypeApp","contents":[{"tag":"TypeApp","contents":[{"tag":"TypeVar","contents":"t"},{"tag":"TypeApp","contents":[{"tag":"TypeVar","contents":"f"},{"tag":"TypeVar","contents":"a"}]}]},{"tag":"TypeApp","contents":[{"tag":"TypeVar","contents":"f"},{"tag":"TypeVar","contents":"b"}]}]}]},{"tag":"TypeApp","contents":[{"tag":"TypeVar","contents":"f"},{"tag":"TypeApp","contents":[{"tag":"TypeApp","contents":[{"tag":"TypeVar","contents":"t"},{"tag":"TypeVar","contents":"a"}]},{"tag":"TypeVar","contents":"b"}]}]}]}]}]},120]},121]},122]},123]}}},{"EDValue":{"edValueName":{"Ident":"ltraverse"},"edValueType":{"tag":"ForAll","contents":["f",{"tag":"ForAll","contents":["a",{"tag":"ForAll","contents":["c",{"tag":"ForAll","contents":["b",{"tag":"ForAll","contents":["t",{"tag":"ConstrainedType","contents":[{"constraintClass":[["Data","Bitraversable"],"Bitraversable"],"constraintArgs":[{"tag":"TypeVar","contents":"t"}],"constraintData":null},{"tag":"ConstrainedType","contents":[{"constraintClass":[["Control","Applicative"],"Applicative"],"constraintArgs":[{"tag":"TypeVar","contents":"f"}],"constraintData":null},{"tag":"TypeApp","contents":[{"tag":"TypeApp","contents":[{"tag":"TypeConstructor","contents":[["Prim"],"Function"]},{"tag":"TypeApp","contents":[{"tag":"TypeApp","contents":[{"tag":"TypeConstructor","contents":[["Prim"],"Function"]},{"tag":"TypeVar","contents":"a"}]},{"tag":"TypeApp","contents":[{"tag":"TypeVar","contents":"f"},{"tag":"TypeVar","contents":"c"}]}]}]},{"tag":"TypeApp","contents":[{"tag":"TypeApp","contents":[{"tag":"TypeConstructor","contents":[["Prim"],"Function"]},{"tag":"TypeApp","contents":[{"tag":"TypeApp","contents":[{"tag":"TypeVar","contents":"t"},{"tag":"TypeVar","contents":"a"}]},{"tag":"TypeVar","contents":"b"}]}]},{"tag":"TypeApp","contents":[{"tag":"TypeVar","contents":"f"},{"tag":"TypeApp","contents":[{"tag":"TypeApp","contents":[{"tag":"TypeVar","contents":"t"},{"tag":"TypeVar","contents":"c"}]},{"tag":"TypeVar","contents":"b"}]}]}]}]}]}]},16]},17]},18]},19]},20]}}},{"EDValue":{"edValueName":{"Ident":"rtraverse"},"edValueType":{"tag":"ForAll","contents":["f",{"tag":"ForAll","contents":["a",{"tag":"ForAll","contents":["c",{"tag":"ForAll","contents":["b",{"tag":"ForAll","contents":["t",{"tag":"ConstrainedType","contents":[{"constraintClass":[["Data","Bitraversable"],"Bitraversable"],"constraintArgs":[{"tag":"TypeVar","contents":"t"}],"constraintData":null},{"tag":"ConstrainedType","contents":[{"constraintClass":[["Control","Applicative"],"Applicative"],"constraintArgs":[{"tag":"TypeVar","contents":"f"}],"constraintData":null},{"tag":"TypeApp","contents":[{"tag":"TypeApp","contents":[{"tag":"TypeConstructor","contents":[["Prim"],"Function"]},{"tag":"TypeApp","contents":[{"tag":"TypeApp","contents":[{"tag":"TypeConstructor","contents":[["Prim"],"Function"]},{"tag":"TypeVar","contents":"b"}]},{"tag":"TypeApp","contents":[{"tag":"TypeVar","contents":"f"},{"tag":"TypeVar","contents":"c"}]}]}]},{"tag":"TypeApp","contents":[{"tag":"TypeApp","contents":[{"tag":"TypeConstructor","contents":[["Prim"],"Function"]},{"tag":"TypeApp","contents":[{"tag":"TypeApp","contents":[{"tag":"TypeVar","contents":"t"},{"tag":"TypeVar","contents":"a"}]},{"tag":"TypeVar","contents":"b"}]}]},{"tag":"TypeApp","contents":[{"tag":"TypeVar","contents":"f"},{"tag":"TypeApp","contents":[{"tag":"TypeApp","contents":[{"tag":"TypeVar","contents":"t"},{"tag":"TypeVar","contents":"a"}]},{"tag":"TypeVar","contents":"c"}]}]}]}]}]}]},36]},37]},38]},39]},40]}}},{"EDValue":{"edValueName":{"Ident":"bifor"},"edValueType":{"tag":"ForAll","contents":["d",{"tag":"ForAll","contents":["c",{"tag":"ForAll","contents":["b",{"tag":"ForAll","contents":["a",{"tag":"ForAll","contents":["f",{"tag":"ForAll","contents":["t",{"tag":"ConstrainedType","contents":[{"constraintClass":[["Data","Bitraversable"],"Bitraversable"],"constraintArgs":[{"tag":"TypeVar","contents":"t"}],"constraintData":null},{"tag":"ConstrainedType","contents":[{"constraintClass":[["Control","Applicative"],"Applicative"],"constraintArgs":[{"tag":"TypeVar","contents":"f"}],"constraintData":null},{"tag":"TypeApp","contents":[{"tag":"TypeApp","contents":[{"tag":"TypeConstructor","contents":[["Prim"],"Function"]},{"tag":"TypeApp","contents":[{"tag":"TypeApp","contents":[{"tag":"TypeVar","contents":"t"},{"tag":"TypeVar","contents":"a"}]},{"tag":"TypeVar","contents":"b"}]}]},{"tag":"TypeApp","contents":[{"tag":"TypeApp","contents":[{"tag":"TypeConstructor","contents":[["Prim"],"Function"]},{"tag":"TypeApp","contents":[{"tag":"TypeApp","contents":[{"tag":"TypeConstructor","contents":[["Prim"],"Function"]},{"tag":"TypeVar","contents":"a"}]},{"tag":"TypeApp","contents":[{"tag":"TypeVar","contents":"f"},{"tag":"TypeVar","contents":"c"}]}]}]},{"tag":"TypeApp","contents":[{"tag":"TypeApp","contents":[{"tag":"TypeConstructor","contents":[["Prim"],"Function"]},{"tag":"TypeApp","contents":[{"tag":"TypeApp","contents":[{"tag":"TypeConstructor","contents":[["Prim"],"Function"]},{"tag":"TypeVar","contents":"b"}]},{"tag":"TypeApp","contents":[{"tag":"TypeVar","contents":"f"},{"tag":"TypeVar","contents":"d"}]}]}]},{"tag":"TypeApp","contents":[{"tag":"TypeVar","contents":"f"},{"tag":"TypeApp","contents":[{"tag":"TypeApp","contents":[{"tag":"TypeVar","contents":"t"},{"tag":"TypeVar","contents":"c"}]},{"tag":"TypeVar","contents":"d"}]}]}]}]}]}]}]},259]},260]},261]},262]},263]},264]}}},{"EDValue":{"edValueName":{"Ident":"lfor"},"edValueType":{"tag":"ForAll","contents":["f",{"tag":"ForAll","contents":["a",{"tag":"ForAll","contents":["c",{"tag":"ForAll","contents":["b",{"tag":"ForAll","contents":["t",{"tag":"ConstrainedType","contents":[{"constraintClass":[["Data","Bitraversable"],"Bitraversable"],"constraintArgs":[{"tag":"TypeVar","contents":"t"}],"constraintData":null},{"tag":"ConstrainedType","contents":[{"constraintClass":[["Control","Applicative"],"Applicative"],"constraintArgs":[{"tag":"TypeVar","contents":"f"}],"constraintData":null},{"tag":"TypeApp","contents":[{"tag":"TypeApp","contents":[{"tag":"TypeConstructor","contents":[["Prim"],"Function"]},{"tag":"TypeApp","contents":[{"tag":"TypeApp","contents":[{"tag":"TypeVar","contents":"t"},{"tag":"TypeVar","contents":"a"}]},{"tag":"TypeVar","contents":"b"}]}]},{"tag":"TypeApp","contents":[{"tag":"TypeApp","contents":[{"tag":"TypeConstructor","contents":[["Prim"],"Function"]},{"tag":"TypeApp","contents":[{"tag":"TypeApp","contents":[{"tag":"TypeConstructor","contents":[["Prim"],"Function"]},{"tag":"TypeVar","contents":"a"}]},{"tag":"TypeApp","contents":[{"tag":"TypeVar","contents":"f"},{"tag":"TypeVar","contents":"c"}]}]}]},{"tag":"TypeApp","contents":[{"tag":"TypeVar","contents":"f"},{"tag":"TypeApp","contents":[{"tag":"TypeApp","contents":[{"tag":"TypeVar","contents":"t"},{"tag":"TypeVar","contents":"c"}]},{"tag":"TypeVar","contents":"b"}]}]}]}]}]}]},6]},7]},8]},9]},10]}}},{"EDValue":{"edValueName":{"Ident":"rfor"},"edValueType":{"tag":"ForAll","contents":["f",{"tag":"ForAll","contents":["a",{"tag":"ForAll","contents":["c",{"tag":"ForAll","contents":["b",{"tag":"ForAll","contents":["t",{"tag":"ConstrainedType","contents":[{"constraintClass":[["Data","Bitraversable"],"Bitraversable"],"constraintArgs":[{"tag":"TypeVar","contents":"t"}],"constraintData":null},{"tag":"ConstrainedType","contents":[{"constraintClass":[["Control","Applicative"],"Applicative"],"constraintArgs":[{"tag":"TypeVar","contents":"f"}],"constraintData":null},{"tag":"TypeApp","contents":[{"tag":"TypeApp","contents":[{"tag":"TypeConstructor","contents":[["Prim"],"Function"]},{"tag":"TypeApp","contents":[{"tag":"TypeApp","contents":[{"tag":"TypeVar","contents":"t"},{"tag":"TypeVar","contents":"a"}]},{"tag":"TypeVar","contents":"b"}]}]},{"tag":"TypeApp","contents":[{"tag":"TypeApp","contents":[{"tag":"TypeConstructor","contents":[["Prim"],"Function"]},{"tag":"TypeApp","contents":[{"tag":"TypeApp","contents":[{"tag":"TypeConstructor","contents":[["Prim"],"Function"]},{"tag":"TypeVar","contents":"b"}]},{"tag":"TypeApp","contents":[{"tag":"TypeVar","contents":"f"},{"tag":"TypeVar","contents":"c"}]}]}]},{"tag":"TypeApp","contents":[{"tag":"TypeVar","contents":"f"},{"tag":"TypeApp","contents":[{"tag":"TypeApp","contents":[{"tag":"TypeVar","contents":"t"},{"tag":"TypeVar","contents":"a"}]},{"tag":"TypeVar","contents":"c"}]}]}]}]}]}]},26]},27]},28]},29]},30]}}},{"EDInstance":{"edInstanceClassName":[["Data","Bitraversable"],"Bitraversable"],"edInstanceName":{"Ident":"bitraversableClown"},"edInstanceTypes":[{"tag":"TypeApp","contents":[{"tag":"TypeConstructor","contents":[["Data","Bifunctor","Clown"],"Clown"]},{"tag":"TypeVar","contents":"f"}]}],"edInstanceConstraints":[{"constraintClass":[["Data","Traversable"],"Traversable"],"constraintArgs":[{"tag":"TypeVar","contents":"f"}],"constraintData":null}]}},{"EDInstance":{"edInstanceClassName":[["Data","Bitraversable"],"Bitraversable"],"edInstanceName":{"Ident":"bitraversableJoker"},"edInstanceTypes":[{"tag":"TypeApp","contents":[{"tag":"TypeConstructor","contents":[["Data","Bifunctor","Joker"],"Joker"]},{"tag":"TypeVar","contents":"f"}]}],"edInstanceConstraints":[{"constraintClass":[["Data","Traversable"],"Traversable"],"constraintArgs":[{"tag":"TypeVar","contents":"f"}],"constraintData":null}]}},{"EDInstance":{"edInstanceClassName":[["Data","Bitraversable"],"Bitraversable"],"edInstanceName":{"Ident":"bitraversableFlip"},"edInstanceTypes":[{"tag":"TypeApp","contents":[{"tag":"TypeConstructor","contents":[["Data","Bifunctor","Flip"],"Flip"]},{"tag":"TypeVar","contents":"p"}]}],"edInstanceConstraints":[{"constraintClass":[["Data","Bitraversable"],"Bitraversable"],"constraintArgs":[{"tag":"TypeVar","contents":"p"}],"constraintData":null}]}},{"EDInstance":{"edInstanceClassName":[["Data","Bitraversable"],"Bitraversable"],"edInstanceName":{"Ident":"bitraversableProduct"},"edInstanceTypes":[{"tag":"TypeApp","contents":[{"tag":"TypeApp","contents":[{"tag":"TypeConstructor","contents":[["Data","Bifunctor","Product"],"Product"]},{"tag":"TypeVar","contents":"f"}]},{"tag":"TypeVar","contents":"g"}]}],"edInstanceConstraints":[{"constraintClass":[["Data","Bitraversable"],"Bitraversable"],"constraintArgs":[{"tag":"TypeVar","contents":"f"}],"constraintData":null},{"constraintClass":[["Data","Bitraversable"],"Bitraversable"],"constraintArgs":[{"tag":"TypeVar","contents":"g"}],"constraintData":null}]}},{"EDInstance":{"edInstanceClassName":[["Data","Bitraversable"],"Bitraversable"],"edInstanceName":{"Ident":"bitraversableWrap"},"edInstanceTypes":[{"tag":"TypeApp","contents":[{"tag":"TypeConstructor","contents":[["Data","Bifunctor","Wrap"],"Wrap"]},{"tag":"TypeVar","contents":"p"}]}],"edInstanceConstraints":[{"constraintClass":[["Data","Bitraversable"],"Bitraversable"],"constraintArgs":[{"tag":"TypeVar","contents":"p"}],"constraintData":null}]}}],"efSourceSpan":{"start":[1,1],"name":"E:\\practice\\haskell\\cube-rotation\\bower_components\\purescript-foldable-traversable\\src\\Data\\Bitraversable.purs","end":[124,30]}}