{"efVersion":"0.11.7","efModuleName":["Core"],"efExports":[{"ValueRef":[{"start":[1,1],"name":"E:\\practice\\haskell\\cube-rotation\\bower_components\\purescript-halogen-svg\\src\\Svg\\Core.purs","end":[21,42]},{"Ident":"ns"}]},{"ValueRef":[{"start":[1,1],"name":"E:\\practice\\haskell\\cube-rotation\\bower_components\\purescript-halogen-svg\\src\\Svg\\Core.purs","end":[21,42]},{"Ident":"element"}]},{"ValueRef":[{"start":[1,1],"name":"E:\\practice\\haskell\\cube-rotation\\bower_components\\purescript-halogen-svg\\src\\Svg\\Core.purs","end":[21,42]},{"Ident":"attr"}]}],"efImports":[{"eiModule":["Prim"],"eiImportType":{"Implicit":[]},"eiImportedAs":["Prim"]},{"eiModule":["Prim"],"eiImportType":{"Implicit":[]},"eiImportedAs":null},{"eiModule":["Prelude"],"eiImportType":{"Implicit":[]},"eiImportedAs":null},{"eiModule":["Data","Maybe"],"eiImportType":{"Explicit":[{"TypeRef":[{"start":[5,20],"name":"E:\\practice\\haskell\\cube-rotation\\bower_components\\purescript-halogen-svg\\src\\Svg\\Core.purs","end":[5,29]},"Maybe",null]}]},"eiImportedAs":null},{"eiModule":["Halogen","HTML","Core"],"eiImportType":{"Explicit":[{"TypeRef":[{"start":[6,27],"name":"E:\\practice\\haskell\\cube-rotation\\bower_components\\purescript-halogen-svg\\src\\Svg\\Core.purs","end":[6,31]},"HTML",[]]},{"TypeRef":[{"start":[6,33],"name":"E:\\practice\\haskell\\cube-rotation\\bower_components\\purescript-halogen-svg\\src\\Svg\\Core.purs","end":[6,48]},"Prop",["Attribute"]]},{"TypeRef":[{"start":[6,50],"name":"E:\\practice\\haskell\\cube-rotation\\bower_components\\purescript-halogen-svg\\src\\Svg\\Core.purs","end":[6,70]},"Namespace",["Namespace"]]},{"TypeRef":[{"start":[6,72],"name":"E:\\practice\\haskell\\cube-rotation\\bower_components\\purescript-halogen-svg\\src\\Svg\\Core.purs","end":[6,90]},"AttrName",["AttrName"]]}]},"eiImportedAs":null},{"eiModule":["Halogen","VDom"],"eiImportType":{"Explicit":[{"TypeRef":[{"start":[7,22],"name":"E:\\practice\\haskell\\cube-rotation\\bower_components\\purescript-halogen-svg\\src\\Svg\\Core.purs","end":[7,30]},"ElemName",[]]},{"TypeRef":[{"start":[7,32],"name":"E:\\practice\\haskell\\cube-rotation\\bower_components\\purescript-halogen-svg\\src\\Svg\\Core.purs","end":[7,50]},"ElemSpec",["ElemSpec"]]},{"TypeRef":[{"start":[7,52],"name":"E:\\practice\\haskell\\cube-rotation\\bower_components\\purescript-halogen-svg\\src\\Svg\\Core.purs","end":[7,62]},"VDom",["Elem"]]}]},"eiImportedAs":null},{"eiModule":["Unsafe","Coerce"],"eiImportType":{"Explicit":[{"ValueRef":[{"start":[8,23],"name":"E:\\practice\\haskell\\cube-rotation\\bower_components\\purescript-halogen-svg\\src\\Svg\\Core.purs","end":[8,35]},{"Ident":"unsafeCoerce"}]}]},"eiImportedAs":null}],"efFixities":[],"efTypeFixities":[],"efDeclarations":[{"EDValue":{"edValueName":{"Ident":"ns"},"edValueType":{"tag":"TypeApp","contents":[{"tag":"TypeConstructor","contents":[["Data","Maybe"],"Maybe"]},{"tag":"TypeConstructor","contents":[["Halogen","VDom","Types"],"Namespace"]}]}}},{"EDValue":{"edValueName":{"Ident":"element"},"edValueType":{"tag":"ForAll","contents":["i",{"tag":"ForAll","contents":["p",{"tag":"TypeApp","contents":[{"tag":"TypeApp","contents":[{"tag":"TypeConstructor","contents":[["Prim"],"Function"]},{"tag":"TypeConstructor","contents":[["Halogen","VDom","Types"],"ElemName"]}]},{"tag":"TypeApp","contents":[{"tag":"TypeApp","contents":[{"tag":"TypeConstructor","contents":[["Prim"],"Function"]},{"tag":"TypeApp","contents":[{"tag":"TypeConstructor","contents":[["Prim"],"Array"]},{"tag":"TypeApp","contents":[{"tag":"TypeConstructor","contents":[["Halogen","VDom","DOM","Prop"],"Prop"]},{"tag":"TypeVar","contents":"i"}]}]}]},{"tag":"TypeApp","contents":[{"tag":"TypeApp","contents":[{"tag":"TypeConstructor","contents":[["Prim"],"Function"]},{"tag":"TypeApp","contents":[{"tag":"TypeConstructor","contents":[["Prim"],"Array"]},{"tag":"TypeApp","contents":[{"tag":"TypeApp","contents":[{"tag":"TypeConstructor","contents":[["Halogen","HTML","Core"],"HTML"]},{"tag":"TypeVar","contents":"p"}]},{"tag":"TypeVar","contents":"i"}]}]}]},{"tag":"TypeApp","contents":[{"tag":"TypeApp","contents":[{"tag":"TypeConstructor","contents":[["Halogen","HTML","Core"],"HTML"]},{"tag":"TypeVar","contents":"p"}]},{"tag":"TypeVar","contents":"i"}]}]}]}]},1]},2]}}},{"EDValue":{"edValueName":{"Ident":"attr"},"edValueType":{"tag":"ForAll","contents":["i",{"tag":"TypeApp","contents":[{"tag":"TypeApp","contents":[{"tag":"TypeConstructor","contents":[["Prim"],"Function"]},{"tag":"TypeConstructor","contents":[["Halogen","HTML","Core"],"AttrName"]}]},{"tag":"TypeApp","contents":[{"tag":"TypeApp","contents":[{"tag":"TypeConstructor","contents":[["Prim"],"Function"]},{"tag":"TypeConstructor","contents":[["Prim"],"String"]}]},{"tag":"TypeApp","contents":[{"tag":"TypeConstructor","contents":[["Halogen","VDom","DOM","Prop"],"Prop"]},{"tag":"TypeVar","contents":"i"}]}]}]},7]}}}],"efSourceSpan":{"start":[1,1],"name":"E:\\practice\\haskell\\cube-rotation\\bower_components\\purescript-halogen-svg\\src\\Svg\\Core.purs","end":[21,42]}}