{"efVersion":"0.11.7","efModuleName":["Control","Monad","Aff"],"efExports":[{"TypeRef":[{"start":[1,1],"name":"E:\\practice\\haskell\\cube-rotation\\bower_components\\purescript-aff\\src\\Control\\Monad\\Aff.purs","end":[314,103]},"Aff",[]]},{"TypeRef":[{"start":[1,1],"name":"E:\\practice\\haskell\\cube-rotation\\bower_components\\purescript-aff\\src\\Control\\Monad\\Aff.purs","end":[314,103]},"Canceler",["Canceler"]]},{"TypeRef":[{"start":[1,1],"name":"E:\\practice\\haskell\\cube-rotation\\bower_components\\purescript-aff\\src\\Control\\Monad\\Aff.purs","end":[314,103]},"PureAff",[]]},{"ValueRef":[{"start":[1,1],"name":"E:\\practice\\haskell\\cube-rotation\\bower_components\\purescript-aff\\src\\Control\\Monad\\Aff.purs","end":[314,103]},{"Ident":"apathize"}]},{"ValueRef":[{"start":[1,1],"name":"E:\\practice\\haskell\\cube-rotation\\bower_components\\purescript-aff\\src\\Control\\Monad\\Aff.purs","end":[314,103]},{"Ident":"attempt"}]},{"ValueRef":[{"start":[1,1],"name":"E:\\practice\\haskell\\cube-rotation\\bower_components\\purescript-aff\\src\\Control\\Monad\\Aff.purs","end":[314,103]},{"Ident":"cancel"}]},{"ValueRef":[{"start":[1,1],"name":"E:\\practice\\haskell\\cube-rotation\\bower_components\\purescript-aff\\src\\Control\\Monad\\Aff.purs","end":[314,103]},{"Ident":"cancelWith"}]},{"ValueRef":[{"start":[1,1],"name":"E:\\practice\\haskell\\cube-rotation\\bower_components\\purescript-aff\\src\\Control\\Monad\\Aff.purs","end":[314,103]},{"Ident":"finally"}]},{"ValueRef":[{"start":[1,1],"name":"E:\\practice\\haskell\\cube-rotation\\bower_components\\purescript-aff\\src\\Control\\Monad\\Aff.purs","end":[314,103]},{"Ident":"forkAff"}]},{"ValueRef":[{"start":[1,1],"name":"E:\\practice\\haskell\\cube-rotation\\bower_components\\purescript-aff\\src\\Control\\Monad\\Aff.purs","end":[314,103]},{"Ident":"forkAll"}]},{"ValueRef":[{"start":[1,1],"name":"E:\\practice\\haskell\\cube-rotation\\bower_components\\purescript-aff\\src\\Control\\Monad\\Aff.purs","end":[314,103]},{"Ident":"delay"}]},{"ValueRef":[{"start":[1,1],"name":"E:\\practice\\haskell\\cube-rotation\\bower_components\\purescript-aff\\src\\Control\\Monad\\Aff.purs","end":[314,103]},{"Ident":"launchAff"}]},{"ValueRef":[{"start":[1,1],"name":"E:\\practice\\haskell\\cube-rotation\\bower_components\\purescript-aff\\src\\Control\\Monad\\Aff.purs","end":[314,103]},{"Ident":"liftEff'"}]},{"ValueRef":[{"start":[1,1],"name":"E:\\practice\\haskell\\cube-rotation\\bower_components\\purescript-aff\\src\\Control\\Monad\\Aff.purs","end":[314,103]},{"Ident":"makeAff"}]},{"ValueRef":[{"start":[1,1],"name":"E:\\practice\\haskell\\cube-rotation\\bower_components\\purescript-aff\\src\\Control\\Monad\\Aff.purs","end":[314,103]},{"Ident":"makeAff'"}]},{"ValueRef":[{"start":[1,1],"name":"E:\\practice\\haskell\\cube-rotation\\bower_components\\purescript-aff\\src\\Control\\Monad\\Aff.purs","end":[314,103]},{"Ident":"nonCanceler"}]},{"ValueRef":[{"start":[1,1],"name":"E:\\practice\\haskell\\cube-rotation\\bower_components\\purescript-aff\\src\\Control\\Monad\\Aff.purs","end":[314,103]},{"Ident":"runAff"}]},{"TypeRef":[{"start":[1,1],"name":"E:\\practice\\haskell\\cube-rotation\\bower_components\\purescript-aff\\src\\Control\\Monad\\Aff.purs","end":[314,103]},"ParAff",["ParAff"]]},{"TypeInstanceRef":[{"start":[0,0],"name":"<generated>","end":[0,0]},{"Ident":"semigroupAff"}]},{"TypeInstanceRef":[{"start":[0,0],"name":"<generated>","end":[0,0]},{"Ident":"monoidAff"}]},{"TypeInstanceRef":[{"start":[0,0],"name":"<generated>","end":[0,0]},{"Ident":"functorAff"}]},{"TypeInstanceRef":[{"start":[0,0],"name":"<generated>","end":[0,0]},{"Ident":"applyAff"}]},{"TypeInstanceRef":[{"start":[0,0],"name":"<generated>","end":[0,0]},{"Ident":"applicativeAff"}]},{"TypeInstanceRef":[{"start":[0,0],"name":"<generated>","end":[0,0]},{"Ident":"bindAff"}]},{"TypeInstanceRef":[{"start":[0,0],"name":"<generated>","end":[0,0]},{"Ident":"monadAff"}]},{"TypeInstanceRef":[{"start":[0,0],"name":"<generated>","end":[0,0]},{"Ident":"monadEffAff"}]},{"TypeInstanceRef":[{"start":[0,0],"name":"<generated>","end":[0,0]},{"Ident":"monadThrowAff"}]},{"TypeInstanceRef":[{"start":[0,0],"name":"<generated>","end":[0,0]},{"Ident":"monadErrorAff"}]},{"TypeInstanceRef":[{"start":[0,0],"name":"<generated>","end":[0,0]},{"Ident":"altAff"}]},{"TypeInstanceRef":[{"start":[0,0],"name":"<generated>","end":[0,0]},{"Ident":"plusAff"}]},{"TypeInstanceRef":[{"start":[0,0],"name":"<generated>","end":[0,0]},{"Ident":"alternativeAff"}]},{"TypeInstanceRef":[{"start":[0,0],"name":"<generated>","end":[0,0]},{"Ident":"monadZero"}]},{"TypeInstanceRef":[{"start":[0,0],"name":"<generated>","end":[0,0]},{"Ident":"monadPlusAff"}]},{"TypeInstanceRef":[{"start":[0,0],"name":"<generated>","end":[0,0]},{"Ident":"monadRecAff"}]},{"TypeInstanceRef":[{"start":[0,0],"name":"<generated>","end":[0,0]},{"Ident":"semigroupCanceler"}]},{"TypeInstanceRef":[{"start":[0,0],"name":"<generated>","end":[0,0]},{"Ident":"monoidCanceler"}]},{"TypeInstanceRef":[{"start":[0,0],"name":"<generated>","end":[0,0]},{"Ident":"newtypeParAff"}]},{"TypeInstanceRef":[{"start":[0,0],"name":"<generated>","end":[0,0]},{"Ident":"semigroupParAff"}]},{"TypeInstanceRef":[{"start":[0,0],"name":"<generated>","end":[0,0]},{"Ident":"monoidParAff"}]},{"TypeInstanceRef":[{"start":[0,0],"name":"<generated>","end":[0,0]},{"Ident":"functorParAff"}]},{"TypeInstanceRef":[{"start":[0,0],"name":"<generated>","end":[0,0]},{"Ident":"applyParAff"}]},{"TypeInstanceRef":[{"start":[0,0],"name":"<generated>","end":[0,0]},{"Ident":"applicativeParAff"}]},{"TypeInstanceRef":[{"start":[0,0],"name":"<generated>","end":[0,0]},{"Ident":"altParAff"}]},{"TypeInstanceRef":[{"start":[0,0],"name":"<generated>","end":[0,0]},{"Ident":"plusParAff"}]},{"TypeInstanceRef":[{"start":[0,0],"name":"<generated>","end":[0,0]},{"Ident":"alternativeParAff"}]},{"TypeInstanceRef":[{"start":[0,0],"name":"<generated>","end":[0,0]},{"Ident":"parallelParAff"}]}],"efImports":[{"eiModule":["Prim"],"eiImportType":{"Implicit":[]},"eiImportedAs":["Prim"]},{"eiModule":["Prim"],"eiImportType":{"Implicit":[]},"eiImportedAs":null},{"eiModule":["Prelude"],"eiImportType":{"Implicit":[]},"eiImportedAs":null},{"eiModule":["Control","Alt"],"eiImportType":{"Explicit":[{"TypeClassRef":[{"start":[24,21],"name":"E:\\practice\\haskell\\cube-rotation\\bower_components\\purescript-aff\\src\\Control\\Monad\\Aff.purs","end":[24,30]},"Alt"]}]},"eiImportedAs":null},{"eiModule":["Control","Alternative"],"eiImportType":{"Explicit":[{"TypeClassRef":[{"start":[25,29],"name":"E:\\practice\\haskell\\cube-rotation\\bower_components\\purescript-aff\\src\\Control\\Monad\\Aff.purs","end":[25,46]},"Alternative"]}]},"eiImportedAs":null},{"eiModule":["Control","Monad","Aff","Internal"],"eiImportType":{"Explicit":[{"TypeRef":[{"start":[26,36],"name":"E:\\practice\\haskell\\cube-rotation\\bower_components\\purescript-aff\\src\\Control\\Monad\\Aff.purs","end":[26,41]},"AVBox",[]]},{"TypeRef":[{"start":[26,43],"name":"E:\\practice\\haskell\\cube-rotation\\bower_components\\purescript-aff\\src\\Control\\Monad\\Aff.purs","end":[26,47]},"AVar",[]]},{"ValueRef":[{"start":[26,49],"name":"E:\\practice\\haskell\\cube-rotation\\bower_components\\purescript-aff\\src\\Control\\Monad\\Aff.purs","end":[26,57]},{"Ident":"_killVar"}]},{"ValueRef":[{"start":[26,59],"name":"E:\\practice\\haskell\\cube-rotation\\bower_components\\purescript-aff\\src\\Control\\Monad\\Aff.purs","end":[26,66]},{"Ident":"_putVar"}]},{"ValueRef":[{"start":[26,68],"name":"E:\\practice\\haskell\\cube-rotation\\bower_components\\purescript-aff\\src\\Control\\Monad\\Aff.purs","end":[26,76]},{"Ident":"_takeVar"}]},{"ValueRef":[{"start":[26,78],"name":"E:\\practice\\haskell\\cube-rotation\\bower_components\\purescript-aff\\src\\Control\\Monad\\Aff.purs","end":[26,86]},{"Ident":"_makeVar"}]}]},"eiImportedAs":null},{"eiModule":["Control","Monad","Eff"],"eiImportType":{"Explicit":[{"TypeRef":[{"start":[27,27],"name":"E:\\practice\\haskell\\cube-rotation\\bower_components\\purescript-aff\\src\\Control\\Monad\\Aff.purs","end":[27,30]},"Eff",[]]},{"KindRef":[{"start":[27,32],"name":"E:\\practice\\haskell\\cube-rotation\\bower_components\\purescript-aff\\src\\Control\\Monad\\Aff.purs","end":[27,43]},"Effect"]}]},"eiImportedAs":null},{"eiModule":["Control","Monad","Eff","Class"],"eiImportType":{"Explicit":[{"TypeClassRef":[{"start":[28,33],"name":"E:\\practice\\haskell\\cube-rotation\\bower_components\\purescript-aff\\src\\Control\\Monad\\Aff.purs","end":[28,47]},"MonadEff"]}]},"eiImportedAs":null},{"eiModule":["Control","Monad","Eff","Exception"],"eiImportType":{"Explicit":[{"TypeRef":[{"start":[29,37],"name":"E:\\practice\\haskell\\cube-rotation\\bower_components\\purescript-aff\\src\\Control\\Monad\\Aff.purs","end":[29,42]},"Error",[]]},{"TypeRef":[{"start":[29,44],"name":"E:\\practice\\haskell\\cube-rotation\\bower_components\\purescript-aff\\src\\Control\\Monad\\Aff.purs","end":[29,53]},"EXCEPTION",[]]},{"ValueRef":[{"start":[29,55],"name":"E:\\practice\\haskell\\cube-rotation\\bower_components\\purescript-aff\\src\\Control\\Monad\\Aff.purs","end":[29,69]},{"Ident":"throwException"}]},{"ValueRef":[{"start":[29,71],"name":"E:\\practice\\haskell\\cube-rotation\\bower_components\\purescript-aff\\src\\Control\\Monad\\Aff.purs","end":[29,76]},{"Ident":"error"}]}]},"eiImportedAs":null},{"eiModule":["Control","Monad","Error","Class"],"eiImportType":{"Explicit":[{"TypeClassRef":[{"start":[30,35],"name":"E:\\practice\\haskell\\cube-rotation\\bower_components\\purescript-aff\\src\\Control\\Monad\\Aff.purs","end":[30,51]},"MonadThrow"]},{"TypeClassRef":[{"start":[30,53],"name":"E:\\practice\\haskell\\cube-rotation\\bower_components\\purescript-aff\\src\\Control\\Monad\\Aff.purs","end":[30,69]},"MonadError"]},{"ValueRef":[{"start":[30,71],"name":"E:\\practice\\haskell\\cube-rotation\\bower_components\\purescript-aff\\src\\Control\\Monad\\Aff.purs","end":[30,81]},{"Ident":"throwError"}]}]},"eiImportedAs":null},{"eiModule":["Control","Monad","Rec","Class"],"eiImportType":{"Explicit":[{"TypeClassRef":[{"start":[31,33],"name":"E:\\practice\\haskell\\cube-rotation\\bower_components\\purescript-aff\\src\\Control\\Monad\\Aff.purs","end":[31,47]},"MonadRec"]},{"TypeRef":[{"start":[31,49],"name":"E:\\practice\\haskell\\cube-rotation\\bower_components\\purescript-aff\\src\\Control\\Monad\\Aff.purs","end":[31,57]},"Step",null]}]},"eiImportedAs":null},{"eiModule":["Control","MonadPlus"],"eiImportType":{"Explicit":[{"TypeClassRef":[{"start":[32,27],"name":"E:\\practice\\haskell\\cube-rotation\\bower_components\\purescript-aff\\src\\Control\\Monad\\Aff.purs","end":[32,42]},"MonadZero"]},{"TypeClassRef":[{"start":[32,44],"name":"E:\\practice\\haskell\\cube-rotation\\bower_components\\purescript-aff\\src\\Control\\Monad\\Aff.purs","end":[32,59]},"MonadPlus"]}]},"eiImportedAs":null},{"eiModule":["Control","Parallel"],"eiImportType":{"Explicit":[{"TypeClassRef":[{"start":[33,26],"name":"E:\\practice\\haskell\\cube-rotation\\bower_components\\purescript-aff\\src\\Control\\Monad\\Aff.purs","end":[33,40]},"Parallel"]}]},"eiImportedAs":null},{"eiModule":["Control","Plus"],"eiImportType":{"Explicit":[{"TypeClassRef":[{"start":[34,22],"name":"E:\\practice\\haskell\\cube-rotation\\bower_components\\purescript-aff\\src\\Control\\Monad\\Aff.purs","end":[34,32]},"Plus"]},{"ValueRef":[{"start":[34,34],"name":"E:\\practice\\haskell\\cube-rotation\\bower_components\\purescript-aff\\src\\Control\\Monad\\Aff.purs","end":[34,39]},{"Ident":"empty"}]}]},"eiImportedAs":null},{"eiModule":["Data","Either"],"eiImportType":{"Explicit":[{"TypeRef":[{"start":[36,21],"name":"E:\\practice\\haskell\\cube-rotation\\bower_components\\purescript-aff\\src\\Control\\Monad\\Aff.purs","end":[36,31]},"Either",null]},{"ValueRef":[{"start":[36,33],"name":"E:\\practice\\haskell\\cube-rotation\\bower_components\\purescript-aff\\src\\Control\\Monad\\Aff.purs","end":[36,39]},{"Ident":"either"}]}]},"eiImportedAs":null},{"eiModule":["Data","Foldable"],"eiImportType":{"Explicit":[{"TypeClassRef":[{"start":[37,23],"name":"E:\\practice\\haskell\\cube-rotation\\bower_components\\purescript-aff\\src\\Control\\Monad\\Aff.purs","end":[37,37]},"Foldable"]},{"ValueRef":[{"start":[37,39],"name":"E:\\practice\\haskell\\cube-rotation\\bower_components\\purescript-aff\\src\\Control\\Monad\\Aff.purs","end":[37,44]},{"Ident":"foldl"}]}]},"eiImportedAs":null},{"eiModule":["Data","Function","Uncurried"],"eiImportType":{"Explicit":[{"TypeRef":[{"start":[38,33],"name":"E:\\practice\\haskell\\cube-rotation\\bower_components\\purescript-aff\\src\\Control\\Monad\\Aff.purs","end":[38,36]},"Fn2",[]]},{"TypeRef":[{"start":[38,38],"name":"E:\\practice\\haskell\\cube-rotation\\bower_components\\purescript-aff\\src\\Control\\Monad\\Aff.purs","end":[38,41]},"Fn3",[]]},{"ValueRef":[{"start":[38,43],"name":"E:\\practice\\haskell\\cube-rotation\\bower_components\\purescript-aff\\src\\Control\\Monad\\Aff.purs","end":[38,49]},{"Ident":"runFn2"}]},{"ValueRef":[{"start":[38,51],"name":"E:\\practice\\haskell\\cube-rotation\\bower_components\\purescript-aff\\src\\Control\\Monad\\Aff.purs","end":[38,57]},{"Ident":"runFn3"}]}]},"eiImportedAs":null},{"eiModule":["Data","Monoid"],"eiImportType":{"Explicit":[{"TypeClassRef":[{"start":[39,21],"name":"E:\\practice\\haskell\\cube-rotation\\bower_components\\purescript-aff\\src\\Control\\Monad\\Aff.purs","end":[39,33]},"Monoid"]},{"ValueRef":[{"start":[39,35],"name":"E:\\practice\\haskell\\cube-rotation\\bower_components\\purescript-aff\\src\\Control\\Monad\\Aff.purs","end":[39,41]},{"Ident":"mempty"}]}]},"eiImportedAs":null},{"eiModule":["Data","Newtype"],"eiImportType":{"Explicit":[{"TypeClassRef":[{"start":[40,22],"name":"E:\\practice\\haskell\\cube-rotation\\bower_components\\purescript-aff\\src\\Control\\Monad\\Aff.purs","end":[40,35]},"Newtype"]}]},"eiImportedAs":null},{"eiModule":["Data","Time","Duration"],"eiImportType":{"Explicit":[{"TypeRef":[{"start":[41,28],"name":"E:\\practice\\haskell\\cube-rotation\\bower_components\\purescript-aff\\src\\Control\\Monad\\Aff.purs","end":[41,44]},"Milliseconds",null]}]},"eiImportedAs":null},{"eiModule":["Data","Tuple"],"eiImportType":{"Explicit":[{"TypeRef":[{"start":[42,20],"name":"E:\\practice\\haskell\\cube-rotation\\bower_components\\purescript-aff\\src\\Control\\Monad\\Aff.purs","end":[42,29]},"Tuple",null]},{"ValueRef":[{"start":[42,31],"name":"E:\\practice\\haskell\\cube-rotation\\bower_components\\purescript-aff\\src\\Control\\Monad\\Aff.purs","end":[42,34]},{"Ident":"fst"}]},{"ValueRef":[{"start":[42,36],"name":"E:\\practice\\haskell\\cube-rotation\\bower_components\\purescript-aff\\src\\Control\\Monad\\Aff.purs","end":[42,39]},{"Ident":"snd"}]}]},"eiImportedAs":null},{"eiModule":["Unsafe","Coerce"],"eiImportType":{"Explicit":[{"ValueRef":[{"start":[44,23],"name":"E:\\practice\\haskell\\cube-rotation\\bower_components\\purescript-aff\\src\\Control\\Monad\\Aff.purs","end":[44,35]},{"Ident":"unsafeCoerce"}]}]},"eiImportedAs":null}],"efFixities":[],"efTypeFixities":[],"efDeclarations":[{"EDType":{"edTypeName":"Aff","edTypeKind":{"tag":"FunKind","contents":[{"tag":"Row","contents":{"tag":"NamedKind","contents":[["Control","Monad","Eff"],"Effect"]}},{"tag":"FunKind","contents":[{"tag":"NamedKind","contents":[["Prim"],"Type"]},{"tag":"NamedKind","contents":[["Prim"],"Type"]}]}]},"edTypeDeclarationKind":"ExternData"}},{"EDType":{"edTypeName":"Canceler","edTypeKind":{"tag":"FunKind","contents":[{"tag":"Row","contents":{"tag":"NamedKind","contents":[["Control","Monad","Eff"],"Effect"]}},{"tag":"NamedKind","contents":[["Prim"],"Type"]}]},"edTypeDeclarationKind":{"DataType":{"args":[["e",{"tag":"Row","contents":{"tag":"NamedKind","contents":[["Control","Monad","Eff"],"Effect"]}}]],"ctors":[["Canceler",[{"tag":"TypeApp","contents":[{"tag":"TypeApp","contents":[{"tag":"TypeConstructor","contents":[["Prim"],"Function"]},{"tag":"TypeConstructor","contents":[["Control","Monad","Eff","Exception"],"Error"]}]},{"tag":"TypeApp","contents":[{"tag":"TypeApp","contents":[{"tag":"TypeConstructor","contents":[["Control","Monad","Aff"],"Aff"]},{"tag":"TypeVar","contents":"e"}]},{"tag":"TypeConstructor","contents":[["Prim"],"Boolean"]}]}]}]]]}}}},{"EDDataConstructor":{"edDataCtorName":"Canceler","edDataCtorOrigin":"newtype","edDataCtorTypeCtor":"Canceler","edDataCtorType":{"tag":"ForAll","contents":["e",{"tag":"TypeApp","contents":[{"tag":"TypeApp","contents":[{"tag":"TypeConstructor","contents":[["Prim"],"Function"]},{"tag":"TypeApp","contents":[{"tag":"TypeApp","contents":[{"tag":"TypeConstructor","contents":[["Prim"],"Function"]},{"tag":"TypeConstructor","contents":[["Control","Monad","Eff","Exception"],"Error"]}]},{"tag":"TypeApp","contents":[{"tag":"TypeApp","contents":[{"tag":"TypeConstructor","contents":[["Control","Monad","Aff"],"Aff"]},{"tag":"TypeVar","contents":"e"}]},{"tag":"TypeConstructor","contents":[["Prim"],"Boolean"]}]}]}]},{"tag":"TypeApp","contents":[{"tag":"TypeConstructor","contents":[["Control","Monad","Aff"],"Canceler"]},{"tag":"TypeVar","contents":"e"}]}]},null]},"edDataCtorFields":[{"Ident":"value0"}]}},{"EDType":{"edTypeName":"PureAff","edTypeKind":{"tag":"FunKind","contents":[{"tag":"NamedKind","contents":[["Prim"],"Type"]},{"tag":"NamedKind","contents":[["Prim"],"Type"]}]},"edTypeDeclarationKind":"TypeSynonym"}},{"EDTypeSynonym":{"edTypeSynonymName":"PureAff","edTypeSynonymArguments":[["a",{"tag":"NamedKind","contents":[["Prim"],"Type"]}]],"edTypeSynonymType":{"tag":"ForAll","contents":["e",{"tag":"TypeApp","contents":[{"tag":"TypeApp","contents":[{"tag":"TypeConstructor","contents":[["Control","Monad","Aff"],"Aff"]},{"tag":"TypeVar","contents":"e"}]},{"tag":"TypeVar","contents":"a"}]},null]}}},{"EDValue":{"edValueName":{"Ident":"apathize"},"edValueType":{"tag":"ForAll","contents":["a",{"tag":"ForAll","contents":["e",{"tag":"TypeApp","contents":[{"tag":"TypeApp","contents":[{"tag":"TypeConstructor","contents":[["Prim"],"Function"]},{"tag":"TypeApp","contents":[{"tag":"TypeApp","contents":[{"tag":"TypeConstructor","contents":[["Control","Monad","Aff"],"Aff"]},{"tag":"TypeVar","contents":"e"}]},{"tag":"TypeVar","contents":"a"}]}]},{"tag":"TypeApp","contents":[{"tag":"TypeApp","contents":[{"tag":"TypeConstructor","contents":[["Control","Monad","Aff"],"Aff"]},{"tag":"TypeVar","contents":"e"}]},{"tag":"TypeConstructor","contents":[["Data","Unit"],"Unit"]}]}]},408]},409]}}},{"EDValue":{"edValueName":{"Ident":"attempt"},"edValueType":{"tag":"ForAll","contents":["a",{"tag":"ForAll","contents":["e",{"tag":"TypeApp","contents":[{"tag":"TypeApp","contents":[{"tag":"TypeConstructor","contents":[["Prim"],"Function"]},{"tag":"TypeApp","contents":[{"tag":"TypeApp","contents":[{"tag":"TypeConstructor","contents":[["Control","Monad","Aff"],"Aff"]},{"tag":"TypeVar","contents":"e"}]},{"tag":"TypeVar","contents":"a"}]}]},{"tag":"TypeApp","contents":[{"tag":"TypeApp","contents":[{"tag":"TypeConstructor","contents":[["Control","Monad","Aff"],"Aff"]},{"tag":"TypeVar","contents":"e"}]},{"tag":"TypeApp","contents":[{"tag":"TypeApp","contents":[{"tag":"TypeConstructor","contents":[["Data","Either"],"Either"]},{"tag":"TypeConstructor","contents":[["Control","Monad","Eff","Exception"],"Error"]}]},{"tag":"TypeVar","contents":"a"}]}]}]},319]},320]}}},{"EDValue":{"edValueName":{"Ident":"cancel"},"edValueType":{"tag":"ForAll","contents":["e",{"tag":"TypeApp","contents":[{"tag":"TypeApp","contents":[{"tag":"TypeConstructor","contents":[["Prim"],"Function"]},{"tag":"TypeApp","contents":[{"tag":"TypeConstructor","contents":[["Control","Monad","Aff"],"Canceler"]},{"tag":"TypeVar","contents":"e"}]}]},{"tag":"TypeApp","contents":[{"tag":"TypeApp","contents":[{"tag":"TypeConstructor","contents":[["Prim"],"Function"]},{"tag":"TypeConstructor","contents":[["Control","Monad","Eff","Exception"],"Error"]}]},{"tag":"TypeApp","contents":[{"tag":"TypeApp","contents":[{"tag":"TypeConstructor","contents":[["Control","Monad","Aff"],"Aff"]},{"tag":"TypeVar","contents":"e"}]},{"tag":"TypeConstructor","contents":[["Prim"],"Boolean"]}]}]}]},304]}}},{"EDValue":{"edValueName":{"Ident":"cancelWith"},"edValueType":{"tag":"ForAll","contents":["a",{"tag":"ForAll","contents":["e",{"tag":"TypeApp","contents":[{"tag":"TypeApp","contents":[{"tag":"TypeConstructor","contents":[["Prim"],"Function"]},{"tag":"TypeApp","contents":[{"tag":"TypeApp","contents":[{"tag":"TypeConstructor","contents":[["Control","Monad","Aff"],"Aff"]},{"tag":"TypeVar","contents":"e"}]},{"tag":"TypeVar","contents":"a"}]}]},{"tag":"TypeApp","contents":[{"tag":"TypeApp","contents":[{"tag":"TypeConstructor","contents":[["Prim"],"Function"]},{"tag":"TypeApp","contents":[{"tag":"TypeConstructor","contents":[["Control","Monad","Aff"],"Canceler"]},{"tag":"TypeVar","contents":"e"}]}]},{"tag":"TypeApp","contents":[{"tag":"TypeApp","contents":[{"tag":"TypeConstructor","contents":[["Control","Monad","Aff"],"Aff"]},{"tag":"TypeVar","contents":"e"}]},{"tag":"TypeVar","contents":"a"}]}]}]},294]},295]}}},{"EDValue":{"edValueName":{"Ident":"finally"},"edValueType":{"tag":"ForAll","contents":["b",{"tag":"ForAll","contents":["a",{"tag":"ForAll","contents":["e",{"tag":"TypeApp","contents":[{"tag":"TypeApp","contents":[{"tag":"TypeConstructor","contents":[["Prim"],"Function"]},{"tag":"TypeApp","contents":[{"tag":"TypeApp","contents":[{"tag":"TypeConstructor","contents":[["Control","Monad","Aff"],"Aff"]},{"tag":"TypeVar","contents":"e"}]},{"tag":"TypeVar","contents":"a"}]}]},{"tag":"TypeApp","contents":[{"tag":"TypeApp","contents":[{"tag":"TypeConstructor","contents":[["Prim"],"Function"]},{"tag":"TypeApp","contents":[{"tag":"TypeApp","contents":[{"tag":"TypeConstructor","contents":[["Control","Monad","Aff"],"Aff"]},{"tag":"TypeVar","contents":"e"}]},{"tag":"TypeVar","contents":"b"}]}]},{"tag":"TypeApp","contents":[{"tag":"TypeApp","contents":[{"tag":"TypeConstructor","contents":[["Control","Monad","Aff"],"Aff"]},{"tag":"TypeVar","contents":"e"}]},{"tag":"TypeVar","contents":"a"}]}]}]},341]},342]},343]}}},{"EDValue":{"edValueName":{"Ident":"forkAff"},"edValueType":{"tag":"ForAll","contents":["a",{"tag":"ForAll","contents":["e",{"tag":"TypeApp","contents":[{"tag":"TypeApp","contents":[{"tag":"TypeConstructor","contents":[["Prim"],"Function"]},{"tag":"TypeApp","contents":[{"tag":"TypeApp","contents":[{"tag":"TypeConstructor","contents":[["Control","Monad","Aff"],"Aff"]},{"tag":"TypeVar","contents":"e"}]},{"tag":"TypeVar","contents":"a"}]}]},{"tag":"TypeApp","contents":[{"tag":"TypeApp","contents":[{"tag":"TypeConstructor","contents":[["Control","Monad","Aff"],"Aff"]},{"tag":"TypeVar","contents":"e"}]},{"tag":"TypeApp","contents":[{"tag":"TypeConstructor","contents":[["Control","Monad","Aff"],"Canceler"]},{"tag":"TypeVar","contents":"e"}]}]}]},278]},279]}}},{"EDValue":{"edValueName":{"Ident":"forkAll"},"edValueType":{"tag":"ForAll","contents":["a",{"tag":"ForAll","contents":["e",{"tag":"ForAll","contents":["f",{"tag":"ConstrainedType","contents":[{"constraintClass":[["Data","Foldable"],"Foldable"],"constraintArgs":[{"tag":"TypeVar","contents":"f"}],"constraintData":null},{"tag":"TypeApp","contents":[{"tag":"TypeApp","contents":[{"tag":"TypeConstructor","contents":[["Prim"],"Function"]},{"tag":"TypeApp","contents":[{"tag":"TypeVar","contents":"f"},{"tag":"TypeApp","contents":[{"tag":"TypeApp","contents":[{"tag":"TypeConstructor","contents":[["Control","Monad","Aff"],"Aff"]},{"tag":"TypeVar","contents":"e"}]},{"tag":"TypeVar","contents":"a"}]}]}]},{"tag":"TypeApp","contents":[{"tag":"TypeApp","contents":[{"tag":"TypeConstructor","contents":[["Control","Monad","Aff"],"Aff"]},{"tag":"TypeVar","contents":"e"}]},{"tag":"TypeApp","contents":[{"tag":"TypeConstructor","contents":[["Control","Monad","Aff"],"Canceler"]},{"tag":"TypeVar","contents":"e"}]}]}]}]},264]},265]},266]}}},{"EDValue":{"edValueName":{"Ident":"delay"},"edValueType":{"tag":"ForAll","contents":["e",{"tag":"TypeApp","contents":[{"tag":"TypeApp","contents":[{"tag":"TypeConstructor","contents":[["Prim"],"Function"]},{"tag":"TypeConstructor","contents":[["Data","Time","Duration"],"Milliseconds"]}]},{"tag":"TypeApp","contents":[{"tag":"TypeApp","contents":[{"tag":"TypeConstructor","contents":[["Control","Monad","Aff"],"Aff"]},{"tag":"TypeVar","contents":"e"}]},{"tag":"TypeConstructor","contents":[["Data","Unit"],"Unit"]}]}]},287]}}},{"EDValue":{"edValueName":{"Ident":"launchAff"},"edValueType":{"tag":"ForAll","contents":["a",{"tag":"ForAll","contents":["e",{"tag":"TypeApp","contents":[{"tag":"TypeApp","contents":[{"tag":"TypeConstructor","contents":[["Prim"],"Function"]},{"tag":"TypeApp","contents":[{"tag":"TypeApp","contents":[{"tag":"TypeConstructor","contents":[["Control","Monad","Aff"],"Aff"]},{"tag":"TypeVar","contents":"e"}]},{"tag":"TypeVar","contents":"a"}]}]},{"tag":"TypeApp","contents":[{"tag":"TypeApp","contents":[{"tag":"TypeConstructor","contents":[["Control","Monad","Eff"],"Eff"]},{"tag":"RCons","contents":["exception",{"tag":"TypeConstructor","contents":[["Control","Monad","Eff","Exception"],"EXCEPTION"]},{"tag":"TypeVar","contents":"e"}]}]},{"tag":"TypeApp","contents":[{"tag":"TypeConstructor","contents":[["Control","Monad","Aff"],"Canceler"]},{"tag":"TypeVar","contents":"e"}]}]}]},306]},307]}}},{"EDValue":{"edValueName":{"Ident":"liftEff'"},"edValueType":{"tag":"ForAll","contents":["a",{"tag":"ForAll","contents":["e",{"tag":"TypeApp","contents":[{"tag":"TypeApp","contents":[{"tag":"TypeConstructor","contents":[["Prim"],"Function"]},{"tag":"TypeApp","contents":[{"tag":"TypeApp","contents":[{"tag":"TypeConstructor","contents":[["Control","Monad","Eff"],"Eff"]},{"tag":"RCons","contents":["exception",{"tag":"TypeConstructor","contents":[["Control","Monad","Eff","Exception"],"EXCEPTION"]},{"tag":"TypeVar","contents":"e"}]}]},{"tag":"TypeVar","contents":"a"}]}]},{"tag":"TypeApp","contents":[{"tag":"TypeApp","contents":[{"tag":"TypeConstructor","contents":[["Control","Monad","Aff"],"Aff"]},{"tag":"TypeVar","contents":"e"}]},{"tag":"TypeApp","contents":[{"tag":"TypeApp","contents":[{"tag":"TypeConstructor","contents":[["Data","Either"],"Either"]},{"tag":"TypeConstructor","contents":[["Control","Monad","Eff","Exception"],"Error"]}]},{"tag":"TypeVar","contents":"a"}]}]}]},347]},348]}}},{"EDValue":{"edValueName":{"Ident":"makeAff"},"edValueType":{"tag":"ForAll","contents":["a",{"tag":"ForAll","contents":["e",{"tag":"TypeApp","contents":[{"tag":"TypeApp","contents":[{"tag":"TypeConstructor","contents":[["Prim"],"Function"]},{"tag":"TypeApp","contents":[{"tag":"TypeApp","contents":[{"tag":"TypeConstructor","contents":[["Prim"],"Function"]},{"tag":"TypeApp","contents":[{"tag":"TypeApp","contents":[{"tag":"TypeConstructor","contents":[["Prim"],"Function"]},{"tag":"TypeConstructor","contents":[["Control","Monad","Eff","Exception"],"Error"]}]},{"tag":"TypeApp","contents":[{"tag":"TypeApp","contents":[{"tag":"TypeConstructor","contents":[["Control","Monad","Eff"],"Eff"]},{"tag":"TypeVar","contents":"e"}]},{"tag":"TypeConstructor","contents":[["Data","Unit"],"Unit"]}]}]}]},{"tag":"TypeApp","contents":[{"tag":"TypeApp","contents":[{"tag":"TypeConstructor","contents":[["Prim"],"Function"]},{"tag":"TypeApp","contents":[{"tag":"TypeApp","contents":[{"tag":"TypeConstructor","contents":[["Prim"],"Function"]},{"tag":"TypeVar","contents":"a"}]},{"tag":"TypeApp","contents":[{"tag":"TypeApp","contents":[{"tag":"TypeConstructor","contents":[["Control","Monad","Eff"],"Eff"]},{"tag":"TypeVar","contents":"e"}]},{"tag":"TypeConstructor","contents":[["Data","Unit"],"Unit"]}]}]}]},{"tag":"TypeApp","contents":[{"tag":"TypeApp","contents":[{"tag":"TypeConstructor","contents":[["Control","Monad","Eff"],"Eff"]},{"tag":"TypeVar","contents":"e"}]},{"tag":"TypeConstructor","contents":[["Data","Unit"],"Unit"]}]}]}]}]},{"tag":"TypeApp","contents":[{"tag":"TypeApp","contents":[{"tag":"TypeConstructor","contents":[["Control","Monad","Aff"],"Aff"]},{"tag":"TypeVar","contents":"e"}]},{"tag":"TypeVar","contents":"a"}]}]},203]},204]}}},{"EDValue":{"edValueName":{"Ident":"makeAff'"},"edValueType":{"tag":"ForAll","contents":["a",{"tag":"ForAll","contents":["e",{"tag":"TypeApp","contents":[{"tag":"TypeApp","contents":[{"tag":"TypeConstructor","contents":[["Prim"],"Function"]},{"tag":"TypeApp","contents":[{"tag":"TypeApp","contents":[{"tag":"TypeConstructor","contents":[["Prim"],"Function"]},{"tag":"TypeApp","contents":[{"tag":"TypeApp","contents":[{"tag":"TypeConstructor","contents":[["Prim"],"Function"]},{"tag":"TypeConstructor","contents":[["Control","Monad","Eff","Exception"],"Error"]}]},{"tag":"TypeApp","contents":[{"tag":"TypeApp","contents":[{"tag":"TypeConstructor","contents":[["Control","Monad","Eff"],"Eff"]},{"tag":"TypeVar","contents":"e"}]},{"tag":"TypeConstructor","contents":[["Data","Unit"],"Unit"]}]}]}]},{"tag":"TypeApp","contents":[{"tag":"TypeApp","contents":[{"tag":"TypeConstructor","contents":[["Prim"],"Function"]},{"tag":"TypeApp","contents":[{"tag":"TypeApp","contents":[{"tag":"TypeConstructor","contents":[["Prim"],"Function"]},{"tag":"TypeVar","contents":"a"}]},{"tag":"TypeApp","contents":[{"tag":"TypeApp","contents":[{"tag":"TypeConstructor","contents":[["Control","Monad","Eff"],"Eff"]},{"tag":"TypeVar","contents":"e"}]},{"tag":"TypeConstructor","contents":[["Data","Unit"],"Unit"]}]}]}]},{"tag":"TypeApp","contents":[{"tag":"TypeApp","contents":[{"tag":"TypeConstructor","contents":[["Control","Monad","Eff"],"Eff"]},{"tag":"TypeVar","contents":"e"}]},{"tag":"TypeApp","contents":[{"tag":"TypeConstructor","contents":[["Control","Monad","Aff"],"Canceler"]},{"tag":"TypeVar","contents":"e"}]}]}]}]}]},{"tag":"TypeApp","contents":[{"tag":"TypeApp","contents":[{"tag":"TypeConstructor","contents":[["Control","Monad","Aff"],"Aff"]},{"tag":"TypeVar","contents":"e"}]},{"tag":"TypeVar","contents":"a"}]}]},197]},198]}}},{"EDValue":{"edValueName":{"Ident":"nonCanceler"},"edValueType":{"tag":"ForAll","contents":["e",{"tag":"TypeApp","contents":[{"tag":"TypeConstructor","contents":[["Control","Monad","Aff"],"Canceler"]},{"tag":"TypeVar","contents":"e"}]},58]}}},{"EDValue":{"edValueName":{"Ident":"runAff"},"edValueType":{"tag":"ForAll","contents":["a",{"tag":"ForAll","contents":["e",{"tag":"TypeApp","contents":[{"tag":"TypeApp","contents":[{"tag":"TypeConstructor","contents":[["Prim"],"Function"]},{"tag":"TypeApp","contents":[{"tag":"TypeApp","contents":[{"tag":"TypeConstructor","contents":[["Prim"],"Function"]},{"tag":"TypeConstructor","contents":[["Control","Monad","Eff","Exception"],"Error"]}]},{"tag":"TypeApp","contents":[{"tag":"TypeApp","contents":[{"tag":"TypeConstructor","contents":[["Control","Monad","Eff"],"Eff"]},{"tag":"TypeVar","contents":"e"}]},{"tag":"TypeConstructor","contents":[["Data","Unit"],"Unit"]}]}]}]},{"tag":"TypeApp","contents":[{"tag":"TypeApp","contents":[{"tag":"TypeConstructor","contents":[["Prim"],"Function"]},{"tag":"TypeApp","contents":[{"tag":"TypeApp","contents":[{"tag":"TypeConstructor","contents":[["Prim"],"Function"]},{"tag":"TypeVar","contents":"a"}]},{"tag":"TypeApp","contents":[{"tag":"TypeApp","contents":[{"tag":"TypeConstructor","contents":[["Control","Monad","Eff"],"Eff"]},{"tag":"TypeVar","contents":"e"}]},{"tag":"TypeConstructor","contents":[["Data","Unit"],"Unit"]}]}]}]},{"tag":"TypeApp","contents":[{"tag":"TypeApp","contents":[{"tag":"TypeConstructor","contents":[["Prim"],"Function"]},{"tag":"TypeApp","contents":[{"tag":"TypeApp","contents":[{"tag":"TypeConstructor","contents":[["Control","Monad","Aff"],"Aff"]},{"tag":"TypeVar","contents":"e"}]},{"tag":"TypeVar","contents":"a"}]}]},{"tag":"TypeApp","contents":[{"tag":"TypeApp","contents":[{"tag":"TypeConstructor","contents":[["Control","Monad","Eff"],"Eff"]},{"tag":"TypeVar","contents":"e"}]},{"tag":"TypeApp","contents":[{"tag":"TypeConstructor","contents":[["Control","Monad","Aff"],"Canceler"]},{"tag":"TypeVar","contents":"e"}]}]}]}]}]},10]},11]}}},{"EDType":{"edTypeName":"ParAff","edTypeKind":{"tag":"FunKind","contents":[{"tag":"Row","contents":{"tag":"NamedKind","contents":[["Control","Monad","Eff"],"Effect"]}},{"tag":"FunKind","contents":[{"tag":"NamedKind","contents":[["Prim"],"Type"]},{"tag":"NamedKind","contents":[["Prim"],"Type"]}]}]},"edTypeDeclarationKind":{"DataType":{"args":[["e",{"tag":"Row","contents":{"tag":"NamedKind","contents":[["Control","Monad","Eff"],"Effect"]}}],["a",{"tag":"NamedKind","contents":[["Prim"],"Type"]}]],"ctors":[["ParAff",[{"tag":"TypeApp","contents":[{"tag":"TypeApp","contents":[{"tag":"TypeConstructor","contents":[["Control","Monad","Aff"],"Aff"]},{"tag":"TypeVar","contents":"e"}]},{"tag":"TypeVar","contents":"a"}]}]]]}}}},{"EDDataConstructor":{"edDataCtorName":"ParAff","edDataCtorOrigin":"newtype","edDataCtorTypeCtor":"ParAff","edDataCtorType":{"tag":"ForAll","contents":["a",{"tag":"ForAll","contents":["e",{"tag":"TypeApp","contents":[{"tag":"TypeApp","contents":[{"tag":"TypeConstructor","contents":[["Prim"],"Function"]},{"tag":"TypeApp","contents":[{"tag":"TypeApp","contents":[{"tag":"TypeConstructor","contents":[["Control","Monad","Aff"],"Aff"]},{"tag":"TypeVar","contents":"e"}]},{"tag":"TypeVar","contents":"a"}]}]},{"tag":"TypeApp","contents":[{"tag":"TypeApp","contents":[{"tag":"TypeConstructor","contents":[["Control","Monad","Aff"],"ParAff"]},{"tag":"TypeVar","contents":"e"}]},{"tag":"TypeVar","contents":"a"}]}]},null]},null]},"edDataCtorFields":[{"Ident":"value0"}]}},{"EDInstance":{"edInstanceClassName":[["Data","Semigroup"],"Semigroup"],"edInstanceName":{"Ident":"semigroupAff"},"edInstanceTypes":[{"tag":"TypeApp","contents":[{"tag":"TypeApp","contents":[{"tag":"TypeConstructor","contents":[["Control","Monad","Aff"],"Aff"]},{"tag":"TypeVar","contents":"e"}]},{"tag":"TypeVar","contents":"a"}]}],"edInstanceConstraints":[{"constraintClass":[["Data","Semigroup"],"Semigroup"],"constraintArgs":[{"tag":"TypeVar","contents":"a"}],"constraintData":null}]}},{"EDInstance":{"edInstanceClassName":[["Data","Monoid"],"Monoid"],"edInstanceName":{"Ident":"monoidAff"},"edInstanceTypes":[{"tag":"TypeApp","contents":[{"tag":"TypeApp","contents":[{"tag":"TypeConstructor","contents":[["Control","Monad","Aff"],"Aff"]},{"tag":"TypeVar","contents":"e"}]},{"tag":"TypeVar","contents":"a"}]}],"edInstanceConstraints":[{"constraintClass":[["Data","Monoid"],"Monoid"],"constraintArgs":[{"tag":"TypeVar","contents":"a"}],"constraintData":null}]}},{"EDInstance":{"edInstanceClassName":[["Data","Functor"],"Functor"],"edInstanceName":{"Ident":"functorAff"},"edInstanceTypes":[{"tag":"TypeApp","contents":[{"tag":"TypeConstructor","contents":[["Control","Monad","Aff"],"Aff"]},{"tag":"TypeVar","contents":"e"}]}],"edInstanceConstraints":[]}},{"EDInstance":{"edInstanceClassName":[["Control","Apply"],"Apply"],"edInstanceName":{"Ident":"applyAff"},"edInstanceTypes":[{"tag":"TypeApp","contents":[{"tag":"TypeConstructor","contents":[["Control","Monad","Aff"],"Aff"]},{"tag":"TypeVar","contents":"e"}]}],"edInstanceConstraints":[]}},{"EDInstance":{"edInstanceClassName":[["Control","Applicative"],"Applicative"],"edInstanceName":{"Ident":"applicativeAff"},"edInstanceTypes":[{"tag":"TypeApp","contents":[{"tag":"TypeConstructor","contents":[["Control","Monad","Aff"],"Aff"]},{"tag":"TypeVar","contents":"e"}]}],"edInstanceConstraints":[]}},{"EDInstance":{"edInstanceClassName":[["Control","Bind"],"Bind"],"edInstanceName":{"Ident":"bindAff"},"edInstanceTypes":[{"tag":"TypeApp","contents":[{"tag":"TypeConstructor","contents":[["Control","Monad","Aff"],"Aff"]},{"tag":"TypeVar","contents":"e"}]}],"edInstanceConstraints":[]}},{"EDInstance":{"edInstanceClassName":[["Control","Monad"],"Monad"],"edInstanceName":{"Ident":"monadAff"},"edInstanceTypes":[{"tag":"TypeApp","contents":[{"tag":"TypeConstructor","contents":[["Control","Monad","Aff"],"Aff"]},{"tag":"TypeVar","contents":"e"}]}],"edInstanceConstraints":[]}},{"EDInstance":{"edInstanceClassName":[["Control","Monad","Eff","Class"],"MonadEff"],"edInstanceName":{"Ident":"monadEffAff"},"edInstanceTypes":[{"tag":"TypeVar","contents":"e"},{"tag":"TypeApp","contents":[{"tag":"TypeConstructor","contents":[["Control","Monad","Aff"],"Aff"]},{"tag":"TypeVar","contents":"e"}]}],"edInstanceConstraints":[]}},{"EDInstance":{"edInstanceClassName":[["Control","Monad","Error","Class"],"MonadThrow"],"edInstanceName":{"Ident":"monadThrowAff"},"edInstanceTypes":[{"tag":"TypeConstructor","contents":[["Control","Monad","Eff","Exception"],"Error"]},{"tag":"TypeApp","contents":[{"tag":"TypeConstructor","contents":[["Control","Monad","Aff"],"Aff"]},{"tag":"TypeVar","contents":"e"}]}],"edInstanceConstraints":[]}},{"EDInstance":{"edInstanceClassName":[["Control","Monad","Error","Class"],"MonadError"],"edInstanceName":{"Ident":"monadErrorAff"},"edInstanceTypes":[{"tag":"TypeConstructor","contents":[["Control","Monad","Eff","Exception"],"Error"]},{"tag":"TypeApp","contents":[{"tag":"TypeConstructor","contents":[["Control","Monad","Aff"],"Aff"]},{"tag":"TypeVar","contents":"e"}]}],"edInstanceConstraints":[]}},{"EDInstance":{"edInstanceClassName":[["Control","Alt"],"Alt"],"edInstanceName":{"Ident":"altAff"},"edInstanceTypes":[{"tag":"TypeApp","contents":[{"tag":"TypeConstructor","contents":[["Control","Monad","Aff"],"Aff"]},{"tag":"TypeVar","contents":"e"}]}],"edInstanceConstraints":[]}},{"EDInstance":{"edInstanceClassName":[["Control","Plus"],"Plus"],"edInstanceName":{"Ident":"plusAff"},"edInstanceTypes":[{"tag":"TypeApp","contents":[{"tag":"TypeConstructor","contents":[["Control","Monad","Aff"],"Aff"]},{"tag":"TypeVar","contents":"e"}]}],"edInstanceConstraints":[]}},{"EDInstance":{"edInstanceClassName":[["Control","Alternative"],"Alternative"],"edInstanceName":{"Ident":"alternativeAff"},"edInstanceTypes":[{"tag":"TypeApp","contents":[{"tag":"TypeConstructor","contents":[["Control","Monad","Aff"],"Aff"]},{"tag":"TypeVar","contents":"e"}]}],"edInstanceConstraints":[]}},{"EDInstance":{"edInstanceClassName":[["Control","MonadZero"],"MonadZero"],"edInstanceName":{"Ident":"monadZero"},"edInstanceTypes":[{"tag":"TypeApp","contents":[{"tag":"TypeConstructor","contents":[["Control","Monad","Aff"],"Aff"]},{"tag":"TypeVar","contents":"e"}]}],"edInstanceConstraints":[]}},{"EDInstance":{"edInstanceClassName":[["Control","MonadPlus"],"MonadPlus"],"edInstanceName":{"Ident":"monadPlusAff"},"edInstanceTypes":[{"tag":"TypeApp","contents":[{"tag":"TypeConstructor","contents":[["Control","Monad","Aff"],"Aff"]},{"tag":"TypeVar","contents":"e"}]}],"edInstanceConstraints":[]}},{"EDInstance":{"edInstanceClassName":[["Control","Monad","Rec","Class"],"MonadRec"],"edInstanceName":{"Ident":"monadRecAff"},"edInstanceTypes":[{"tag":"TypeApp","contents":[{"tag":"TypeConstructor","contents":[["Control","Monad","Aff"],"Aff"]},{"tag":"TypeVar","contents":"e"}]}],"edInstanceConstraints":[]}},{"EDInstance":{"edInstanceClassName":[["Data","Semigroup"],"Semigroup"],"edInstanceName":{"Ident":"semigroupCanceler"},"edInstanceTypes":[{"tag":"TypeApp","contents":[{"tag":"TypeConstructor","contents":[["Control","Monad","Aff"],"Canceler"]},{"tag":"TypeVar","contents":"e"}]}],"edInstanceConstraints":[]}},{"EDInstance":{"edInstanceClassName":[["Data","Monoid"],"Monoid"],"edInstanceName":{"Ident":"monoidCanceler"},"edInstanceTypes":[{"tag":"TypeApp","contents":[{"tag":"TypeConstructor","contents":[["Control","Monad","Aff"],"Canceler"]},{"tag":"TypeVar","contents":"e"}]}],"edInstanceConstraints":[]}},{"EDInstance":{"edInstanceClassName":[["Data","Newtype"],"Newtype"],"edInstanceName":{"Ident":"newtypeParAff"},"edInstanceTypes":[{"tag":"TypeApp","contents":[{"tag":"TypeApp","contents":[{"tag":"TypeConstructor","contents":[["Control","Monad","Aff"],"ParAff"]},{"tag":"TypeVar","contents":"e"}]},{"tag":"TypeVar","contents":"a"}]},{"tag":"TypeApp","contents":[{"tag":"TypeApp","contents":[{"tag":"TypeConstructor","contents":[["Control","Monad","Aff"],"Aff"]},{"tag":"TypeVar","contents":"e"}]},{"tag":"TypeVar","contents":"a"}]}],"edInstanceConstraints":[]}},{"EDInstance":{"edInstanceClassName":[["Data","Semigroup"],"Semigroup"],"edInstanceName":{"Ident":"semigroupParAff"},"edInstanceTypes":[{"tag":"TypeApp","contents":[{"tag":"TypeApp","contents":[{"tag":"TypeConstructor","contents":[["Control","Monad","Aff"],"ParAff"]},{"tag":"TypeVar","contents":"e"}]},{"tag":"TypeVar","contents":"a"}]}],"edInstanceConstraints":[{"constraintClass":[["Data","Semigroup"],"Semigroup"],"constraintArgs":[{"tag":"TypeVar","contents":"a"}],"constraintData":null}]}},{"EDInstance":{"edInstanceClassName":[["Data","Monoid"],"Monoid"],"edInstanceName":{"Ident":"monoidParAff"},"edInstanceTypes":[{"tag":"TypeApp","contents":[{"tag":"TypeApp","contents":[{"tag":"TypeConstructor","contents":[["Control","Monad","Aff"],"ParAff"]},{"tag":"TypeVar","contents":"e"}]},{"tag":"TypeVar","contents":"a"}]}],"edInstanceConstraints":[{"constraintClass":[["Data","Monoid"],"Monoid"],"constraintArgs":[{"tag":"TypeVar","contents":"a"}],"constraintData":null}]}},{"EDInstance":{"edInstanceClassName":[["Data","Functor"],"Functor"],"edInstanceName":{"Ident":"functorParAff"},"edInstanceTypes":[{"tag":"TypeApp","contents":[{"tag":"TypeConstructor","contents":[["Control","Monad","Aff"],"ParAff"]},{"tag":"TypeVar","contents":"e"}]}],"edInstanceConstraints":[]}},{"EDInstance":{"edInstanceClassName":[["Control","Apply"],"Apply"],"edInstanceName":{"Ident":"applyParAff"},"edInstanceTypes":[{"tag":"TypeApp","contents":[{"tag":"TypeConstructor","contents":[["Control","Monad","Aff"],"ParAff"]},{"tag":"TypeVar","contents":"e"}]}],"edInstanceConstraints":[]}},{"EDInstance":{"edInstanceClassName":[["Control","Applicative"],"Applicative"],"edInstanceName":{"Ident":"applicativeParAff"},"edInstanceTypes":[{"tag":"TypeApp","contents":[{"tag":"TypeConstructor","contents":[["Control","Monad","Aff"],"ParAff"]},{"tag":"TypeVar","contents":"e"}]}],"edInstanceConstraints":[]}},{"EDInstance":{"edInstanceClassName":[["Control","Alt"],"Alt"],"edInstanceName":{"Ident":"altParAff"},"edInstanceTypes":[{"tag":"TypeApp","contents":[{"tag":"TypeConstructor","contents":[["Control","Monad","Aff"],"ParAff"]},{"tag":"TypeVar","contents":"e"}]}],"edInstanceConstraints":[]}},{"EDInstance":{"edInstanceClassName":[["Control","Plus"],"Plus"],"edInstanceName":{"Ident":"plusParAff"},"edInstanceTypes":[{"tag":"TypeApp","contents":[{"tag":"TypeConstructor","contents":[["Control","Monad","Aff"],"ParAff"]},{"tag":"TypeVar","contents":"e"}]}],"edInstanceConstraints":[]}},{"EDInstance":{"edInstanceClassName":[["Control","Alternative"],"Alternative"],"edInstanceName":{"Ident":"alternativeParAff"},"edInstanceTypes":[{"tag":"TypeApp","contents":[{"tag":"TypeConstructor","contents":[["Control","Monad","Aff"],"ParAff"]},{"tag":"TypeVar","contents":"e"}]}],"edInstanceConstraints":[]}},{"EDInstance":{"edInstanceClassName":[["Control","Parallel","Class"],"Parallel"],"edInstanceName":{"Ident":"parallelParAff"},"edInstanceTypes":[{"tag":"TypeApp","contents":[{"tag":"TypeConstructor","contents":[["Control","Monad","Aff"],"ParAff"]},{"tag":"TypeVar","contents":"e"}]},{"tag":"TypeApp","contents":[{"tag":"TypeConstructor","contents":[["Control","Monad","Aff"],"Aff"]},{"tag":"TypeVar","contents":"e"}]}],"edInstanceConstraints":[]}}],"efSourceSpan":{"start":[1,1],"name":"E:\\practice\\haskell\\cube-rotation\\bower_components\\purescript-aff\\src\\Control\\Monad\\Aff.purs","end":[314,103]}}