{"efVersion":"0.11.7","efModuleName":["Data","Ord","Unsafe"],"efExports":[{"ValueRef":[{"start":[1,1],"name":"E:\\practice\\haskell\\cube-rotation\\bower_components\\purescript-prelude\\src\\Data\\Ord\\Unsafe.purs","end":[15,6]},{"Ident":"unsafeCompare"}]}],"efImports":[{"eiModule":["Prim"],"eiImportType":{"Implicit":[]},"eiImportedAs":["Prim"]},{"eiModule":["Prim"],"eiImportType":{"Implicit":[]},"eiImportedAs":null},{"eiModule":["Data","Ordering"],"eiImportType":{"Explicit":[{"TypeRef":[{"start":[3,23],"name":"E:\\practice\\haskell\\cube-rotation\\bower_components\\purescript-prelude\\src\\Data\\Ord\\Unsafe.purs","end":[3,35]},"Ordering",null]}]},"eiImportedAs":null}],"efFixities":[],"efTypeFixities":[],"efDeclarations":[{"EDValue":{"edValueName":{"Ident":"unsafeCompare"},"edValueType":{"tag":"ForAll","contents":["a",{"tag":"TypeApp","contents":[{"tag":"TypeApp","contents":[{"tag":"TypeConstructor","contents":[["Prim"],"Function"]},{"tag":"TypeVar","contents":"a"}]},{"tag":"TypeApp","contents":[{"tag":"TypeApp","contents":[{"tag":"TypeConstructor","contents":[["Prim"],"Function"]},{"tag":"TypeVar","contents":"a"}]},{"tag":"TypeConstructor","contents":[["Data","Ordering"],"Ordering"]}]}]},0]}}}],"efSourceSpan":{"start":[1,1],"name":"E:\\practice\\haskell\\cube-rotation\\bower_components\\purescript-prelude\\src\\Data\\Ord\\Unsafe.purs","end":[15,6]}}