{"efVersion":"0.11.7","efModuleName":["Data","Boolean"],"efExports":[{"ValueRef":[{"start":[1,1],"name":"E:\\practice\\haskell\\cube-rotation\\bower_components\\purescript-prelude\\src\\Data\\Boolean.purs","end":[10,13]},{"Ident":"otherwise"}]}],"efImports":[{"eiModule":["Prim"],"eiImportType":{"Implicit":[]},"eiImportedAs":["Prim"]},{"eiModule":["Prim"],"eiImportType":{"Implicit":[]},"eiImportedAs":null}],"efFixities":[],"efTypeFixities":[],"efDeclarations":[{"EDValue":{"edValueName":{"Ident":"otherwise"},"edValueType":{"tag":"TypeConstructor","contents":[["Prim"],"Boolean"]}}}],"efSourceSpan":{"start":[1,1],"name":"E:\\practice\\haskell\\cube-rotation\\bower_components\\purescript-prelude\\src\\Data\\Boolean.purs","end":[10,13]}}