{"efVersion":"0.11.7","efModuleName":["Control","Monad","Fork","Class"],"efExports":[{"ValueRef":[{"start":[1,1],"name":"E:\\practice\\haskell\\cube-rotation\\bower_components\\purescript-fork\\src\\Control\\Monad\\Fork\\Class.purs","end":[34,41]},{"Ident":"fork"}]},{"TypeClassRef":[{"start":[1,1],"name":"E:\\practice\\haskell\\cube-rotation\\bower_components\\purescript-fork\\src\\Control\\Monad\\Fork\\Class.purs","end":[34,41]},"MonadFork"]},{"TypeInstanceRef":[{"start":[0,0],"name":"<generated>","end":[0,0]},{"Ident":"monadForkAff"}]},{"TypeInstanceRef":[{"start":[0,0],"name":"<generated>","end":[0,0]},{"Ident":"monadForkReaderT"}]}],"efImports":[{"eiModule":["Prim"],"eiImportType":{"Implicit":[]},"eiImportedAs":["Prim"]},{"eiModule":["Prim"],"eiImportType":{"Implicit":[]},"eiImportedAs":null},{"eiModule":["Prelude"],"eiImportType":{"Implicit":[]},"eiImportedAs":null},{"eiModule":["Control","Monad","Aff"],"eiImportType":{"Implicit":[]},"eiImportedAs":["Aff"]},{"eiModule":["Control","Monad","Eff","Exception"],"eiImportType":{"Explicit":[{"TypeRef":[{"start":[22,37],"name":"E:\\practice\\haskell\\cube-rotation\\bower_components\\purescript-fork\\src\\Control\\Monad\\Fork\\Class.purs","end":[22,42]},"Error",[]]}]},"eiImportedAs":null},{"eiModule":["Control","Monad","Reader","Trans"],"eiImportType":{"Explicit":[{"TypeRef":[{"start":[23,36],"name":"E:\\practice\\haskell\\cube-rotation\\bower_components\\purescript-fork\\src\\Control\\Monad\\Fork\\Class.purs","end":[23,47]},"ReaderT",null]}]},"eiImportedAs":null},{"eiModule":["Control","Monad","Trans","Class"],"eiImportType":{"Explicit":[{"ValueRef":[{"start":[24,35],"name":"E:\\practice\\haskell\\cube-rotation\\bower_components\\purescript-fork\\src\\Control\\Monad\\Fork\\Class.purs","end":[24,39]},{"Ident":"lift"}]}]},"eiImportedAs":null}],"efFixities":[],"efTypeFixities":[],"efDeclarations":[{"EDValue":{"edValueName":{"Ident":"fork"},"edValueType":{"tag":"ForAll","contents":["e",{"tag":"ForAll","contents":["m",{"tag":"ForAll","contents":["a",{"tag":"ConstrainedType","contents":[{"constraintClass":[["Control","Monad","Fork","Class"],"MonadFork"],"constraintArgs":[{"tag":"TypeVar","contents":"e"},{"tag":"TypeVar","contents":"m"}],"constraintData":null},{"tag":"TypeApp","contents":[{"tag":"TypeApp","contents":[{"tag":"TypeConstructor","contents":[["Prim"],"Function"]},{"tag":"TypeApp","contents":[{"tag":"TypeVar","contents":"m"},{"tag":"TypeVar","contents":"a"}]}]},{"tag":"TypeApp","contents":[{"tag":"TypeVar","contents":"m"},{"tag":"TypeApp","contents":[{"tag":"TypeApp","contents":[{"tag":"TypeConstructor","contents":[["Prim"],"Function"]},{"tag":"TypeVar","contents":"e"}]},{"tag":"TypeApp","contents":[{"tag":"TypeVar","contents":"m"},{"tag":"TypeConstructor","contents":[["Prim"],"Boolean"]}]}]}]}]}]},15]},16]},17]}}},{"EDType":{"edTypeName":"MonadFork","edTypeKind":{"tag":"FunKind","contents":[{"tag":"NamedKind","contents":[["Prim"],"Type"]},{"tag":"FunKind","contents":[{"tag":"FunKind","contents":[{"tag":"NamedKind","contents":[["Prim"],"Type"]},{"tag":"NamedKind","contents":[["Prim"],"Type"]}]},{"tag":"NamedKind","contents":[["Prim"],"Type"]}]}]},"edTypeDeclarationKind":"TypeSynonym"}},{"EDTypeSynonym":{"edTypeSynonymName":"MonadFork","edTypeSynonymArguments":[["e",null],["m",null]],"edTypeSynonymType":{"tag":"TypeApp","contents":[{"tag":"TypeConstructor","contents":[["Prim"],"Record"]},{"tag":"RCons","contents":["fork",{"tag":"ForAll","contents":["a",{"tag":"TypeApp","contents":[{"tag":"TypeApp","contents":[{"tag":"TypeConstructor","contents":[["Prim"],"Function"]},{"tag":"TypeApp","contents":[{"tag":"TypeVar","contents":"m"},{"tag":"TypeVar","contents":"a"}]}]},{"tag":"TypeApp","contents":[{"tag":"TypeVar","contents":"m"},{"tag":"TypeApp","contents":[{"tag":"TypeApp","contents":[{"tag":"TypeConstructor","contents":[["Prim"],"Function"]},{"tag":"TypeVar","contents":"e"}]},{"tag":"TypeApp","contents":[{"tag":"TypeVar","contents":"m"},{"tag":"TypeConstructor","contents":[["Prim"],"Boolean"]}]}]}]}]},null]},{"tag":"RCons","contents":["Monad0",{"tag":"TypeApp","contents":[{"tag":"TypeApp","contents":[{"tag":"TypeConstructor","contents":[["Prim"],"Function"]},{"tag":"TypeApp","contents":[{"tag":"TypeConstructor","contents":[["Prim"],"Record"]},{"tag":"REmpty"}]}]},{"tag":"TypeApp","contents":[{"tag":"TypeConstructor","contents":[["Control","Monad"],"Monad"]},{"tag":"TypeVar","contents":"m"}]}]},{"tag":"REmpty"}]}]}]}}},{"EDClass":{"edClassName":"MonadFork","edClassTypeArguments":[["e",null],["m",null]],"edClassMembers":[[{"Ident":"fork"},{"tag":"ForAll","contents":["a",{"tag":"TypeApp","contents":[{"tag":"TypeApp","contents":[{"tag":"TypeConstructor","contents":[["Prim"],"Function"]},{"tag":"TypeApp","contents":[{"tag":"TypeVar","contents":"m"},{"tag":"TypeVar","contents":"a"}]}]},{"tag":"TypeApp","contents":[{"tag":"TypeVar","contents":"m"},{"tag":"TypeApp","contents":[{"tag":"TypeApp","contents":[{"tag":"TypeConstructor","contents":[["Prim"],"Function"]},{"tag":"TypeVar","contents":"e"}]},{"tag":"TypeApp","contents":[{"tag":"TypeVar","contents":"m"},{"tag":"TypeConstructor","contents":[["Prim"],"Boolean"]}]}]}]}]},null]}]],"edClassConstraints":[{"constraintClass":[["Control","Monad"],"Monad"],"constraintArgs":[{"tag":"TypeVar","contents":"m"}],"constraintData":null}],"edFunctionalDependencies":[{"determiners":[1],"determined":[0]}]}},{"EDInstance":{"edInstanceClassName":[["Control","Monad","Fork","Class"],"MonadFork"],"edInstanceName":{"Ident":"monadForkAff"},"edInstanceTypes":[{"tag":"TypeConstructor","contents":[["Control","Monad","Eff","Exception"],"Error"]},{"tag":"TypeApp","contents":[{"tag":"TypeConstructor","contents":[["Control","Monad","Aff"],"Aff"]},{"tag":"TypeVar","contents":"eff"}]}],"edInstanceConstraints":[]}},{"EDInstance":{"edInstanceClassName":[["Control","Monad","Fork","Class"],"MonadFork"],"edInstanceName":{"Ident":"monadForkReaderT"},"edInstanceTypes":[{"tag":"TypeVar","contents":"e"},{"tag":"TypeApp","contents":[{"tag":"TypeApp","contents":[{"tag":"TypeConstructor","contents":[["Control","Monad","Reader","Trans"],"ReaderT"]},{"tag":"TypeVar","contents":"r"}]},{"tag":"TypeVar","contents":"m"}]}],"edInstanceConstraints":[{"constraintClass":[["Control","Monad","Fork","Class"],"MonadFork"],"constraintArgs":[{"tag":"TypeVar","contents":"e"},{"tag":"TypeVar","contents":"m"}],"constraintData":null}]}}],"efSourceSpan":{"start":[1,1],"name":"E:\\practice\\haskell\\cube-rotation\\bower_components\\purescript-fork\\src\\Control\\Monad\\Fork\\Class.purs","end":[34,41]}}