{"efVersion":"0.11.7","efModuleName":["Control","Monad","Eff","Ref","Unsafe"],"efExports":[{"ValueRef":[{"start":[1,1],"name":"E:\\practice\\haskell\\cube-rotation\\bower_components\\purescript-refs\\src\\Control\\Monad\\Eff\\Ref\\Unsafe.purs","end":[16,16]},{"Ident":"unsafeRunRef"}]}],"efImports":[{"eiModule":["Prim"],"eiImportType":{"Implicit":[]},"eiImportedAs":["Prim"]},{"eiModule":["Prim"],"eiImportType":{"Implicit":[]},"eiImportedAs":null},{"eiModule":["Control","Monad","Eff"],"eiImportType":{"Explicit":[{"TypeRef":[{"start":[5,27],"name":"E:\\practice\\haskell\\cube-rotation\\bower_components\\purescript-refs\\src\\Control\\Monad\\Eff\\Ref\\Unsafe.purs","end":[5,30]},"Eff",[]]}]},"eiImportedAs":null},{"eiModule":["Control","Monad","Eff","Ref"],"eiImportType":{"Explicit":[{"TypeRef":[{"start":[6,31],"name":"E:\\practice\\haskell\\cube-rotation\\bower_components\\purescript-refs\\src\\Control\\Monad\\Eff\\Ref\\Unsafe.purs","end":[6,34]},"REF",[]]}]},"eiImportedAs":null},{"eiModule":["Control","Monad","Eff","Unsafe"],"eiImportType":{"Explicit":[{"ValueRef":[{"start":[7,34],"name":"E:\\practice\\haskell\\cube-rotation\\bower_components\\purescript-refs\\src\\Control\\Monad\\Eff\\Ref\\Unsafe.purs","end":[7,49]},{"Ident":"unsafeCoerceEff"}]}]},"eiImportedAs":null}],"efFixities":[],"efTypeFixities":[],"efDeclarations":[{"EDValue":{"edValueName":{"Ident":"unsafeRunRef"},"edValueType":{"tag":"ForAll","contents":["a",{"tag":"ForAll","contents":["eff",{"tag":"TypeApp","contents":[{"tag":"TypeApp","contents":[{"tag":"TypeConstructor","contents":[["Prim"],"Function"]},{"tag":"TypeApp","contents":[{"tag":"TypeApp","contents":[{"tag":"TypeConstructor","contents":[["Control","Monad","Eff"],"Eff"]},{"tag":"RCons","contents":["ref",{"tag":"TypeConstructor","contents":[["Control","Monad","Eff","Ref"],"REF"]},{"tag":"TypeVar","contents":"eff"}]}]},{"tag":"TypeVar","contents":"a"}]}]},{"tag":"TypeApp","contents":[{"tag":"TypeApp","contents":[{"tag":"TypeConstructor","contents":[["Control","Monad","Eff"],"Eff"]},{"tag":"TypeVar","contents":"eff"}]},{"tag":"TypeVar","contents":"a"}]}]},0]},1]}}}],"efSourceSpan":{"start":[1,1],"name":"E:\\practice\\haskell\\cube-rotation\\bower_components\\purescript-refs\\src\\Control\\Monad\\Eff\\Ref\\Unsafe.purs","end":[16,16]}}