{"efVersion":"0.11.7","efModuleName":["Data","CatList"],"efExports":[{"TypeRef":[{"start":[1,1],"name":"E:\\practice\\haskell\\cube-rotation\\bower_components\\purescript-catenable-lists\\src\\Data\\CatList.purs","end":[203,40]},"CatList",["CatNil","CatCons"]]},{"ValueRef":[{"start":[1,1],"name":"E:\\practice\\haskell\\cube-rotation\\bower_components\\purescript-catenable-lists\\src\\Data\\CatList.purs","end":[203,40]},{"Ident":"empty"}]},{"ValueRef":[{"start":[1,1],"name":"E:\\practice\\haskell\\cube-rotation\\bower_components\\purescript-catenable-lists\\src\\Data\\CatList.purs","end":[203,40]},{"Ident":"null"}]},{"ValueRef":[{"start":[1,1],"name":"E:\\practice\\haskell\\cube-rotation\\bower_components\\purescript-catenable-lists\\src\\Data\\CatList.purs","end":[203,40]},{"Ident":"append"}]},{"ValueRef":[{"start":[1,1],"name":"E:\\practice\\haskell\\cube-rotation\\bower_components\\purescript-catenable-lists\\src\\Data\\CatList.purs","end":[203,40]},{"Ident":"cons"}]},{"ValueRef":[{"start":[1,1],"name":"E:\\practice\\haskell\\cube-rotation\\bower_components\\purescript-catenable-lists\\src\\Data\\CatList.purs","end":[203,40]},{"Ident":"snoc"}]},{"ValueRef":[{"start":[1,1],"name":"E:\\practice\\haskell\\cube-rotation\\bower_components\\purescript-catenable-lists\\src\\Data\\CatList.purs","end":[203,40]},{"Ident":"uncons"}]},{"ValueRef":[{"start":[1,1],"name":"E:\\practice\\haskell\\cube-rotation\\bower_components\\purescript-catenable-lists\\src\\Data\\CatList.purs","end":[203,40]},{"Ident":"fromFoldable"}]},{"TypeInstanceRef":[{"start":[0,0],"name":"<generated>","end":[0,0]},{"Ident":"semigroupCatList"}]},{"TypeInstanceRef":[{"start":[0,0],"name":"<generated>","end":[0,0]},{"Ident":"monoidCatList"}]},{"TypeInstanceRef":[{"start":[0,0],"name":"<generated>","end":[0,0]},{"Ident":"showCatList"}]},{"TypeInstanceRef":[{"start":[0,0],"name":"<generated>","end":[0,0]},{"Ident":"foldableCatList"}]},{"TypeInstanceRef":[{"start":[0,0],"name":"<generated>","end":[0,0]},{"Ident":"unfoldableCatList"}]},{"TypeInstanceRef":[{"start":[0,0],"name":"<generated>","end":[0,0]},{"Ident":"traversableCatList"}]},{"TypeInstanceRef":[{"start":[0,0],"name":"<generated>","end":[0,0]},{"Ident":"functorCatList"}]},{"TypeInstanceRef":[{"start":[0,0],"name":"<generated>","end":[0,0]},{"Ident":"applyCatList"}]},{"TypeInstanceRef":[{"start":[0,0],"name":"<generated>","end":[0,0]},{"Ident":"applicativeCatList"}]},{"TypeInstanceRef":[{"start":[0,0],"name":"<generated>","end":[0,0]},{"Ident":"bindCatList"}]},{"TypeInstanceRef":[{"start":[0,0],"name":"<generated>","end":[0,0]},{"Ident":"monadCatList"}]},{"TypeInstanceRef":[{"start":[0,0],"name":"<generated>","end":[0,0]},{"Ident":"altCatList"}]},{"TypeInstanceRef":[{"start":[0,0],"name":"<generated>","end":[0,0]},{"Ident":"plusCatList"}]},{"TypeInstanceRef":[{"start":[0,0],"name":"<generated>","end":[0,0]},{"Ident":"alternativeCatList"}]},{"TypeInstanceRef":[{"start":[0,0],"name":"<generated>","end":[0,0]},{"Ident":"monadZeroCatList"}]},{"TypeInstanceRef":[{"start":[0,0],"name":"<generated>","end":[0,0]},{"Ident":"monadPlusCatList"}]}],"efImports":[{"eiModule":["Prim"],"eiImportType":{"Implicit":[]},"eiImportedAs":["Prim"]},{"eiModule":["Prim"],"eiImportType":{"Implicit":[]},"eiImportedAs":null},{"eiModule":["Data","CatQueue"],"eiImportType":{"Implicit":[]},"eiImportedAs":["Q"]},{"eiModule":["Data","Foldable"],"eiImportType":{"Implicit":[]},"eiImportedAs":["Foldable"]},{"eiModule":["Data","List"],"eiImportType":{"Implicit":[]},"eiImportedAs":["L"]},{"eiModule":["Control","Alt"],"eiImportType":{"Explicit":[{"TypeClassRef":[{"start":[23,21],"name":"E:\\practice\\haskell\\cube-rotation\\bower_components\\purescript-catenable-lists\\src\\Data\\CatList.purs","end":[23,30]},"Alt"]}]},"eiImportedAs":null},{"eiModule":["Control","Alternative"],"eiImportType":{"Explicit":[{"TypeClassRef":[{"start":[24,29],"name":"E:\\practice\\haskell\\cube-rotation\\bower_components\\purescript-catenable-lists\\src\\Data\\CatList.purs","end":[24,46]},"Alternative"]}]},"eiImportedAs":null},{"eiModule":["Control","Applicative"],"eiImportType":{"Explicit":[{"ValueRef":[{"start":[25,29],"name":"E:\\practice\\haskell\\cube-rotation\\bower_components\\purescript-catenable-lists\\src\\Data\\CatList.purs","end":[25,33]},{"Ident":"pure"}]},{"TypeClassRef":[{"start":[25,35],"name":"E:\\practice\\haskell\\cube-rotation\\bower_components\\purescript-catenable-lists\\src\\Data\\CatList.purs","end":[25,52]},"Applicative"]}]},"eiImportedAs":null},{"eiModule":["Control","Apply"],"eiImportType":{"Explicit":[{"ValueOpRef":[{"start":[26,23],"name":"E:\\practice\\haskell\\cube-rotation\\bower_components\\purescript-catenable-lists\\src\\Data\\CatList.purs","end":[26,28]},"<*>"]},{"TypeClassRef":[{"start":[26,30],"name":"E:\\practice\\haskell\\cube-rotation\\bower_components\\purescript-catenable-lists\\src\\Data\\CatList.purs","end":[26,41]},"Apply"]}]},"eiImportedAs":null},{"eiModule":["Control","Bind"],"eiImportType":{"Explicit":[{"TypeClassRef":[{"start":[27,22],"name":"E:\\practice\\haskell\\cube-rotation\\bower_components\\purescript-catenable-lists\\src\\Data\\CatList.purs","end":[27,32]},"Bind"]}]},"eiImportedAs":null},{"eiModule":["Control","Monad"],"eiImportType":{"Explicit":[{"ValueRef":[{"start":[28,23],"name":"E:\\practice\\haskell\\cube-rotation\\bower_components\\purescript-catenable-lists\\src\\Data\\CatList.purs","end":[28,25]},{"Ident":"ap"}]},{"TypeClassRef":[{"start":[28,27],"name":"E:\\practice\\haskell\\cube-rotation\\bower_components\\purescript-catenable-lists\\src\\Data\\CatList.purs","end":[28,38]},"Monad"]}]},"eiImportedAs":null},{"eiModule":["Control","MonadPlus"],"eiImportType":{"Explicit":[{"TypeClassRef":[{"start":[29,27],"name":"E:\\practice\\haskell\\cube-rotation\\bower_components\\purescript-catenable-lists\\src\\Data\\CatList.purs","end":[29,42]},"MonadPlus"]}]},"eiImportedAs":null},{"eiModule":["Control","MonadZero"],"eiImportType":{"Explicit":[{"TypeClassRef":[{"start":[30,27],"name":"E:\\practice\\haskell\\cube-rotation\\bower_components\\purescript-catenable-lists\\src\\Data\\CatList.purs","end":[30,42]},"MonadZero"]}]},"eiImportedAs":null},{"eiModule":["Control","Plus"],"eiImportType":{"Explicit":[{"TypeClassRef":[{"start":[31,22],"name":"E:\\practice\\haskell\\cube-rotation\\bower_components\\purescript-catenable-lists\\src\\Data\\CatList.purs","end":[31,32]},"Plus"]}]},"eiImportedAs":null},{"eiModule":["Data","Foldable"],"eiImportType":{"Explicit":[{"TypeClassRef":[{"start":[32,23],"name":"E:\\practice\\haskell\\cube-rotation\\bower_components\\purescript-catenable-lists\\src\\Data\\CatList.purs","end":[32,37]},"Foldable"]}]},"eiImportedAs":null},{"eiModule":["Data","Function"],"eiImportType":{"Explicit":[{"ValueRef":[{"start":[33,23],"name":"E:\\practice\\haskell\\cube-rotation\\bower_components\\purescript-catenable-lists\\src\\Data\\CatList.purs","end":[33,27]},{"Ident":"flip"}]}]},"eiImportedAs":null},{"eiModule":["Data","Functor"],"eiImportType":{"Explicit":[{"ValueOpRef":[{"start":[34,22],"name":"E:\\practice\\haskell\\cube-rotation\\bower_components\\purescript-catenable-lists\\src\\Data\\CatList.purs","end":[34,27]},"<$>"]},{"TypeClassRef":[{"start":[34,29],"name":"E:\\practice\\haskell\\cube-rotation\\bower_components\\purescript-catenable-lists\\src\\Data\\CatList.purs","end":[34,42]},"Functor"]}]},"eiImportedAs":null},{"eiModule":["Data","Maybe"],"eiImportType":{"Explicit":[{"TypeRef":[{"start":[35,20],"name":"E:\\practice\\haskell\\cube-rotation\\bower_components\\purescript-catenable-lists\\src\\Data\\CatList.purs","end":[35,29]},"Maybe",null]}]},"eiImportedAs":null},{"eiModule":["Data","Monoid"],"eiImportType":{"Explicit":[{"ValueRef":[{"start":[36,21],"name":"E:\\practice\\haskell\\cube-rotation\\bower_components\\purescript-catenable-lists\\src\\Data\\CatList.purs","end":[36,27]},{"Ident":"mempty"}]},{"TypeClassRef":[{"start":[36,29],"name":"E:\\practice\\haskell\\cube-rotation\\bower_components\\purescript-catenable-lists\\src\\Data\\CatList.purs","end":[36,41]},"Monoid"]}]},"eiImportedAs":null},{"eiModule":["Data","NaturalTransformation"],"eiImportType":{"Explicit":[{"TypeOpRef":[{"start":[37,36],"name":"E:\\practice\\haskell\\cube-rotation\\bower_components\\purescript-catenable-lists\\src\\Data\\CatList.purs","end":[37,45]},"~>"]}]},"eiImportedAs":null},{"eiModule":["Data","Semigroup"],"eiImportType":{"Explicit":[{"TypeClassRef":[{"start":[38,24],"name":"E:\\practice\\haskell\\cube-rotation\\bower_components\\purescript-catenable-lists\\src\\Data\\CatList.purs","end":[38,39]},"Semigroup"]},{"ValueOpRef":[{"start":[38,41],"name":"E:\\practice\\haskell\\cube-rotation\\bower_components\\purescript-catenable-lists\\src\\Data\\CatList.purs","end":[38,45]},"<>"]}]},"eiImportedAs":null},{"eiModule":["Data","Show"],"eiImportType":{"Explicit":[{"TypeClassRef":[{"start":[39,19],"name":"E:\\practice\\haskell\\cube-rotation\\bower_components\\purescript-catenable-lists\\src\\Data\\CatList.purs","end":[39,29]},"Show"]},{"ValueRef":[{"start":[39,31],"name":"E:\\practice\\haskell\\cube-rotation\\bower_components\\purescript-catenable-lists\\src\\Data\\CatList.purs","end":[39,35]},{"Ident":"show"}]}]},"eiImportedAs":null},{"eiModule":["Data","Traversable"],"eiImportType":{"Explicit":[{"ValueRef":[{"start":[40,26],"name":"E:\\practice\\haskell\\cube-rotation\\bower_components\\purescript-catenable-lists\\src\\Data\\CatList.purs","end":[40,34]},{"Ident":"sequence"}]},{"ValueRef":[{"start":[40,36],"name":"E:\\practice\\haskell\\cube-rotation\\bower_components\\purescript-catenable-lists\\src\\Data\\CatList.purs","end":[40,44]},{"Ident":"traverse"}]},{"TypeClassRef":[{"start":[40,46],"name":"E:\\practice\\haskell\\cube-rotation\\bower_components\\purescript-catenable-lists\\src\\Data\\CatList.purs","end":[40,63]},"Traversable"]}]},"eiImportedAs":null},{"eiModule":["Data","Tuple"],"eiImportType":{"Explicit":[{"TypeRef":[{"start":[41,20],"name":"E:\\practice\\haskell\\cube-rotation\\bower_components\\purescript-catenable-lists\\src\\Data\\CatList.purs","end":[41,29]},"Tuple",null]}]},"eiImportedAs":null},{"eiModule":["Data","Unfoldable"],"eiImportType":{"Explicit":[{"TypeClassRef":[{"start":[42,25],"name":"E:\\practice\\haskell\\cube-rotation\\bower_components\\purescript-catenable-lists\\src\\Data\\CatList.purs","end":[42,41]},"Unfoldable"]}]},"eiImportedAs":null}],"efFixities":[],"efTypeFixities":[],"efDeclarations":[{"EDType":{"edTypeName":"CatList","edTypeKind":{"tag":"FunKind","contents":[{"tag":"NamedKind","contents":[["Prim"],"Type"]},{"tag":"NamedKind","contents":[["Prim"],"Type"]}]},"edTypeDeclarationKind":{"DataType":{"args":[["a",{"tag":"NamedKind","contents":[["Prim"],"Type"]}]],"ctors":[["CatNil",[]],["CatCons",[{"tag":"TypeVar","contents":"a"},{"tag":"TypeApp","contents":[{"tag":"TypeConstructor","contents":[["Data","CatQueue"],"CatQueue"]},{"tag":"TypeApp","contents":[{"tag":"TypeConstructor","contents":[["Data","CatList"],"CatList"]},{"tag":"TypeVar","contents":"a"}]}]}]]]}}}},{"EDDataConstructor":{"edDataCtorName":"CatNil","edDataCtorOrigin":"data","edDataCtorTypeCtor":"CatList","edDataCtorType":{"tag":"ForAll","contents":["a",{"tag":"TypeApp","contents":[{"tag":"TypeConstructor","contents":[["Data","CatList"],"CatList"]},{"tag":"TypeVar","contents":"a"}]},null]},"edDataCtorFields":[]}},{"EDDataConstructor":{"edDataCtorName":"CatCons","edDataCtorOrigin":"data","edDataCtorTypeCtor":"CatList","edDataCtorType":{"tag":"ForAll","contents":["a",{"tag":"TypeApp","contents":[{"tag":"TypeApp","contents":[{"tag":"TypeConstructor","contents":[["Prim"],"Function"]},{"tag":"TypeVar","contents":"a"}]},{"tag":"TypeApp","contents":[{"tag":"TypeApp","contents":[{"tag":"TypeConstructor","contents":[["Prim"],"Function"]},{"tag":"TypeApp","contents":[{"tag":"TypeConstructor","contents":[["Data","CatQueue"],"CatQueue"]},{"tag":"TypeApp","contents":[{"tag":"TypeConstructor","contents":[["Data","CatList"],"CatList"]},{"tag":"TypeVar","contents":"a"}]}]}]},{"tag":"TypeApp","contents":[{"tag":"TypeConstructor","contents":[["Data","CatList"],"CatList"]},{"tag":"TypeVar","contents":"a"}]}]}]},null]},"edDataCtorFields":[{"Ident":"value0"},{"Ident":"value1"}]}},{"EDValue":{"edValueName":{"Ident":"empty"},"edValueType":{"tag":"ForAll","contents":["a",{"tag":"TypeApp","contents":[{"tag":"TypeConstructor","contents":[["Data","CatList"],"CatList"]},{"tag":"TypeVar","contents":"a"}]},94]}}},{"EDValue":{"edValueName":{"Ident":"null"},"edValueType":{"tag":"ForAll","contents":["a",{"tag":"TypeApp","contents":[{"tag":"TypeApp","contents":[{"tag":"TypeConstructor","contents":[["Prim"],"Function"]},{"tag":"TypeApp","contents":[{"tag":"TypeConstructor","contents":[["Data","CatList"],"CatList"]},{"tag":"TypeVar","contents":"a"}]}]},{"tag":"TypeConstructor","contents":[["Prim"],"Boolean"]}]},2]}}},{"EDValue":{"edValueName":{"Ident":"append"},"edValueType":{"tag":"ForAll","contents":["a",{"tag":"TypeApp","contents":[{"tag":"TypeApp","contents":[{"tag":"TypeConstructor","contents":[["Prim"],"Function"]},{"tag":"TypeApp","contents":[{"tag":"TypeConstructor","contents":[["Data","CatList"],"CatList"]},{"tag":"TypeVar","contents":"a"}]}]},{"tag":"TypeApp","contents":[{"tag":"TypeApp","contents":[{"tag":"TypeConstructor","contents":[["Prim"],"Function"]},{"tag":"TypeApp","contents":[{"tag":"TypeConstructor","contents":[["Data","CatList"],"CatList"]},{"tag":"TypeVar","contents":"a"}]}]},{"tag":"TypeApp","contents":[{"tag":"TypeConstructor","contents":[["Data","CatList"],"CatList"]},{"tag":"TypeVar","contents":"a"}]}]}]},116]}}},{"EDValue":{"edValueName":{"Ident":"cons"},"edValueType":{"tag":"ForAll","contents":["a",{"tag":"TypeApp","contents":[{"tag":"TypeApp","contents":[{"tag":"TypeConstructor","contents":[["Prim"],"Function"]},{"tag":"TypeVar","contents":"a"}]},{"tag":"TypeApp","contents":[{"tag":"TypeApp","contents":[{"tag":"TypeConstructor","contents":[["Prim"],"Function"]},{"tag":"TypeApp","contents":[{"tag":"TypeConstructor","contents":[["Data","CatList"],"CatList"]},{"tag":"TypeVar","contents":"a"}]}]},{"tag":"TypeApp","contents":[{"tag":"TypeConstructor","contents":[["Data","CatList"],"CatList"]},{"tag":"TypeVar","contents":"a"}]}]}]},118]}}},{"EDValue":{"edValueName":{"Ident":"snoc"},"edValueType":{"tag":"ForAll","contents":["a",{"tag":"TypeApp","contents":[{"tag":"TypeApp","contents":[{"tag":"TypeConstructor","contents":[["Prim"],"Function"]},{"tag":"TypeApp","contents":[{"tag":"TypeConstructor","contents":[["Data","CatList"],"CatList"]},{"tag":"TypeVar","contents":"a"}]}]},{"tag":"TypeApp","contents":[{"tag":"TypeApp","contents":[{"tag":"TypeConstructor","contents":[["Prim"],"Function"]},{"tag":"TypeVar","contents":"a"}]},{"tag":"TypeApp","contents":[{"tag":"TypeConstructor","contents":[["Data","CatList"],"CatList"]},{"tag":"TypeVar","contents":"a"}]}]}]},167]}}},{"EDValue":{"edValueName":{"Ident":"uncons"},"edValueType":{"tag":"ForAll","contents":["a",{"tag":"TypeApp","contents":[{"tag":"TypeApp","contents":[{"tag":"TypeConstructor","contents":[["Prim"],"Function"]},{"tag":"TypeApp","contents":[{"tag":"TypeConstructor","contents":[["Data","CatList"],"CatList"]},{"tag":"TypeVar","contents":"a"}]}]},{"tag":"TypeApp","contents":[{"tag":"TypeConstructor","contents":[["Data","Maybe"],"Maybe"]},{"tag":"TypeApp","contents":[{"tag":"TypeApp","contents":[{"tag":"TypeConstructor","contents":[["Data","Tuple"],"Tuple"]},{"tag":"TypeVar","contents":"a"}]},{"tag":"TypeApp","contents":[{"tag":"TypeConstructor","contents":[["Data","CatList"],"CatList"]},{"tag":"TypeVar","contents":"a"}]}]}]}]},71]}}},{"EDValue":{"edValueName":{"Ident":"fromFoldable"},"edValueType":{"tag":"ForAll","contents":["f",{"tag":"ConstrainedType","contents":[{"constraintClass":[["Data","Foldable"],"Foldable"],"constraintArgs":[{"tag":"TypeVar","contents":"f"}],"constraintData":null},{"tag":"ForAll","contents":["a",{"tag":"TypeApp","contents":[{"tag":"TypeApp","contents":[{"tag":"TypeConstructor","contents":[["Prim"],"Function"]},{"tag":"TypeApp","contents":[{"tag":"TypeVar","contents":"f"},{"tag":"TypeVar","contents":"a"}]}]},{"tag":"TypeApp","contents":[{"tag":"TypeConstructor","contents":[["Data","CatList"],"CatList"]},{"tag":"TypeVar","contents":"a"}]}]},141]}]},142]}}},{"EDInstance":{"edInstanceClassName":[["Data","Semigroup"],"Semigroup"],"edInstanceName":{"Ident":"semigroupCatList"},"edInstanceTypes":[{"tag":"TypeApp","contents":[{"tag":"TypeConstructor","contents":[["Data","CatList"],"CatList"]},{"tag":"TypeVar","contents":"a"}]}],"edInstanceConstraints":[]}},{"EDInstance":{"edInstanceClassName":[["Data","Monoid"],"Monoid"],"edInstanceName":{"Ident":"monoidCatList"},"edInstanceTypes":[{"tag":"TypeApp","contents":[{"tag":"TypeConstructor","contents":[["Data","CatList"],"CatList"]},{"tag":"TypeVar","contents":"a"}]}],"edInstanceConstraints":[]}},{"EDInstance":{"edInstanceClassName":[["Data","Show"],"Show"],"edInstanceName":{"Ident":"showCatList"},"edInstanceTypes":[{"tag":"TypeApp","contents":[{"tag":"TypeConstructor","contents":[["Data","CatList"],"CatList"]},{"tag":"TypeVar","contents":"a"}]}],"edInstanceConstraints":[{"constraintClass":[["Data","Show"],"Show"],"constraintArgs":[{"tag":"TypeVar","contents":"a"}],"constraintData":null}]}},{"EDInstance":{"edInstanceClassName":[["Data","Foldable"],"Foldable"],"edInstanceName":{"Ident":"foldableCatList"},"edInstanceTypes":[{"tag":"TypeConstructor","contents":[["Data","CatList"],"CatList"]}],"edInstanceConstraints":[]}},{"EDInstance":{"edInstanceClassName":[["Data","Unfoldable"],"Unfoldable"],"edInstanceName":{"Ident":"unfoldableCatList"},"edInstanceTypes":[{"tag":"TypeConstructor","contents":[["Data","CatList"],"CatList"]}],"edInstanceConstraints":[]}},{"EDInstance":{"edInstanceClassName":[["Data","Traversable"],"Traversable"],"edInstanceName":{"Ident":"traversableCatList"},"edInstanceTypes":[{"tag":"TypeConstructor","contents":[["Data","CatList"],"CatList"]}],"edInstanceConstraints":[]}},{"EDInstance":{"edInstanceClassName":[["Data","Functor"],"Functor"],"edInstanceName":{"Ident":"functorCatList"},"edInstanceTypes":[{"tag":"TypeConstructor","contents":[["Data","CatList"],"CatList"]}],"edInstanceConstraints":[]}},{"EDInstance":{"edInstanceClassName":[["Control","Apply"],"Apply"],"edInstanceName":{"Ident":"applyCatList"},"edInstanceTypes":[{"tag":"TypeConstructor","contents":[["Data","CatList"],"CatList"]}],"edInstanceConstraints":[]}},{"EDInstance":{"edInstanceClassName":[["Control","Applicative"],"Applicative"],"edInstanceName":{"Ident":"applicativeCatList"},"edInstanceTypes":[{"tag":"TypeConstructor","contents":[["Data","CatList"],"CatList"]}],"edInstanceConstraints":[]}},{"EDInstance":{"edInstanceClassName":[["Control","Bind"],"Bind"],"edInstanceName":{"Ident":"bindCatList"},"edInstanceTypes":[{"tag":"TypeConstructor","contents":[["Data","CatList"],"CatList"]}],"edInstanceConstraints":[]}},{"EDInstance":{"edInstanceClassName":[["Control","Monad"],"Monad"],"edInstanceName":{"Ident":"monadCatList"},"edInstanceTypes":[{"tag":"TypeConstructor","contents":[["Data","CatList"],"CatList"]}],"edInstanceConstraints":[]}},{"EDInstance":{"edInstanceClassName":[["Control","Alt"],"Alt"],"edInstanceName":{"Ident":"altCatList"},"edInstanceTypes":[{"tag":"TypeConstructor","contents":[["Data","CatList"],"CatList"]}],"edInstanceConstraints":[]}},{"EDInstance":{"edInstanceClassName":[["Control","Plus"],"Plus"],"edInstanceName":{"Ident":"plusCatList"},"edInstanceTypes":[{"tag":"TypeConstructor","contents":[["Data","CatList"],"CatList"]}],"edInstanceConstraints":[]}},{"EDInstance":{"edInstanceClassName":[["Control","Alternative"],"Alternative"],"edInstanceName":{"Ident":"alternativeCatList"},"edInstanceTypes":[{"tag":"TypeConstructor","contents":[["Data","CatList"],"CatList"]}],"edInstanceConstraints":[]}},{"EDInstance":{"edInstanceClassName":[["Control","MonadZero"],"MonadZero"],"edInstanceName":{"Ident":"monadZeroCatList"},"edInstanceTypes":[{"tag":"TypeConstructor","contents":[["Data","CatList"],"CatList"]}],"edInstanceConstraints":[]}},{"EDInstance":{"edInstanceClassName":[["Control","MonadPlus"],"MonadPlus"],"edInstanceName":{"Ident":"monadPlusCatList"},"edInstanceTypes":[{"tag":"TypeConstructor","contents":[["Data","CatList"],"CatList"]}],"edInstanceConstraints":[]}}],"efSourceSpan":{"start":[1,1],"name":"E:\\practice\\haskell\\cube-rotation\\bower_components\\purescript-catenable-lists\\src\\Data\\CatList.purs","end":[203,40]}}