{"efVersion":"0.11.7","efModuleName":["Control","Coroutine"],"efExports":[{"TypeRef":[{"start":[1,1],"name":"E:\\practice\\haskell\\cube-rotation\\bower_components\\purescript-coroutines\\src\\Control\\Coroutine.purs","end":[261,27]},"Co",[]]},{"TypeRef":[{"start":[1,1],"name":"E:\\practice\\haskell\\cube-rotation\\bower_components\\purescript-coroutines\\src\\Control\\Coroutine.purs","end":[261,27]},"Process",[]]},{"ValueRef":[{"start":[1,1],"name":"E:\\practice\\haskell\\cube-rotation\\bower_components\\purescript-coroutines\\src\\Control\\Coroutine.purs","end":[261,27]},{"Ident":"loop"}]},{"ValueRef":[{"start":[1,1],"name":"E:\\practice\\haskell\\cube-rotation\\bower_components\\purescript-coroutines\\src\\Control\\Coroutine.purs","end":[261,27]},{"Ident":"runProcess"}]},{"ValueRef":[{"start":[1,1],"name":"E:\\practice\\haskell\\cube-rotation\\bower_components\\purescript-coroutines\\src\\Control\\Coroutine.purs","end":[261,27]},{"Ident":"fuseWith"}]},{"ValueRef":[{"start":[1,1],"name":"E:\\practice\\haskell\\cube-rotation\\bower_components\\purescript-coroutines\\src\\Control\\Coroutine.purs","end":[261,27]},{"Ident":"fuseWithL"}]},{"TypeRef":[{"start":[1,1],"name":"E:\\practice\\haskell\\cube-rotation\\bower_components\\purescript-coroutines\\src\\Control\\Coroutine.purs","end":[261,27]},"Emit",["Emit"]]},{"TypeRef":[{"start":[1,1],"name":"E:\\practice\\haskell\\cube-rotation\\bower_components\\purescript-coroutines\\src\\Control\\Coroutine.purs","end":[261,27]},"Producer",[]]},{"ValueRef":[{"start":[1,1],"name":"E:\\practice\\haskell\\cube-rotation\\bower_components\\purescript-coroutines\\src\\Control\\Coroutine.purs","end":[261,27]},{"Ident":"emit"}]},{"ValueRef":[{"start":[1,1],"name":"E:\\practice\\haskell\\cube-rotation\\bower_components\\purescript-coroutines\\src\\Control\\Coroutine.purs","end":[261,27]},{"Ident":"producer"}]},{"TypeRef":[{"start":[1,1],"name":"E:\\practice\\haskell\\cube-rotation\\bower_components\\purescript-coroutines\\src\\Control\\Coroutine.purs","end":[261,27]},"Await",["Await"]]},{"TypeRef":[{"start":[1,1],"name":"E:\\practice\\haskell\\cube-rotation\\bower_components\\purescript-coroutines\\src\\Control\\Coroutine.purs","end":[261,27]},"Consumer",[]]},{"ValueRef":[{"start":[1,1],"name":"E:\\practice\\haskell\\cube-rotation\\bower_components\\purescript-coroutines\\src\\Control\\Coroutine.purs","end":[261,27]},{"Ident":"await"}]},{"ValueRef":[{"start":[1,1],"name":"E:\\practice\\haskell\\cube-rotation\\bower_components\\purescript-coroutines\\src\\Control\\Coroutine.purs","end":[261,27]},{"Ident":"consumer"}]},{"TypeRef":[{"start":[1,1],"name":"E:\\practice\\haskell\\cube-rotation\\bower_components\\purescript-coroutines\\src\\Control\\Coroutine.purs","end":[261,27]},"Transform",["Transform"]]},{"TypeRef":[{"start":[1,1],"name":"E:\\practice\\haskell\\cube-rotation\\bower_components\\purescript-coroutines\\src\\Control\\Coroutine.purs","end":[261,27]},"Transformer",[]]},{"ValueRef":[{"start":[1,1],"name":"E:\\practice\\haskell\\cube-rotation\\bower_components\\purescript-coroutines\\src\\Control\\Coroutine.purs","end":[261,27]},{"Ident":"transform"}]},{"TypeRef":[{"start":[1,1],"name":"E:\\practice\\haskell\\cube-rotation\\bower_components\\purescript-coroutines\\src\\Control\\Coroutine.purs","end":[261,27]},"CoTransform",["CoTransform"]]},{"TypeRef":[{"start":[1,1],"name":"E:\\practice\\haskell\\cube-rotation\\bower_components\\purescript-coroutines\\src\\Control\\Coroutine.purs","end":[261,27]},"CoTransformer",[]]},{"ValueRef":[{"start":[1,1],"name":"E:\\practice\\haskell\\cube-rotation\\bower_components\\purescript-coroutines\\src\\Control\\Coroutine.purs","end":[261,27]},{"Ident":"cotransform"}]},{"ValueRef":[{"start":[1,1],"name":"E:\\practice\\haskell\\cube-rotation\\bower_components\\purescript-coroutines\\src\\Control\\Coroutine.purs","end":[261,27]},{"Ident":"connect"}]},{"ValueOpRef":[{"start":[1,1],"name":"E:\\practice\\haskell\\cube-rotation\\bower_components\\purescript-coroutines\\src\\Control\\Coroutine.purs","end":[261,27]},"$$"]},{"ValueRef":[{"start":[1,1],"name":"E:\\practice\\haskell\\cube-rotation\\bower_components\\purescript-coroutines\\src\\Control\\Coroutine.purs","end":[261,27]},{"Ident":"pullFrom"}]},{"ValueRef":[{"start":[1,1],"name":"E:\\practice\\haskell\\cube-rotation\\bower_components\\purescript-coroutines\\src\\Control\\Coroutine.purs","end":[261,27]},{"Ident":"transformProducer"}]},{"ValueOpRef":[{"start":[1,1],"name":"E:\\practice\\haskell\\cube-rotation\\bower_components\\purescript-coroutines\\src\\Control\\Coroutine.purs","end":[261,27]},"$~"]},{"ValueRef":[{"start":[1,1],"name":"E:\\practice\\haskell\\cube-rotation\\bower_components\\purescript-coroutines\\src\\Control\\Coroutine.purs","end":[261,27]},{"Ident":"transformConsumer"}]},{"ValueOpRef":[{"start":[1,1],"name":"E:\\practice\\haskell\\cube-rotation\\bower_components\\purescript-coroutines\\src\\Control\\Coroutine.purs","end":[261,27]},"~$"]},{"ValueRef":[{"start":[1,1],"name":"E:\\practice\\haskell\\cube-rotation\\bower_components\\purescript-coroutines\\src\\Control\\Coroutine.purs","end":[261,27]},{"Ident":"composeTransformers"}]},{"ValueOpRef":[{"start":[1,1],"name":"E:\\practice\\haskell\\cube-rotation\\bower_components\\purescript-coroutines\\src\\Control\\Coroutine.purs","end":[261,27]},"~~"]},{"ValueRef":[{"start":[1,1],"name":"E:\\practice\\haskell\\cube-rotation\\bower_components\\purescript-coroutines\\src\\Control\\Coroutine.purs","end":[261,27]},{"Ident":"composeCoTransformers"}]},{"ValueRef":[{"start":[1,1],"name":"E:\\practice\\haskell\\cube-rotation\\bower_components\\purescript-coroutines\\src\\Control\\Coroutine.purs","end":[261,27]},{"Ident":"fuseCoTransform"}]},{"ValueRef":[{"start":[1,1],"name":"E:\\practice\\haskell\\cube-rotation\\bower_components\\purescript-coroutines\\src\\Control\\Coroutine.purs","end":[261,27]},{"Ident":"transformCoTransformL"}]},{"ValueRef":[{"start":[1,1],"name":"E:\\practice\\haskell\\cube-rotation\\bower_components\\purescript-coroutines\\src\\Control\\Coroutine.purs","end":[261,27]},{"Ident":"transformCoTransformR"}]},{"ValueRef":[{"start":[1,1],"name":"E:\\practice\\haskell\\cube-rotation\\bower_components\\purescript-coroutines\\src\\Control\\Coroutine.purs","end":[261,27]},{"Ident":"joinProducers"}]},{"ValueOpRef":[{"start":[1,1],"name":"E:\\practice\\haskell\\cube-rotation\\bower_components\\purescript-coroutines\\src\\Control\\Coroutine.purs","end":[261,27]},"/\\"]},{"ValueRef":[{"start":[1,1],"name":"E:\\practice\\haskell\\cube-rotation\\bower_components\\purescript-coroutines\\src\\Control\\Coroutine.purs","end":[261,27]},{"Ident":"joinConsumers"}]},{"ValueOpRef":[{"start":[1,1],"name":"E:\\practice\\haskell\\cube-rotation\\bower_components\\purescript-coroutines\\src\\Control\\Coroutine.purs","end":[261,27]},"\\/"]},{"TypeInstanceRef":[{"start":[0,0],"name":"<generated>","end":[0,0]},{"Ident":"bifunctorEmit"}]},{"TypeInstanceRef":[{"start":[0,0],"name":"<generated>","end":[0,0]},{"Ident":"functorEmit"}]},{"TypeInstanceRef":[{"start":[0,0],"name":"<generated>","end":[0,0]},{"Ident":"profunctorAwait"}]},{"TypeInstanceRef":[{"start":[0,0],"name":"<generated>","end":[0,0]},{"Ident":"functorAwait"}]},{"TypeInstanceRef":[{"start":[0,0],"name":"<generated>","end":[0,0]},{"Ident":"bifunctorTransform"}]},{"TypeInstanceRef":[{"start":[0,0],"name":"<generated>","end":[0,0]},{"Ident":"functorTransform"}]},{"TypeInstanceRef":[{"start":[0,0],"name":"<generated>","end":[0,0]},{"Ident":"bifunctorCoTransform"}]},{"TypeInstanceRef":[{"start":[0,0],"name":"<generated>","end":[0,0]},{"Ident":"functorCoTransform"}]}],"efImports":[{"eiModule":["Prim"],"eiImportType":{"Implicit":[]},"eiImportedAs":["Prim"]},{"eiModule":["Prim"],"eiImportType":{"Implicit":[]},"eiImportedAs":null},{"eiModule":["Prelude"],"eiImportType":{"Implicit":[]},"eiImportedAs":null},{"eiModule":["Control","Apply"],"eiImportType":{"Explicit":[{"ValueRef":[{"start":[31,23],"name":"E:\\practice\\haskell\\cube-rotation\\bower_components\\purescript-coroutines\\src\\Control\\Coroutine.purs","end":[31,28]},{"Ident":"lift2"}]}]},"eiImportedAs":null},{"eiModule":["Control","Monad","Free","Trans"],"eiImportType":{"Explicit":[{"TypeRef":[{"start":[32,34],"name":"E:\\practice\\haskell\\cube-rotation\\bower_components\\purescript-coroutines\\src\\Control\\Coroutine.purs","end":[32,39]},"FreeT",[]]},{"ValueRef":[{"start":[32,41],"name":"E:\\practice\\haskell\\cube-rotation\\bower_components\\purescript-coroutines\\src\\Control\\Coroutine.purs","end":[32,50]},{"Ident":"liftFreeT"}]},{"ValueRef":[{"start":[32,52],"name":"E:\\practice\\haskell\\cube-rotation\\bower_components\\purescript-coroutines\\src\\Control\\Coroutine.purs","end":[32,57]},{"Ident":"freeT"}]},{"ValueRef":[{"start":[32,59],"name":"E:\\practice\\haskell\\cube-rotation\\bower_components\\purescript-coroutines\\src\\Control\\Coroutine.purs","end":[32,65]},{"Ident":"resume"}]},{"ValueRef":[{"start":[32,67],"name":"E:\\practice\\haskell\\cube-rotation\\bower_components\\purescript-coroutines\\src\\Control\\Coroutine.purs","end":[32,75]},{"Ident":"runFreeT"}]}]},"eiImportedAs":null},{"eiModule":["Control","Monad","Rec","Class"],"eiImportType":{"Explicit":[{"TypeClassRef":[{"start":[33,33],"name":"E:\\practice\\haskell\\cube-rotation\\bower_components\\purescript-coroutines\\src\\Control\\Coroutine.purs","end":[33,47]},"MonadRec"]},{"TypeRef":[{"start":[33,49],"name":"E:\\practice\\haskell\\cube-rotation\\bower_components\\purescript-coroutines\\src\\Control\\Coroutine.purs","end":[33,57]},"Step",null]},{"ValueRef":[{"start":[33,59],"name":"E:\\practice\\haskell\\cube-rotation\\bower_components\\purescript-coroutines\\src\\Control\\Coroutine.purs","end":[33,67]},{"Ident":"tailRecM"}]}]},"eiImportedAs":null},{"eiModule":["Control","Monad","Trans","Class"],"eiImportType":{"Explicit":[{"ValueRef":[{"start":[34,35],"name":"E:\\practice\\haskell\\cube-rotation\\bower_components\\purescript-coroutines\\src\\Control\\Coroutine.purs","end":[34,39]},{"Ident":"lift"}]}]},"eiImportedAs":null},{"eiModule":["Control","Monad","Except"],"eiImportType":{"Explicit":[{"TypeRef":[{"start":[35,30],"name":"E:\\practice\\haskell\\cube-rotation\\bower_components\\purescript-coroutines\\src\\Control\\Coroutine.purs","end":[35,41]},"ExceptT",null]},{"ValueRef":[{"start":[35,43],"name":"E:\\practice\\haskell\\cube-rotation\\bower_components\\purescript-coroutines\\src\\Control\\Coroutine.purs","end":[35,53]},{"Ident":"runExceptT"}]}]},"eiImportedAs":null},{"eiModule":["Control","Parallel"],"eiImportType":{"Explicit":[{"TypeClassRef":[{"start":[36,26],"name":"E:\\practice\\haskell\\cube-rotation\\bower_components\\purescript-coroutines\\src\\Control\\Coroutine.purs","end":[36,40]},"Parallel"]},{"ValueRef":[{"start":[36,42],"name":"E:\\practice\\haskell\\cube-rotation\\bower_components\\purescript-coroutines\\src\\Control\\Coroutine.purs","end":[36,50]},{"Ident":"parallel"}]},{"ValueRef":[{"start":[36,52],"name":"E:\\practice\\haskell\\cube-rotation\\bower_components\\purescript-coroutines\\src\\Control\\Coroutine.purs","end":[36,62]},{"Ident":"sequential"}]}]},"eiImportedAs":null},{"eiModule":["Data","Bifunctor"],"eiImportType":{"Implicit":[]},"eiImportedAs":["B"]},{"eiModule":["Data","Either"],"eiImportType":{"Explicit":[{"TypeRef":[{"start":[39,21],"name":"E:\\practice\\haskell\\cube-rotation\\bower_components\\purescript-coroutines\\src\\Control\\Coroutine.purs","end":[39,31]},"Either",null]}]},"eiImportedAs":null},{"eiModule":["Data","Identity"],"eiImportType":{"Explicit":[{"TypeRef":[{"start":[40,23],"name":"E:\\practice\\haskell\\cube-rotation\\bower_components\\purescript-coroutines\\src\\Control\\Coroutine.purs","end":[40,35]},"Identity",null]}]},"eiImportedAs":null},{"eiModule":["Data","Maybe"],"eiImportType":{"Explicit":[{"TypeRef":[{"start":[41,20],"name":"E:\\practice\\haskell\\cube-rotation\\bower_components\\purescript-coroutines\\src\\Control\\Coroutine.purs","end":[41,29]},"Maybe",null]},{"ValueRef":[{"start":[41,31],"name":"E:\\practice\\haskell\\cube-rotation\\bower_components\\purescript-coroutines\\src\\Control\\Coroutine.purs","end":[41,36]},{"Ident":"maybe"}]}]},"eiImportedAs":null},{"eiModule":["Data","Newtype"],"eiImportType":{"Explicit":[{"ValueRef":[{"start":[42,22],"name":"E:\\practice\\haskell\\cube-rotation\\bower_components\\purescript-coroutines\\src\\Control\\Coroutine.purs","end":[42,28]},{"Ident":"unwrap"}]}]},"eiImportedAs":null},{"eiModule":["Data","Profunctor"],"eiImportType":{"Implicit":[]},"eiImportedAs":["P"]},{"eiModule":["Data","Tuple"],"eiImportType":{"Explicit":[{"TypeRef":[{"start":[44,20],"name":"E:\\practice\\haskell\\cube-rotation\\bower_components\\purescript-coroutines\\src\\Control\\Coroutine.purs","end":[44,29]},"Tuple",null]}]},"eiImportedAs":null}],"efFixities":[{"efAssociativity":"infixr","efPrecedence":2,"efOperator":"$$","efAlias":[["Control","Coroutine"],{"Left":{"Ident":"connect"}}]},{"efAssociativity":"infixr","efPrecedence":2,"efOperator":"$~","efAlias":[["Control","Coroutine"],{"Left":{"Ident":"transformProducer"}}]},{"efAssociativity":"infixr","efPrecedence":2,"efOperator":"~$","efAlias":[["Control","Coroutine"],{"Left":{"Ident":"transformConsumer"}}]},{"efAssociativity":"infixr","efPrecedence":2,"efOperator":"~~","efAlias":[["Control","Coroutine"],{"Left":{"Ident":"composeTransformers"}}]},{"efAssociativity":"infixr","efPrecedence":3,"efOperator":"/\\","efAlias":[["Control","Coroutine"],{"Left":{"Ident":"joinProducers"}}]},{"efAssociativity":"infixr","efPrecedence":3,"efOperator":"\\/","efAlias":[["Control","Coroutine"],{"Left":{"Ident":"joinConsumers"}}]}],"efTypeFixities":[],"efDeclarations":[{"EDType":{"edTypeName":"Co","edTypeKind":{"tag":"FunKind","contents":[{"tag":"FunKind","contents":[{"tag":"NamedKind","contents":[["Prim"],"Type"]},{"tag":"NamedKind","contents":[["Prim"],"Type"]}]},{"tag":"FunKind","contents":[{"tag":"FunKind","contents":[{"tag":"NamedKind","contents":[["Prim"],"Type"]},{"tag":"NamedKind","contents":[["Prim"],"Type"]}]},{"tag":"FunKind","contents":[{"tag":"NamedKind","contents":[["Prim"],"Type"]},{"tag":"NamedKind","contents":[["Prim"],"Type"]}]}]}]},"edTypeDeclarationKind":"TypeSynonym"}},{"EDTypeSynonym":{"edTypeSynonymName":"Co","edTypeSynonymArguments":[],"edTypeSynonymType":{"tag":"TypeConstructor","contents":[["Control","Monad","Free","Trans"],"FreeT"]}}},{"EDType":{"edTypeName":"Process","edTypeKind":{"tag":"FunKind","contents":[{"tag":"FunKind","contents":[{"tag":"NamedKind","contents":[["Prim"],"Type"]},{"tag":"NamedKind","contents":[["Prim"],"Type"]}]},{"tag":"FunKind","contents":[{"tag":"NamedKind","contents":[["Prim"],"Type"]},{"tag":"NamedKind","contents":[["Prim"],"Type"]}]}]},"edTypeDeclarationKind":"TypeSynonym"}},{"EDTypeSynonym":{"edTypeSynonymName":"Process","edTypeSynonymArguments":[],"edTypeSynonymType":{"tag":"TypeApp","contents":[{"tag":"TypeConstructor","contents":[["Control","Coroutine"],"Co"]},{"tag":"TypeConstructor","contents":[["Data","Identity"],"Identity"]}]}}},{"EDValue":{"edValueName":{"Ident":"loop"},"edValueType":{"tag":"ForAll","contents":["a",{"tag":"ForAll","contents":["m",{"tag":"ForAll","contents":["f",{"tag":"ConstrainedType","contents":[{"constraintClass":[["Data","Functor"],"Functor"],"constraintArgs":[{"tag":"TypeVar","contents":"f"}],"constraintData":null},{"tag":"ConstrainedType","contents":[{"constraintClass":[["Control","Monad"],"Monad"],"constraintArgs":[{"tag":"TypeVar","contents":"m"}],"constraintData":null},{"tag":"TypeApp","contents":[{"tag":"TypeApp","contents":[{"tag":"TypeConstructor","contents":[["Prim"],"Function"]},{"tag":"TypeApp","contents":[{"tag":"TypeApp","contents":[{"tag":"TypeApp","contents":[{"tag":"TypeConstructor","contents":[["Control","Monad","Free","Trans"],"FreeT"]},{"tag":"TypeVar","contents":"f"}]},{"tag":"TypeVar","contents":"m"}]},{"tag":"TypeApp","contents":[{"tag":"TypeConstructor","contents":[["Data","Maybe"],"Maybe"]},{"tag":"TypeVar","contents":"a"}]}]}]},{"tag":"TypeApp","contents":[{"tag":"TypeApp","contents":[{"tag":"TypeApp","contents":[{"tag":"TypeConstructor","contents":[["Control","Monad","Free","Trans"],"FreeT"]},{"tag":"TypeVar","contents":"f"}]},{"tag":"TypeVar","contents":"m"}]},{"tag":"TypeVar","contents":"a"}]}]}]}]},18]},19]},20]}}},{"EDValue":{"edValueName":{"Ident":"runProcess"},"edValueType":{"tag":"ForAll","contents":["a",{"tag":"ForAll","contents":["m",{"tag":"ConstrainedType","contents":[{"constraintClass":[["Control","Monad","Rec","Class"],"MonadRec"],"constraintArgs":[{"tag":"TypeVar","contents":"m"}],"constraintData":null},{"tag":"TypeApp","contents":[{"tag":"TypeApp","contents":[{"tag":"TypeConstructor","contents":[["Prim"],"Function"]},{"tag":"TypeApp","contents":[{"tag":"TypeApp","contents":[{"tag":"TypeApp","contents":[{"tag":"TypeConstructor","contents":[["Control","Monad","Free","Trans"],"FreeT"]},{"tag":"TypeConstructor","contents":[["Data","Identity"],"Identity"]}]},{"tag":"TypeVar","contents":"m"}]},{"tag":"TypeVar","contents":"a"}]}]},{"tag":"TypeApp","contents":[{"tag":"TypeVar","contents":"m"},{"tag":"TypeVar","contents":"a"}]}]}]},6]},7]}}},{"EDValue":{"edValueName":{"Ident":"fuseWith"},"edValueType":{"tag":"ForAll","contents":["par",{"tag":"ForAll","contents":["a",{"tag":"ForAll","contents":["m",{"tag":"ForAll","contents":["h",{"tag":"ForAll","contents":["g",{"tag":"ForAll","contents":["f",{"tag":"ConstrainedType","contents":[{"constraintClass":[["Data","Functor"],"Functor"],"constraintArgs":[{"tag":"TypeVar","contents":"f"}],"constraintData":null},{"tag":"ConstrainedType","contents":[{"constraintClass":[["Data","Functor"],"Functor"],"constraintArgs":[{"tag":"TypeVar","contents":"g"}],"constraintData":null},{"tag":"ConstrainedType","contents":[{"constraintClass":[["Data","Functor"],"Functor"],"constraintArgs":[{"tag":"TypeVar","contents":"h"}],"constraintData":null},{"tag":"ConstrainedType","contents":[{"constraintClass":[["Control","Monad","Rec","Class"],"MonadRec"],"constraintArgs":[{"tag":"TypeVar","contents":"m"}],"constraintData":null},{"tag":"ConstrainedType","contents":[{"constraintClass":[["Control","Parallel","Class"],"Parallel"],"constraintArgs":[{"tag":"TypeVar","contents":"par"},{"tag":"TypeVar","contents":"m"}],"constraintData":null},{"tag":"TypeApp","contents":[{"tag":"TypeApp","contents":[{"tag":"TypeConstructor","contents":[["Prim"],"Function"]},{"tag":"ForAll","contents":["d",{"tag":"ForAll","contents":["c",{"tag":"ForAll","contents":["b",{"tag":"TypeApp","contents":[{"tag":"TypeApp","contents":[{"tag":"TypeConstructor","contents":[["Prim"],"Function"]},{"tag":"TypeApp","contents":[{"tag":"TypeApp","contents":[{"tag":"TypeConstructor","contents":[["Prim"],"Function"]},{"tag":"TypeVar","contents":"b"}]},{"tag":"TypeApp","contents":[{"tag":"TypeApp","contents":[{"tag":"TypeConstructor","contents":[["Prim"],"Function"]},{"tag":"TypeVar","contents":"c"}]},{"tag":"TypeVar","contents":"d"}]}]}]},{"tag":"TypeApp","contents":[{"tag":"TypeApp","contents":[{"tag":"TypeConstructor","contents":[["Prim"],"Function"]},{"tag":"TypeApp","contents":[{"tag":"TypeVar","contents":"f"},{"tag":"TypeVar","contents":"b"}]}]},{"tag":"TypeApp","contents":[{"tag":"TypeApp","contents":[{"tag":"TypeConstructor","contents":[["Prim"],"Function"]},{"tag":"TypeApp","contents":[{"tag":"TypeVar","contents":"g"},{"tag":"TypeVar","contents":"c"}]}]},{"tag":"TypeApp","contents":[{"tag":"TypeVar","contents":"h"},{"tag":"TypeVar","contents":"d"}]}]}]}]},56]},57]},58]}]},{"tag":"TypeApp","contents":[{"tag":"TypeApp","contents":[{"tag":"TypeConstructor","contents":[["Prim"],"Function"]},{"tag":"TypeApp","contents":[{"tag":"TypeApp","contents":[{"tag":"TypeApp","contents":[{"tag":"TypeConstructor","contents":[["Control","Monad","Free","Trans"],"FreeT"]},{"tag":"TypeVar","contents":"f"}]},{"tag":"TypeVar","contents":"m"}]},{"tag":"TypeVar","contents":"a"}]}]},{"tag":"TypeApp","contents":[{"tag":"TypeApp","contents":[{"tag":"TypeConstructor","contents":[["Prim"],"Function"]},{"tag":"TypeApp","contents":[{"tag":"TypeApp","contents":[{"tag":"TypeApp","contents":[{"tag":"TypeConstructor","contents":[["Control","Monad","Free","Trans"],"FreeT"]},{"tag":"TypeVar","contents":"g"}]},{"tag":"TypeVar","contents":"m"}]},{"tag":"TypeVar","contents":"a"}]}]},{"tag":"TypeApp","contents":[{"tag":"TypeApp","contents":[{"tag":"TypeApp","contents":[{"tag":"TypeConstructor","contents":[["Control","Monad","Free","Trans"],"FreeT"]},{"tag":"TypeVar","contents":"h"}]},{"tag":"TypeVar","contents":"m"}]},{"tag":"TypeVar","contents":"a"}]}]}]}]}]}]}]}]}]},59]},60]},61]},62]},63]},64]}}},{"EDValue":{"edValueName":{"Ident":"fuseWithL"},"edValueType":{"tag":"ForAll","contents":["a",{"tag":"ForAll","contents":["m",{"tag":"ForAll","contents":["h",{"tag":"ForAll","contents":["g",{"tag":"ForAll","contents":["f",{"tag":"ConstrainedType","contents":[{"constraintClass":[["Data","Functor"],"Functor"],"constraintArgs":[{"tag":"TypeVar","contents":"f"}],"constraintData":null},{"tag":"ConstrainedType","contents":[{"constraintClass":[["Data","Functor"],"Functor"],"constraintArgs":[{"tag":"TypeVar","contents":"g"}],"constraintData":null},{"tag":"ConstrainedType","contents":[{"constraintClass":[["Data","Functor"],"Functor"],"constraintArgs":[{"tag":"TypeVar","contents":"h"}],"constraintData":null},{"tag":"ConstrainedType","contents":[{"constraintClass":[["Control","Monad","Rec","Class"],"MonadRec"],"constraintArgs":[{"tag":"TypeVar","contents":"m"}],"constraintData":null},{"tag":"TypeApp","contents":[{"tag":"TypeApp","contents":[{"tag":"TypeConstructor","contents":[["Prim"],"Function"]},{"tag":"ForAll","contents":["d",{"tag":"ForAll","contents":["c",{"tag":"ForAll","contents":["b",{"tag":"TypeApp","contents":[{"tag":"TypeApp","contents":[{"tag":"TypeConstructor","contents":[["Prim"],"Function"]},{"tag":"TypeApp","contents":[{"tag":"TypeApp","contents":[{"tag":"TypeConstructor","contents":[["Prim"],"Function"]},{"tag":"TypeVar","contents":"b"}]},{"tag":"TypeApp","contents":[{"tag":"TypeApp","contents":[{"tag":"TypeConstructor","contents":[["Prim"],"Function"]},{"tag":"TypeVar","contents":"c"}]},{"tag":"TypeVar","contents":"d"}]}]}]},{"tag":"TypeApp","contents":[{"tag":"TypeApp","contents":[{"tag":"TypeConstructor","contents":[["Prim"],"Function"]},{"tag":"TypeApp","contents":[{"tag":"TypeVar","contents":"f"},{"tag":"TypeVar","contents":"b"}]}]},{"tag":"TypeApp","contents":[{"tag":"TypeApp","contents":[{"tag":"TypeConstructor","contents":[["Prim"],"Function"]},{"tag":"TypeApp","contents":[{"tag":"TypeVar","contents":"g"},{"tag":"TypeVar","contents":"c"}]}]},{"tag":"TypeApp","contents":[{"tag":"TypeVar","contents":"h"},{"tag":"TypeVar","contents":"d"}]}]}]}]},26]},27]},28]}]},{"tag":"TypeApp","contents":[{"tag":"TypeApp","contents":[{"tag":"TypeConstructor","contents":[["Prim"],"Function"]},{"tag":"TypeApp","contents":[{"tag":"TypeApp","contents":[{"tag":"TypeApp","contents":[{"tag":"TypeConstructor","contents":[["Control","Monad","Free","Trans"],"FreeT"]},{"tag":"TypeVar","contents":"f"}]},{"tag":"TypeVar","contents":"m"}]},{"tag":"TypeVar","contents":"a"}]}]},{"tag":"TypeApp","contents":[{"tag":"TypeApp","contents":[{"tag":"TypeConstructor","contents":[["Prim"],"Function"]},{"tag":"TypeApp","contents":[{"tag":"TypeApp","contents":[{"tag":"TypeApp","contents":[{"tag":"TypeConstructor","contents":[["Control","Monad","Free","Trans"],"FreeT"]},{"tag":"TypeVar","contents":"g"}]},{"tag":"TypeVar","contents":"m"}]},{"tag":"TypeVar","contents":"a"}]}]},{"tag":"TypeApp","contents":[{"tag":"TypeApp","contents":[{"tag":"TypeApp","contents":[{"tag":"TypeConstructor","contents":[["Control","Monad","Free","Trans"],"FreeT"]},{"tag":"TypeVar","contents":"h"}]},{"tag":"TypeVar","contents":"m"}]},{"tag":"TypeVar","contents":"a"}]}]}]}]}]}]}]}]},29]},30]},31]},32]},33]}}},{"EDType":{"edTypeName":"Emit","edTypeKind":{"tag":"FunKind","contents":[{"tag":"NamedKind","contents":[["Prim"],"Type"]},{"tag":"FunKind","contents":[{"tag":"NamedKind","contents":[["Prim"],"Type"]},{"tag":"NamedKind","contents":[["Prim"],"Type"]}]}]},"edTypeDeclarationKind":{"DataType":{"args":[["o",{"tag":"NamedKind","contents":[["Prim"],"Type"]}],["a",{"tag":"NamedKind","contents":[["Prim"],"Type"]}]],"ctors":[["Emit",[{"tag":"TypeVar","contents":"o"},{"tag":"TypeVar","contents":"a"}]]]}}}},{"EDDataConstructor":{"edDataCtorName":"Emit","edDataCtorOrigin":"data","edDataCtorTypeCtor":"Emit","edDataCtorType":{"tag":"ForAll","contents":["a",{"tag":"ForAll","contents":["o",{"tag":"TypeApp","contents":[{"tag":"TypeApp","contents":[{"tag":"TypeConstructor","contents":[["Prim"],"Function"]},{"tag":"TypeVar","contents":"o"}]},{"tag":"TypeApp","contents":[{"tag":"TypeApp","contents":[{"tag":"TypeConstructor","contents":[["Prim"],"Function"]},{"tag":"TypeVar","contents":"a"}]},{"tag":"TypeApp","contents":[{"tag":"TypeApp","contents":[{"tag":"TypeConstructor","contents":[["Control","Coroutine"],"Emit"]},{"tag":"TypeVar","contents":"o"}]},{"tag":"TypeVar","contents":"a"}]}]}]},null]},null]},"edDataCtorFields":[{"Ident":"value0"},{"Ident":"value1"}]}},{"EDType":{"edTypeName":"Producer","edTypeKind":{"tag":"FunKind","contents":[{"tag":"NamedKind","contents":[["Prim"],"Type"]},{"tag":"FunKind","contents":[{"tag":"FunKind","contents":[{"tag":"NamedKind","contents":[["Prim"],"Type"]},{"tag":"NamedKind","contents":[["Prim"],"Type"]}]},{"tag":"FunKind","contents":[{"tag":"NamedKind","contents":[["Prim"],"Type"]},{"tag":"NamedKind","contents":[["Prim"],"Type"]}]}]}]},"edTypeDeclarationKind":"TypeSynonym"}},{"EDTypeSynonym":{"edTypeSynonymName":"Producer","edTypeSynonymArguments":[["o",{"tag":"NamedKind","contents":[["Prim"],"Type"]}]],"edTypeSynonymType":{"tag":"TypeApp","contents":[{"tag":"TypeConstructor","contents":[["Control","Coroutine"],"Co"]},{"tag":"TypeApp","contents":[{"tag":"TypeConstructor","contents":[["Control","Coroutine"],"Emit"]},{"tag":"TypeVar","contents":"o"}]}]}}},{"EDValue":{"edValueName":{"Ident":"emit"},"edValueType":{"tag":"ForAll","contents":["o",{"tag":"ForAll","contents":["m",{"tag":"ConstrainedType","contents":[{"constraintClass":[["Control","Monad"],"Monad"],"constraintArgs":[{"tag":"TypeVar","contents":"m"}],"constraintData":null},{"tag":"TypeApp","contents":[{"tag":"TypeApp","contents":[{"tag":"TypeConstructor","contents":[["Prim"],"Function"]},{"tag":"TypeVar","contents":"o"}]},{"tag":"TypeApp","contents":[{"tag":"TypeApp","contents":[{"tag":"TypeApp","contents":[{"tag":"TypeConstructor","contents":[["Control","Monad","Free","Trans"],"FreeT"]},{"tag":"TypeApp","contents":[{"tag":"TypeConstructor","contents":[["Control","Coroutine"],"Emit"]},{"tag":"TypeVar","contents":"o"}]}]},{"tag":"TypeVar","contents":"m"}]},{"tag":"TypeConstructor","contents":[["Data","Unit"],"Unit"]}]}]}]},196]},197]}}},{"EDValue":{"edValueName":{"Ident":"producer"},"edValueType":{"tag":"ForAll","contents":["r",{"tag":"ForAll","contents":["m",{"tag":"ForAll","contents":["o",{"tag":"ConstrainedType","contents":[{"constraintClass":[["Control","Monad"],"Monad"],"constraintArgs":[{"tag":"TypeVar","contents":"m"}],"constraintData":null},{"tag":"TypeApp","contents":[{"tag":"TypeApp","contents":[{"tag":"TypeConstructor","contents":[["Prim"],"Function"]},{"tag":"TypeApp","contents":[{"tag":"TypeVar","contents":"m"},{"tag":"TypeApp","contents":[{"tag":"TypeApp","contents":[{"tag":"TypeConstructor","contents":[["Data","Either"],"Either"]},{"tag":"TypeVar","contents":"o"}]},{"tag":"TypeVar","contents":"r"}]}]}]},{"tag":"TypeApp","contents":[{"tag":"TypeApp","contents":[{"tag":"TypeApp","contents":[{"tag":"TypeConstructor","contents":[["Control","Monad","Free","Trans"],"FreeT"]},{"tag":"TypeApp","contents":[{"tag":"TypeConstructor","contents":[["Control","Coroutine"],"Emit"]},{"tag":"TypeVar","contents":"o"}]}]},{"tag":"TypeVar","contents":"m"}]},{"tag":"TypeVar","contents":"r"}]}]}]},200]},201]},202]}}},{"EDType":{"edTypeName":"Await","edTypeKind":{"tag":"FunKind","contents":[{"tag":"NamedKind","contents":[["Prim"],"Type"]},{"tag":"FunKind","contents":[{"tag":"NamedKind","contents":[["Prim"],"Type"]},{"tag":"NamedKind","contents":[["Prim"],"Type"]}]}]},"edTypeDeclarationKind":{"DataType":{"args":[["i",{"tag":"NamedKind","contents":[["Prim"],"Type"]}],["a",{"tag":"NamedKind","contents":[["Prim"],"Type"]}]],"ctors":[["Await",[{"tag":"TypeApp","contents":[{"tag":"TypeApp","contents":[{"tag":"TypeConstructor","contents":[["Prim"],"Function"]},{"tag":"TypeVar","contents":"i"}]},{"tag":"TypeVar","contents":"a"}]}]]]}}}},{"EDDataConstructor":{"edDataCtorName":"Await","edDataCtorOrigin":"newtype","edDataCtorTypeCtor":"Await","edDataCtorType":{"tag":"ForAll","contents":["a",{"tag":"ForAll","contents":["i",{"tag":"TypeApp","contents":[{"tag":"TypeApp","contents":[{"tag":"TypeConstructor","contents":[["Prim"],"Function"]},{"tag":"TypeApp","contents":[{"tag":"TypeApp","contents":[{"tag":"TypeConstructor","contents":[["Prim"],"Function"]},{"tag":"TypeVar","contents":"i"}]},{"tag":"TypeVar","contents":"a"}]}]},{"tag":"TypeApp","contents":[{"tag":"TypeApp","contents":[{"tag":"TypeConstructor","contents":[["Control","Coroutine"],"Await"]},{"tag":"TypeVar","contents":"i"}]},{"tag":"TypeVar","contents":"a"}]}]},null]},null]},"edDataCtorFields":[{"Ident":"value0"}]}},{"EDType":{"edTypeName":"Consumer","edTypeKind":{"tag":"FunKind","contents":[{"tag":"NamedKind","contents":[["Prim"],"Type"]},{"tag":"FunKind","contents":[{"tag":"FunKind","contents":[{"tag":"NamedKind","contents":[["Prim"],"Type"]},{"tag":"NamedKind","contents":[["Prim"],"Type"]}]},{"tag":"FunKind","contents":[{"tag":"NamedKind","contents":[["Prim"],"Type"]},{"tag":"NamedKind","contents":[["Prim"],"Type"]}]}]}]},"edTypeDeclarationKind":"TypeSynonym"}},{"EDTypeSynonym":{"edTypeSynonymName":"Consumer","edTypeSynonymArguments":[["i",{"tag":"NamedKind","contents":[["Prim"],"Type"]}]],"edTypeSynonymType":{"tag":"TypeApp","contents":[{"tag":"TypeConstructor","contents":[["Control","Coroutine"],"Co"]},{"tag":"TypeApp","contents":[{"tag":"TypeConstructor","contents":[["Control","Coroutine"],"Await"]},{"tag":"TypeVar","contents":"i"}]}]}}},{"EDValue":{"edValueName":{"Ident":"await"},"edValueType":{"tag":"ForAll","contents":["i",{"tag":"ForAll","contents":["m",{"tag":"ConstrainedType","contents":[{"constraintClass":[["Control","Monad"],"Monad"],"constraintArgs":[{"tag":"TypeVar","contents":"m"}],"constraintData":null},{"tag":"TypeApp","contents":[{"tag":"TypeApp","contents":[{"tag":"TypeApp","contents":[{"tag":"TypeConstructor","contents":[["Control","Monad","Free","Trans"],"FreeT"]},{"tag":"TypeApp","contents":[{"tag":"TypeConstructor","contents":[["Control","Coroutine"],"Await"]},{"tag":"TypeVar","contents":"i"}]}]},{"tag":"TypeVar","contents":"m"}]},{"tag":"TypeVar","contents":"i"}]}]},281]},282]}}},{"EDValue":{"edValueName":{"Ident":"consumer"},"edValueType":{"tag":"ForAll","contents":["r",{"tag":"ForAll","contents":["m",{"tag":"ForAll","contents":["i",{"tag":"ConstrainedType","contents":[{"constraintClass":[["Control","Monad"],"Monad"],"constraintArgs":[{"tag":"TypeVar","contents":"m"}],"constraintData":null},{"tag":"TypeApp","contents":[{"tag":"TypeApp","contents":[{"tag":"TypeConstructor","contents":[["Prim"],"Function"]},{"tag":"TypeApp","contents":[{"tag":"TypeApp","contents":[{"tag":"TypeConstructor","contents":[["Prim"],"Function"]},{"tag":"TypeVar","contents":"i"}]},{"tag":"TypeApp","contents":[{"tag":"TypeVar","contents":"m"},{"tag":"TypeApp","contents":[{"tag":"TypeConstructor","contents":[["Data","Maybe"],"Maybe"]},{"tag":"TypeVar","contents":"r"}]}]}]}]},{"tag":"TypeApp","contents":[{"tag":"TypeApp","contents":[{"tag":"TypeApp","contents":[{"tag":"TypeConstructor","contents":[["Control","Monad","Free","Trans"],"FreeT"]},{"tag":"TypeApp","contents":[{"tag":"TypeConstructor","contents":[["Control","Coroutine"],"Await"]},{"tag":"TypeVar","contents":"i"}]}]},{"tag":"TypeVar","contents":"m"}]},{"tag":"TypeVar","contents":"r"}]}]}]},285]},286]},287]}}},{"EDType":{"edTypeName":"Transform","edTypeKind":{"tag":"FunKind","contents":[{"tag":"NamedKind","contents":[["Prim"],"Type"]},{"tag":"FunKind","contents":[{"tag":"NamedKind","contents":[["Prim"],"Type"]},{"tag":"FunKind","contents":[{"tag":"NamedKind","contents":[["Prim"],"Type"]},{"tag":"NamedKind","contents":[["Prim"],"Type"]}]}]}]},"edTypeDeclarationKind":{"DataType":{"args":[["i",{"tag":"NamedKind","contents":[["Prim"],"Type"]}],["o",{"tag":"NamedKind","contents":[["Prim"],"Type"]}],["a",{"tag":"NamedKind","contents":[["Prim"],"Type"]}]],"ctors":[["Transform",[{"tag":"TypeApp","contents":[{"tag":"TypeApp","contents":[{"tag":"TypeConstructor","contents":[["Prim"],"Function"]},{"tag":"TypeVar","contents":"i"}]},{"tag":"TypeApp","contents":[{"tag":"TypeApp","contents":[{"tag":"TypeConstructor","contents":[["Data","Tuple"],"Tuple"]},{"tag":"TypeVar","contents":"o"}]},{"tag":"TypeVar","contents":"a"}]}]}]]]}}}},{"EDDataConstructor":{"edDataCtorName":"Transform","edDataCtorOrigin":"newtype","edDataCtorTypeCtor":"Transform","edDataCtorType":{"tag":"ForAll","contents":["a",{"tag":"ForAll","contents":["o",{"tag":"ForAll","contents":["i",{"tag":"TypeApp","contents":[{"tag":"TypeApp","contents":[{"tag":"TypeConstructor","contents":[["Prim"],"Function"]},{"tag":"TypeApp","contents":[{"tag":"TypeApp","contents":[{"tag":"TypeConstructor","contents":[["Prim"],"Function"]},{"tag":"TypeVar","contents":"i"}]},{"tag":"TypeApp","contents":[{"tag":"TypeApp","contents":[{"tag":"TypeConstructor","contents":[["Data","Tuple"],"Tuple"]},{"tag":"TypeVar","contents":"o"}]},{"tag":"TypeVar","contents":"a"}]}]}]},{"tag":"TypeApp","contents":[{"tag":"TypeApp","contents":[{"tag":"TypeApp","contents":[{"tag":"TypeConstructor","contents":[["Control","Coroutine"],"Transform"]},{"tag":"TypeVar","contents":"i"}]},{"tag":"TypeVar","contents":"o"}]},{"tag":"TypeVar","contents":"a"}]}]},null]},null]},null]},"edDataCtorFields":[{"Ident":"value0"}]}},{"EDType":{"edTypeName":"Transformer","edTypeKind":{"tag":"FunKind","contents":[{"tag":"NamedKind","contents":[["Prim"],"Type"]},{"tag":"FunKind","contents":[{"tag":"NamedKind","contents":[["Prim"],"Type"]},{"tag":"FunKind","contents":[{"tag":"FunKind","contents":[{"tag":"NamedKind","contents":[["Prim"],"Type"]},{"tag":"NamedKind","contents":[["Prim"],"Type"]}]},{"tag":"FunKind","contents":[{"tag":"NamedKind","contents":[["Prim"],"Type"]},{"tag":"NamedKind","contents":[["Prim"],"Type"]}]}]}]}]},"edTypeDeclarationKind":"TypeSynonym"}},{"EDTypeSynonym":{"edTypeSynonymName":"Transformer","edTypeSynonymArguments":[["i",{"tag":"NamedKind","contents":[["Prim"],"Type"]}],["o",{"tag":"NamedKind","contents":[["Prim"],"Type"]}]],"edTypeSynonymType":{"tag":"TypeApp","contents":[{"tag":"TypeConstructor","contents":[["Control","Coroutine"],"Co"]},{"tag":"TypeApp","contents":[{"tag":"TypeApp","contents":[{"tag":"TypeConstructor","contents":[["Control","Coroutine"],"Transform"]},{"tag":"TypeVar","contents":"i"}]},{"tag":"TypeVar","contents":"o"}]}]}}},{"EDValue":{"edValueName":{"Ident":"transform"},"edValueType":{"tag":"ForAll","contents":["o",{"tag":"ForAll","contents":["i",{"tag":"ForAll","contents":["m",{"tag":"ConstrainedType","contents":[{"constraintClass":[["Control","Monad"],"Monad"],"constraintArgs":[{"tag":"TypeVar","contents":"m"}],"constraintData":null},{"tag":"TypeApp","contents":[{"tag":"TypeApp","contents":[{"tag":"TypeConstructor","contents":[["Prim"],"Function"]},{"tag":"TypeApp","contents":[{"tag":"TypeApp","contents":[{"tag":"TypeConstructor","contents":[["Prim"],"Function"]},{"tag":"TypeVar","contents":"i"}]},{"tag":"TypeVar","contents":"o"}]}]},{"tag":"TypeApp","contents":[{"tag":"TypeApp","contents":[{"tag":"TypeApp","contents":[{"tag":"TypeConstructor","contents":[["Control","Monad","Free","Trans"],"FreeT"]},{"tag":"TypeApp","contents":[{"tag":"TypeApp","contents":[{"tag":"TypeConstructor","contents":[["Control","Coroutine"],"Transform"]},{"tag":"TypeVar","contents":"i"}]},{"tag":"TypeVar","contents":"o"}]}]},{"tag":"TypeVar","contents":"m"}]},{"tag":"TypeConstructor","contents":[["Data","Unit"],"Unit"]}]}]}]},0]},1]},2]}}},{"EDType":{"edTypeName":"CoTransform","edTypeKind":{"tag":"FunKind","contents":[{"tag":"NamedKind","contents":[["Prim"],"Type"]},{"tag":"FunKind","contents":[{"tag":"NamedKind","contents":[["Prim"],"Type"]},{"tag":"FunKind","contents":[{"tag":"NamedKind","contents":[["Prim"],"Type"]},{"tag":"NamedKind","contents":[["Prim"],"Type"]}]}]}]},"edTypeDeclarationKind":{"DataType":{"args":[["i",{"tag":"NamedKind","contents":[["Prim"],"Type"]}],["o",{"tag":"NamedKind","contents":[["Prim"],"Type"]}],["a",{"tag":"NamedKind","contents":[["Prim"],"Type"]}]],"ctors":[["CoTransform",[{"tag":"TypeVar","contents":"o"},{"tag":"TypeApp","contents":[{"tag":"TypeApp","contents":[{"tag":"TypeConstructor","contents":[["Prim"],"Function"]},{"tag":"TypeVar","contents":"i"}]},{"tag":"TypeVar","contents":"a"}]}]]]}}}},{"EDDataConstructor":{"edDataCtorName":"CoTransform","edDataCtorOrigin":"data","edDataCtorTypeCtor":"CoTransform","edDataCtorType":{"tag":"ForAll","contents":["a",{"tag":"ForAll","contents":["o",{"tag":"ForAll","contents":["i",{"tag":"TypeApp","contents":[{"tag":"TypeApp","contents":[{"tag":"TypeConstructor","contents":[["Prim"],"Function"]},{"tag":"TypeVar","contents":"o"}]},{"tag":"TypeApp","contents":[{"tag":"TypeApp","contents":[{"tag":"TypeConstructor","contents":[["Prim"],"Function"]},{"tag":"TypeApp","contents":[{"tag":"TypeApp","contents":[{"tag":"TypeConstructor","contents":[["Prim"],"Function"]},{"tag":"TypeVar","contents":"i"}]},{"tag":"TypeVar","contents":"a"}]}]},{"tag":"TypeApp","contents":[{"tag":"TypeApp","contents":[{"tag":"TypeApp","contents":[{"tag":"TypeConstructor","contents":[["Control","Coroutine"],"CoTransform"]},{"tag":"TypeVar","contents":"i"}]},{"tag":"TypeVar","contents":"o"}]},{"tag":"TypeVar","contents":"a"}]}]}]},null]},null]},null]},"edDataCtorFields":[{"Ident":"value0"},{"Ident":"value1"}]}},{"EDType":{"edTypeName":"CoTransformer","edTypeKind":{"tag":"FunKind","contents":[{"tag":"NamedKind","contents":[["Prim"],"Type"]},{"tag":"FunKind","contents":[{"tag":"NamedKind","contents":[["Prim"],"Type"]},{"tag":"FunKind","contents":[{"tag":"FunKind","contents":[{"tag":"NamedKind","contents":[["Prim"],"Type"]},{"tag":"NamedKind","contents":[["Prim"],"Type"]}]},{"tag":"FunKind","contents":[{"tag":"NamedKind","contents":[["Prim"],"Type"]},{"tag":"NamedKind","contents":[["Prim"],"Type"]}]}]}]}]},"edTypeDeclarationKind":"TypeSynonym"}},{"EDTypeSynonym":{"edTypeSynonymName":"CoTransformer","edTypeSynonymArguments":[["i",{"tag":"NamedKind","contents":[["Prim"],"Type"]}],["o",{"tag":"NamedKind","contents":[["Prim"],"Type"]}]],"edTypeSynonymType":{"tag":"TypeApp","contents":[{"tag":"TypeConstructor","contents":[["Control","Coroutine"],"Co"]},{"tag":"TypeApp","contents":[{"tag":"TypeApp","contents":[{"tag":"TypeConstructor","contents":[["Control","Coroutine"],"CoTransform"]},{"tag":"TypeVar","contents":"i"}]},{"tag":"TypeVar","contents":"o"}]}]}}},{"EDValue":{"edValueName":{"Ident":"cotransform"},"edValueType":{"tag":"ForAll","contents":["o",{"tag":"ForAll","contents":["i",{"tag":"ForAll","contents":["m",{"tag":"ConstrainedType","contents":[{"constraintClass":[["Control","Monad"],"Monad"],"constraintArgs":[{"tag":"TypeVar","contents":"m"}],"constraintData":null},{"tag":"TypeApp","contents":[{"tag":"TypeApp","contents":[{"tag":"TypeConstructor","contents":[["Prim"],"Function"]},{"tag":"TypeVar","contents":"o"}]},{"tag":"TypeApp","contents":[{"tag":"TypeApp","contents":[{"tag":"TypeApp","contents":[{"tag":"TypeConstructor","contents":[["Control","Monad","Free","Trans"],"FreeT"]},{"tag":"TypeApp","contents":[{"tag":"TypeApp","contents":[{"tag":"TypeConstructor","contents":[["Control","Coroutine"],"CoTransform"]},{"tag":"TypeVar","contents":"i"}]},{"tag":"TypeVar","contents":"o"}]}]},{"tag":"TypeVar","contents":"m"}]},{"tag":"TypeVar","contents":"i"}]}]}]},206]},207]},208]}}},{"EDValue":{"edValueName":{"Ident":"connect"},"edValueType":{"tag":"ForAll","contents":["a",{"tag":"ForAll","contents":["m",{"tag":"ForAll","contents":["f",{"tag":"ForAll","contents":["o",{"tag":"ConstrainedType","contents":[{"constraintClass":[["Control","Monad","Rec","Class"],"MonadRec"],"constraintArgs":[{"tag":"TypeVar","contents":"m"}],"constraintData":null},{"tag":"ConstrainedType","contents":[{"constraintClass":[["Control","Parallel","Class"],"Parallel"],"constraintArgs":[{"tag":"TypeVar","contents":"f"},{"tag":"TypeVar","contents":"m"}],"constraintData":null},{"tag":"TypeApp","contents":[{"tag":"TypeApp","contents":[{"tag":"TypeConstructor","contents":[["Prim"],"Function"]},{"tag":"TypeApp","contents":[{"tag":"TypeApp","contents":[{"tag":"TypeApp","contents":[{"tag":"TypeConstructor","contents":[["Control","Monad","Free","Trans"],"FreeT"]},{"tag":"TypeApp","contents":[{"tag":"TypeConstructor","contents":[["Control","Coroutine"],"Emit"]},{"tag":"TypeVar","contents":"o"}]}]},{"tag":"TypeVar","contents":"m"}]},{"tag":"TypeVar","contents":"a"}]}]},{"tag":"TypeApp","contents":[{"tag":"TypeApp","contents":[{"tag":"TypeConstructor","contents":[["Prim"],"Function"]},{"tag":"TypeApp","contents":[{"tag":"TypeApp","contents":[{"tag":"TypeApp","contents":[{"tag":"TypeConstructor","contents":[["Control","Monad","Free","Trans"],"FreeT"]},{"tag":"TypeApp","contents":[{"tag":"TypeConstructor","contents":[["Control","Coroutine"],"Await"]},{"tag":"TypeVar","contents":"o"}]}]},{"tag":"TypeVar","contents":"m"}]},{"tag":"TypeVar","contents":"a"}]}]},{"tag":"TypeApp","contents":[{"tag":"TypeApp","contents":[{"tag":"TypeApp","contents":[{"tag":"TypeConstructor","contents":[["Control","Monad","Free","Trans"],"FreeT"]},{"tag":"TypeConstructor","contents":[["Data","Identity"],"Identity"]}]},{"tag":"TypeVar","contents":"m"}]},{"tag":"TypeVar","contents":"a"}]}]}]}]}]},212]},213]},214]},215]}}},{"EDValue":{"edValueName":{"Ident":"pullFrom"},"edValueType":{"tag":"ForAll","contents":["a",{"tag":"ForAll","contents":["m",{"tag":"ForAll","contents":["o",{"tag":"ConstrainedType","contents":[{"constraintClass":[["Control","Monad","Rec","Class"],"MonadRec"],"constraintArgs":[{"tag":"TypeVar","contents":"m"}],"constraintData":null},{"tag":"TypeApp","contents":[{"tag":"TypeApp","contents":[{"tag":"TypeConstructor","contents":[["Prim"],"Function"]},{"tag":"TypeApp","contents":[{"tag":"TypeApp","contents":[{"tag":"TypeApp","contents":[{"tag":"TypeConstructor","contents":[["Control","Monad","Free","Trans"],"FreeT"]},{"tag":"TypeApp","contents":[{"tag":"TypeConstructor","contents":[["Control","Coroutine"],"Await"]},{"tag":"TypeVar","contents":"o"}]}]},{"tag":"TypeVar","contents":"m"}]},{"tag":"TypeVar","contents":"a"}]}]},{"tag":"TypeApp","contents":[{"tag":"TypeApp","contents":[{"tag":"TypeConstructor","contents":[["Prim"],"Function"]},{"tag":"TypeApp","contents":[{"tag":"TypeApp","contents":[{"tag":"TypeApp","contents":[{"tag":"TypeConstructor","contents":[["Control","Monad","Free","Trans"],"FreeT"]},{"tag":"TypeApp","contents":[{"tag":"TypeConstructor","contents":[["Control","Coroutine"],"Emit"]},{"tag":"TypeVar","contents":"o"}]}]},{"tag":"TypeVar","contents":"m"}]},{"tag":"TypeVar","contents":"a"}]}]},{"tag":"TypeApp","contents":[{"tag":"TypeApp","contents":[{"tag":"TypeApp","contents":[{"tag":"TypeConstructor","contents":[["Control","Monad","Free","Trans"],"FreeT"]},{"tag":"TypeConstructor","contents":[["Data","Identity"],"Identity"]}]},{"tag":"TypeVar","contents":"m"}]},{"tag":"TypeVar","contents":"a"}]}]}]}]},47]},48]},49]}}},{"EDValue":{"edValueName":{"Ident":"transformProducer"},"edValueType":{"tag":"ForAll","contents":["a",{"tag":"ForAll","contents":["m",{"tag":"ForAll","contents":["f",{"tag":"ForAll","contents":["o",{"tag":"ForAll","contents":["i",{"tag":"ConstrainedType","contents":[{"constraintClass":[["Control","Monad","Rec","Class"],"MonadRec"],"constraintArgs":[{"tag":"TypeVar","contents":"m"}],"constraintData":null},{"tag":"ConstrainedType","contents":[{"constraintClass":[["Control","Parallel","Class"],"Parallel"],"constraintArgs":[{"tag":"TypeVar","contents":"f"},{"tag":"TypeVar","contents":"m"}],"constraintData":null},{"tag":"TypeApp","contents":[{"tag":"TypeApp","contents":[{"tag":"TypeConstructor","contents":[["Prim"],"Function"]},{"tag":"TypeApp","contents":[{"tag":"TypeApp","contents":[{"tag":"TypeApp","contents":[{"tag":"TypeConstructor","contents":[["Control","Monad","Free","Trans"],"FreeT"]},{"tag":"TypeApp","contents":[{"tag":"TypeConstructor","contents":[["Control","Coroutine"],"Emit"]},{"tag":"TypeVar","contents":"i"}]}]},{"tag":"TypeVar","contents":"m"}]},{"tag":"TypeVar","contents":"a"}]}]},{"tag":"TypeApp","contents":[{"tag":"TypeApp","contents":[{"tag":"TypeConstructor","contents":[["Prim"],"Function"]},{"tag":"TypeApp","contents":[{"tag":"TypeApp","contents":[{"tag":"TypeApp","contents":[{"tag":"TypeConstructor","contents":[["Control","Monad","Free","Trans"],"FreeT"]},{"tag":"TypeApp","contents":[{"tag":"TypeApp","contents":[{"tag":"TypeConstructor","contents":[["Control","Coroutine"],"Transform"]},{"tag":"TypeVar","contents":"i"}]},{"tag":"TypeVar","contents":"o"}]}]},{"tag":"TypeVar","contents":"m"}]},{"tag":"TypeVar","contents":"a"}]}]},{"tag":"TypeApp","contents":[{"tag":"TypeApp","contents":[{"tag":"TypeApp","contents":[{"tag":"TypeConstructor","contents":[["Control","Monad","Free","Trans"],"FreeT"]},{"tag":"TypeApp","contents":[{"tag":"TypeConstructor","contents":[["Control","Coroutine"],"Emit"]},{"tag":"TypeVar","contents":"o"}]}]},{"tag":"TypeVar","contents":"m"}]},{"tag":"TypeVar","contents":"a"}]}]}]}]}]},142]},143]},144]},145]},146]}}},{"EDValue":{"edValueName":{"Ident":"transformConsumer"},"edValueType":{"tag":"ForAll","contents":["a",{"tag":"ForAll","contents":["m",{"tag":"ForAll","contents":["f",{"tag":"ForAll","contents":["o",{"tag":"ForAll","contents":["i",{"tag":"ConstrainedType","contents":[{"constraintClass":[["Control","Monad","Rec","Class"],"MonadRec"],"constraintArgs":[{"tag":"TypeVar","contents":"m"}],"constraintData":null},{"tag":"ConstrainedType","contents":[{"constraintClass":[["Control","Parallel","Class"],"Parallel"],"constraintArgs":[{"tag":"TypeVar","contents":"f"},{"tag":"TypeVar","contents":"m"}],"constraintData":null},{"tag":"TypeApp","contents":[{"tag":"TypeApp","contents":[{"tag":"TypeConstructor","contents":[["Prim"],"Function"]},{"tag":"TypeApp","contents":[{"tag":"TypeApp","contents":[{"tag":"TypeApp","contents":[{"tag":"TypeConstructor","contents":[["Control","Monad","Free","Trans"],"FreeT"]},{"tag":"TypeApp","contents":[{"tag":"TypeApp","contents":[{"tag":"TypeConstructor","contents":[["Control","Coroutine"],"Transform"]},{"tag":"TypeVar","contents":"i"}]},{"tag":"TypeVar","contents":"o"}]}]},{"tag":"TypeVar","contents":"m"}]},{"tag":"TypeVar","contents":"a"}]}]},{"tag":"TypeApp","contents":[{"tag":"TypeApp","contents":[{"tag":"TypeConstructor","contents":[["Prim"],"Function"]},{"tag":"TypeApp","contents":[{"tag":"TypeApp","contents":[{"tag":"TypeApp","contents":[{"tag":"TypeConstructor","contents":[["Control","Monad","Free","Trans"],"FreeT"]},{"tag":"TypeApp","contents":[{"tag":"TypeConstructor","contents":[["Control","Coroutine"],"Await"]},{"tag":"TypeVar","contents":"o"}]}]},{"tag":"TypeVar","contents":"m"}]},{"tag":"TypeVar","contents":"a"}]}]},{"tag":"TypeApp","contents":[{"tag":"TypeApp","contents":[{"tag":"TypeApp","contents":[{"tag":"TypeConstructor","contents":[["Control","Monad","Free","Trans"],"FreeT"]},{"tag":"TypeApp","contents":[{"tag":"TypeConstructor","contents":[["Control","Coroutine"],"Await"]},{"tag":"TypeVar","contents":"i"}]}]},{"tag":"TypeVar","contents":"m"}]},{"tag":"TypeVar","contents":"a"}]}]}]}]}]},129]},130]},131]},132]},133]}}},{"EDValue":{"edValueName":{"Ident":"composeTransformers"},"edValueType":{"tag":"ForAll","contents":["a",{"tag":"ForAll","contents":["m",{"tag":"ForAll","contents":["f",{"tag":"ForAll","contents":["k",{"tag":"ForAll","contents":["j",{"tag":"ForAll","contents":["i",{"tag":"ConstrainedType","contents":[{"constraintClass":[["Control","Monad","Rec","Class"],"MonadRec"],"constraintArgs":[{"tag":"TypeVar","contents":"m"}],"constraintData":null},{"tag":"ConstrainedType","contents":[{"constraintClass":[["Control","Parallel","Class"],"Parallel"],"constraintArgs":[{"tag":"TypeVar","contents":"f"},{"tag":"TypeVar","contents":"m"}],"constraintData":null},{"tag":"TypeApp","contents":[{"tag":"TypeApp","contents":[{"tag":"TypeConstructor","contents":[["Prim"],"Function"]},{"tag":"TypeApp","contents":[{"tag":"TypeApp","contents":[{"tag":"TypeApp","contents":[{"tag":"TypeConstructor","contents":[["Control","Monad","Free","Trans"],"FreeT"]},{"tag":"TypeApp","contents":[{"tag":"TypeApp","contents":[{"tag":"TypeConstructor","contents":[["Control","Coroutine"],"Transform"]},{"tag":"TypeVar","contents":"i"}]},{"tag":"TypeVar","contents":"j"}]}]},{"tag":"TypeVar","contents":"m"}]},{"tag":"TypeVar","contents":"a"}]}]},{"tag":"TypeApp","contents":[{"tag":"TypeApp","contents":[{"tag":"TypeConstructor","contents":[["Prim"],"Function"]},{"tag":"TypeApp","contents":[{"tag":"TypeApp","contents":[{"tag":"TypeApp","contents":[{"tag":"TypeConstructor","contents":[["Control","Monad","Free","Trans"],"FreeT"]},{"tag":"TypeApp","contents":[{"tag":"TypeApp","contents":[{"tag":"TypeConstructor","contents":[["Control","Coroutine"],"Transform"]},{"tag":"TypeVar","contents":"j"}]},{"tag":"TypeVar","contents":"k"}]}]},{"tag":"TypeVar","contents":"m"}]},{"tag":"TypeVar","contents":"a"}]}]},{"tag":"TypeApp","contents":[{"tag":"TypeApp","contents":[{"tag":"TypeApp","contents":[{"tag":"TypeConstructor","contents":[["Control","Monad","Free","Trans"],"FreeT"]},{"tag":"TypeApp","contents":[{"tag":"TypeApp","contents":[{"tag":"TypeConstructor","contents":[["Control","Coroutine"],"Transform"]},{"tag":"TypeVar","contents":"i"}]},{"tag":"TypeVar","contents":"k"}]}]},{"tag":"TypeVar","contents":"m"}]},{"tag":"TypeVar","contents":"a"}]}]}]}]}]},223]},224]},225]},226]},227]},228]}}},{"EDValue":{"edValueName":{"Ident":"composeCoTransformers"},"edValueType":{"tag":"ForAll","contents":["a",{"tag":"ForAll","contents":["m",{"tag":"ForAll","contents":["f",{"tag":"ForAll","contents":["k",{"tag":"ForAll","contents":["j",{"tag":"ForAll","contents":["i",{"tag":"ConstrainedType","contents":[{"constraintClass":[["Control","Monad","Rec","Class"],"MonadRec"],"constraintArgs":[{"tag":"TypeVar","contents":"m"}],"constraintData":null},{"tag":"ConstrainedType","contents":[{"constraintClass":[["Control","Parallel","Class"],"Parallel"],"constraintArgs":[{"tag":"TypeVar","contents":"f"},{"tag":"TypeVar","contents":"m"}],"constraintData":null},{"tag":"TypeApp","contents":[{"tag":"TypeApp","contents":[{"tag":"TypeConstructor","contents":[["Prim"],"Function"]},{"tag":"TypeApp","contents":[{"tag":"TypeApp","contents":[{"tag":"TypeApp","contents":[{"tag":"TypeConstructor","contents":[["Control","Monad","Free","Trans"],"FreeT"]},{"tag":"TypeApp","contents":[{"tag":"TypeApp","contents":[{"tag":"TypeConstructor","contents":[["Control","Coroutine"],"CoTransform"]},{"tag":"TypeVar","contents":"i"}]},{"tag":"TypeVar","contents":"j"}]}]},{"tag":"TypeVar","contents":"m"}]},{"tag":"TypeVar","contents":"a"}]}]},{"tag":"TypeApp","contents":[{"tag":"TypeApp","contents":[{"tag":"TypeConstructor","contents":[["Prim"],"Function"]},{"tag":"TypeApp","contents":[{"tag":"TypeApp","contents":[{"tag":"TypeApp","contents":[{"tag":"TypeConstructor","contents":[["Control","Monad","Free","Trans"],"FreeT"]},{"tag":"TypeApp","contents":[{"tag":"TypeApp","contents":[{"tag":"TypeConstructor","contents":[["Control","Coroutine"],"CoTransform"]},{"tag":"TypeVar","contents":"j"}]},{"tag":"TypeVar","contents":"k"}]}]},{"tag":"TypeVar","contents":"m"}]},{"tag":"TypeVar","contents":"a"}]}]},{"tag":"TypeApp","contents":[{"tag":"TypeApp","contents":[{"tag":"TypeApp","contents":[{"tag":"TypeConstructor","contents":[["Control","Monad","Free","Trans"],"FreeT"]},{"tag":"TypeApp","contents":[{"tag":"TypeApp","contents":[{"tag":"TypeConstructor","contents":[["Control","Coroutine"],"CoTransform"]},{"tag":"TypeVar","contents":"i"}]},{"tag":"TypeVar","contents":"k"}]}]},{"tag":"TypeVar","contents":"m"}]},{"tag":"TypeVar","contents":"a"}]}]}]}]}]},238]},239]},240]},241]},242]},243]}}},{"EDValue":{"edValueName":{"Ident":"fuseCoTransform"},"edValueType":{"tag":"ForAll","contents":["a",{"tag":"ForAll","contents":["m",{"tag":"ForAll","contents":["f",{"tag":"ForAll","contents":["o",{"tag":"ForAll","contents":["i",{"tag":"ConstrainedType","contents":[{"constraintClass":[["Control","Monad","Rec","Class"],"MonadRec"],"constraintArgs":[{"tag":"TypeVar","contents":"m"}],"constraintData":null},{"tag":"ConstrainedType","contents":[{"constraintClass":[["Control","Parallel","Class"],"Parallel"],"constraintArgs":[{"tag":"TypeVar","contents":"f"},{"tag":"TypeVar","contents":"m"}],"constraintData":null},{"tag":"TypeApp","contents":[{"tag":"TypeApp","contents":[{"tag":"TypeConstructor","contents":[["Prim"],"Function"]},{"tag":"TypeApp","contents":[{"tag":"TypeApp","contents":[{"tag":"TypeApp","contents":[{"tag":"TypeConstructor","contents":[["Control","Monad","Free","Trans"],"FreeT"]},{"tag":"TypeApp","contents":[{"tag":"TypeApp","contents":[{"tag":"TypeConstructor","contents":[["Control","Coroutine"],"Transform"]},{"tag":"TypeVar","contents":"i"}]},{"tag":"TypeVar","contents":"o"}]}]},{"tag":"TypeVar","contents":"m"}]},{"tag":"TypeVar","contents":"a"}]}]},{"tag":"TypeApp","contents":[{"tag":"TypeApp","contents":[{"tag":"TypeConstructor","contents":[["Prim"],"Function"]},{"tag":"TypeApp","contents":[{"tag":"TypeApp","contents":[{"tag":"TypeApp","contents":[{"tag":"TypeConstructor","contents":[["Control","Monad","Free","Trans"],"FreeT"]},{"tag":"TypeApp","contents":[{"tag":"TypeApp","contents":[{"tag":"TypeConstructor","contents":[["Control","Coroutine"],"CoTransform"]},{"tag":"TypeVar","contents":"o"}]},{"tag":"TypeVar","contents":"i"}]}]},{"tag":"TypeVar","contents":"m"}]},{"tag":"TypeVar","contents":"a"}]}]},{"tag":"TypeApp","contents":[{"tag":"TypeApp","contents":[{"tag":"TypeApp","contents":[{"tag":"TypeConstructor","contents":[["Control","Monad","Free","Trans"],"FreeT"]},{"tag":"TypeConstructor","contents":[["Data","Identity"],"Identity"]}]},{"tag":"TypeVar","contents":"m"}]},{"tag":"TypeVar","contents":"a"}]}]}]}]}]},155]},156]},157]},158]},159]}}},{"EDValue":{"edValueName":{"Ident":"transformCoTransformL"},"edValueType":{"tag":"ForAll","contents":["a",{"tag":"ForAll","contents":["m",{"tag":"ForAll","contents":["f",{"tag":"ForAll","contents":["o",{"tag":"ForAll","contents":["i2",{"tag":"ForAll","contents":["i1",{"tag":"ConstrainedType","contents":[{"constraintClass":[["Control","Monad","Rec","Class"],"MonadRec"],"constraintArgs":[{"tag":"TypeVar","contents":"m"}],"constraintData":null},{"tag":"ConstrainedType","contents":[{"constraintClass":[["Control","Parallel","Class"],"Parallel"],"constraintArgs":[{"tag":"TypeVar","contents":"f"},{"tag":"TypeVar","contents":"m"}],"constraintData":null},{"tag":"TypeApp","contents":[{"tag":"TypeApp","contents":[{"tag":"TypeConstructor","contents":[["Prim"],"Function"]},{"tag":"TypeApp","contents":[{"tag":"TypeApp","contents":[{"tag":"TypeApp","contents":[{"tag":"TypeConstructor","contents":[["Control","Monad","Free","Trans"],"FreeT"]},{"tag":"TypeApp","contents":[{"tag":"TypeApp","contents":[{"tag":"TypeConstructor","contents":[["Control","Coroutine"],"Transform"]},{"tag":"TypeVar","contents":"i1"}]},{"tag":"TypeVar","contents":"i2"}]}]},{"tag":"TypeVar","contents":"m"}]},{"tag":"TypeVar","contents":"a"}]}]},{"tag":"TypeApp","contents":[{"tag":"TypeApp","contents":[{"tag":"TypeConstructor","contents":[["Prim"],"Function"]},{"tag":"TypeApp","contents":[{"tag":"TypeApp","contents":[{"tag":"TypeApp","contents":[{"tag":"TypeConstructor","contents":[["Control","Monad","Free","Trans"],"FreeT"]},{"tag":"TypeApp","contents":[{"tag":"TypeApp","contents":[{"tag":"TypeConstructor","contents":[["Control","Coroutine"],"CoTransform"]},{"tag":"TypeVar","contents":"i2"}]},{"tag":"TypeVar","contents":"o"}]}]},{"tag":"TypeVar","contents":"m"}]},{"tag":"TypeVar","contents":"a"}]}]},{"tag":"TypeApp","contents":[{"tag":"TypeApp","contents":[{"tag":"TypeApp","contents":[{"tag":"TypeConstructor","contents":[["Control","Monad","Free","Trans"],"FreeT"]},{"tag":"TypeApp","contents":[{"tag":"TypeApp","contents":[{"tag":"TypeConstructor","contents":[["Control","Coroutine"],"CoTransform"]},{"tag":"TypeVar","contents":"i1"}]},{"tag":"TypeVar","contents":"o"}]}]},{"tag":"TypeVar","contents":"m"}]},{"tag":"TypeVar","contents":"a"}]}]}]}]}]},99]},100]},101]},102]},103]},104]}}},{"EDValue":{"edValueName":{"Ident":"transformCoTransformR"},"edValueType":{"tag":"ForAll","contents":["a",{"tag":"ForAll","contents":["m",{"tag":"ForAll","contents":["f",{"tag":"ForAll","contents":["o2",{"tag":"ForAll","contents":["o1",{"tag":"ForAll","contents":["i",{"tag":"ConstrainedType","contents":[{"constraintClass":[["Control","Monad","Rec","Class"],"MonadRec"],"constraintArgs":[{"tag":"TypeVar","contents":"m"}],"constraintData":null},{"tag":"ConstrainedType","contents":[{"constraintClass":[["Control","Parallel","Class"],"Parallel"],"constraintArgs":[{"tag":"TypeVar","contents":"f"},{"tag":"TypeVar","contents":"m"}],"constraintData":null},{"tag":"TypeApp","contents":[{"tag":"TypeApp","contents":[{"tag":"TypeConstructor","contents":[["Prim"],"Function"]},{"tag":"TypeApp","contents":[{"tag":"TypeApp","contents":[{"tag":"TypeApp","contents":[{"tag":"TypeConstructor","contents":[["Control","Monad","Free","Trans"],"FreeT"]},{"tag":"TypeApp","contents":[{"tag":"TypeApp","contents":[{"tag":"TypeConstructor","contents":[["Control","Coroutine"],"CoTransform"]},{"tag":"TypeVar","contents":"i"}]},{"tag":"TypeVar","contents":"o1"}]}]},{"tag":"TypeVar","contents":"m"}]},{"tag":"TypeVar","contents":"a"}]}]},{"tag":"TypeApp","contents":[{"tag":"TypeApp","contents":[{"tag":"TypeConstructor","contents":[["Prim"],"Function"]},{"tag":"TypeApp","contents":[{"tag":"TypeApp","contents":[{"tag":"TypeApp","contents":[{"tag":"TypeConstructor","contents":[["Control","Monad","Free","Trans"],"FreeT"]},{"tag":"TypeApp","contents":[{"tag":"TypeApp","contents":[{"tag":"TypeConstructor","contents":[["Control","Coroutine"],"Transform"]},{"tag":"TypeVar","contents":"o1"}]},{"tag":"TypeVar","contents":"o2"}]}]},{"tag":"TypeVar","contents":"m"}]},{"tag":"TypeVar","contents":"a"}]}]},{"tag":"TypeApp","contents":[{"tag":"TypeApp","contents":[{"tag":"TypeApp","contents":[{"tag":"TypeConstructor","contents":[["Control","Monad","Free","Trans"],"FreeT"]},{"tag":"TypeApp","contents":[{"tag":"TypeApp","contents":[{"tag":"TypeConstructor","contents":[["Control","Coroutine"],"CoTransform"]},{"tag":"TypeVar","contents":"i"}]},{"tag":"TypeVar","contents":"o2"}]}]},{"tag":"TypeVar","contents":"m"}]},{"tag":"TypeVar","contents":"a"}]}]}]}]}]},114]},115]},116]},117]},118]},119]}}},{"EDValue":{"edValueName":{"Ident":"joinProducers"},"edValueType":{"tag":"ForAll","contents":["a",{"tag":"ForAll","contents":["m",{"tag":"ForAll","contents":["f",{"tag":"ForAll","contents":["o2",{"tag":"ForAll","contents":["o1",{"tag":"ConstrainedType","contents":[{"constraintClass":[["Control","Monad","Rec","Class"],"MonadRec"],"constraintArgs":[{"tag":"TypeVar","contents":"m"}],"constraintData":null},{"tag":"ConstrainedType","contents":[{"constraintClass":[["Control","Parallel","Class"],"Parallel"],"constraintArgs":[{"tag":"TypeVar","contents":"f"},{"tag":"TypeVar","contents":"m"}],"constraintData":null},{"tag":"TypeApp","contents":[{"tag":"TypeApp","contents":[{"tag":"TypeConstructor","contents":[["Prim"],"Function"]},{"tag":"TypeApp","contents":[{"tag":"TypeApp","contents":[{"tag":"TypeApp","contents":[{"tag":"TypeConstructor","contents":[["Control","Monad","Free","Trans"],"FreeT"]},{"tag":"TypeApp","contents":[{"tag":"TypeConstructor","contents":[["Control","Coroutine"],"Emit"]},{"tag":"TypeVar","contents":"o1"}]}]},{"tag":"TypeVar","contents":"m"}]},{"tag":"TypeVar","contents":"a"}]}]},{"tag":"TypeApp","contents":[{"tag":"TypeApp","contents":[{"tag":"TypeConstructor","contents":[["Prim"],"Function"]},{"tag":"TypeApp","contents":[{"tag":"TypeApp","contents":[{"tag":"TypeApp","contents":[{"tag":"TypeConstructor","contents":[["Control","Monad","Free","Trans"],"FreeT"]},{"tag":"TypeApp","contents":[{"tag":"TypeConstructor","contents":[["Control","Coroutine"],"Emit"]},{"tag":"TypeVar","contents":"o2"}]}]},{"tag":"TypeVar","contents":"m"}]},{"tag":"TypeVar","contents":"a"}]}]},{"tag":"TypeApp","contents":[{"tag":"TypeApp","contents":[{"tag":"TypeApp","contents":[{"tag":"TypeConstructor","contents":[["Control","Monad","Free","Trans"],"FreeT"]},{"tag":"TypeApp","contents":[{"tag":"TypeConstructor","contents":[["Control","Coroutine"],"Emit"]},{"tag":"TypeApp","contents":[{"tag":"TypeApp","contents":[{"tag":"TypeConstructor","contents":[["Data","Tuple"],"Tuple"]},{"tag":"TypeVar","contents":"o1"}]},{"tag":"TypeVar","contents":"o2"}]}]}]},{"tag":"TypeVar","contents":"m"}]},{"tag":"TypeVar","contents":"a"}]}]}]}]}]},86]},87]},88]},89]},90]}}},{"EDValue":{"edValueName":{"Ident":"joinConsumers"},"edValueType":{"tag":"ForAll","contents":["a",{"tag":"ForAll","contents":["m",{"tag":"ForAll","contents":["f",{"tag":"ForAll","contents":["i2",{"tag":"ForAll","contents":["i1",{"tag":"ConstrainedType","contents":[{"constraintClass":[["Control","Monad","Rec","Class"],"MonadRec"],"constraintArgs":[{"tag":"TypeVar","contents":"m"}],"constraintData":null},{"tag":"ConstrainedType","contents":[{"constraintClass":[["Control","Parallel","Class"],"Parallel"],"constraintArgs":[{"tag":"TypeVar","contents":"f"},{"tag":"TypeVar","contents":"m"}],"constraintData":null},{"tag":"TypeApp","contents":[{"tag":"TypeApp","contents":[{"tag":"TypeConstructor","contents":[["Prim"],"Function"]},{"tag":"TypeApp","contents":[{"tag":"TypeApp","contents":[{"tag":"TypeApp","contents":[{"tag":"TypeConstructor","contents":[["Control","Monad","Free","Trans"],"FreeT"]},{"tag":"TypeApp","contents":[{"tag":"TypeConstructor","contents":[["Control","Coroutine"],"Await"]},{"tag":"TypeVar","contents":"i1"}]}]},{"tag":"TypeVar","contents":"m"}]},{"tag":"TypeVar","contents":"a"}]}]},{"tag":"TypeApp","contents":[{"tag":"TypeApp","contents":[{"tag":"TypeConstructor","contents":[["Prim"],"Function"]},{"tag":"TypeApp","contents":[{"tag":"TypeApp","contents":[{"tag":"TypeApp","contents":[{"tag":"TypeConstructor","contents":[["Control","Monad","Free","Trans"],"FreeT"]},{"tag":"TypeApp","contents":[{"tag":"TypeConstructor","contents":[["Control","Coroutine"],"Await"]},{"tag":"TypeVar","contents":"i2"}]}]},{"tag":"TypeVar","contents":"m"}]},{"tag":"TypeVar","contents":"a"}]}]},{"tag":"TypeApp","contents":[{"tag":"TypeApp","contents":[{"tag":"TypeApp","contents":[{"tag":"TypeConstructor","contents":[["Control","Monad","Free","Trans"],"FreeT"]},{"tag":"TypeApp","contents":[{"tag":"TypeConstructor","contents":[["Control","Coroutine"],"Await"]},{"tag":"TypeApp","contents":[{"tag":"TypeApp","contents":[{"tag":"TypeConstructor","contents":[["Data","Tuple"],"Tuple"]},{"tag":"TypeVar","contents":"i1"}]},{"tag":"TypeVar","contents":"i2"}]}]}]},{"tag":"TypeVar","contents":"m"}]},{"tag":"TypeVar","contents":"a"}]}]}]}]}]},73]},74]},75]},76]},77]}}},{"EDInstance":{"edInstanceClassName":[["Data","Bifunctor"],"Bifunctor"],"edInstanceName":{"Ident":"bifunctorEmit"},"edInstanceTypes":[{"tag":"TypeConstructor","contents":[["Control","Coroutine"],"Emit"]}],"edInstanceConstraints":[]}},{"EDInstance":{"edInstanceClassName":[["Data","Functor"],"Functor"],"edInstanceName":{"Ident":"functorEmit"},"edInstanceTypes":[{"tag":"TypeApp","contents":[{"tag":"TypeConstructor","contents":[["Control","Coroutine"],"Emit"]},{"tag":"TypeVar","contents":"o"}]}],"edInstanceConstraints":[]}},{"EDInstance":{"edInstanceClassName":[["Data","Profunctor"],"Profunctor"],"edInstanceName":{"Ident":"profunctorAwait"},"edInstanceTypes":[{"tag":"TypeConstructor","contents":[["Control","Coroutine"],"Await"]}],"edInstanceConstraints":[]}},{"EDInstance":{"edInstanceClassName":[["Data","Functor"],"Functor"],"edInstanceName":{"Ident":"functorAwait"},"edInstanceTypes":[{"tag":"TypeApp","contents":[{"tag":"TypeConstructor","contents":[["Control","Coroutine"],"Await"]},{"tag":"TypeVar","contents":"i"}]}],"edInstanceConstraints":[]}},{"EDInstance":{"edInstanceClassName":[["Data","Bifunctor"],"Bifunctor"],"edInstanceName":{"Ident":"bifunctorTransform"},"edInstanceTypes":[{"tag":"TypeApp","contents":[{"tag":"TypeConstructor","contents":[["Control","Coroutine"],"Transform"]},{"tag":"TypeVar","contents":"i"}]}],"edInstanceConstraints":[]}},{"EDInstance":{"edInstanceClassName":[["Data","Functor"],"Functor"],"edInstanceName":{"Ident":"functorTransform"},"edInstanceTypes":[{"tag":"TypeApp","contents":[{"tag":"TypeApp","contents":[{"tag":"TypeConstructor","contents":[["Control","Coroutine"],"Transform"]},{"tag":"TypeVar","contents":"i"}]},{"tag":"TypeVar","contents":"o"}]}],"edInstanceConstraints":[]}},{"EDInstance":{"edInstanceClassName":[["Data","Bifunctor"],"Bifunctor"],"edInstanceName":{"Ident":"bifunctorCoTransform"},"edInstanceTypes":[{"tag":"TypeApp","contents":[{"tag":"TypeConstructor","contents":[["Control","Coroutine"],"CoTransform"]},{"tag":"TypeVar","contents":"i"}]}],"edInstanceConstraints":[]}},{"EDInstance":{"edInstanceClassName":[["Data","Functor"],"Functor"],"edInstanceName":{"Ident":"functorCoTransform"},"edInstanceTypes":[{"tag":"TypeApp","contents":[{"tag":"TypeApp","contents":[{"tag":"TypeConstructor","contents":[["Control","Coroutine"],"CoTransform"]},{"tag":"TypeVar","contents":"i"}]},{"tag":"TypeVar","contents":"o"}]}],"edInstanceConstraints":[]}}],"efSourceSpan":{"start":[1,1],"name":"E:\\practice\\haskell\\cube-rotation\\bower_components\\purescript-coroutines\\src\\Control\\Coroutine.purs","end":[261,27]}}