{"efVersion":"0.11.7","efModuleName":["Data","Date"],"efExports":[{"ReExportRef":[{"start":[1,1],"name":"E:\\practice\\haskell\\cube-rotation\\bower_components\\purescript-datetime\\src\\Data\\Date.purs","end":[110,58]},["Data","Date","Component"],{"TypeRef":[{"start":[1,1],"name":"E:\\practice\\haskell\\cube-rotation\\bower_components\\purescript-datetime\\src\\Data\\Date.purs","end":[110,58]},"Day",[]]}]},{"ReExportRef":[{"start":[1,1],"name":"E:\\practice\\haskell\\cube-rotation\\bower_components\\purescript-datetime\\src\\Data\\Date.purs","end":[110,58]},["Data","Date","Component"],{"TypeRef":[{"start":[1,1],"name":"E:\\practice\\haskell\\cube-rotation\\bower_components\\purescript-datetime\\src\\Data\\Date.purs","end":[110,58]},"Month",["April","August","December","February","January","July","June","March","May","November","October","September"]]}]},{"ReExportRef":[{"start":[1,1],"name":"E:\\practice\\haskell\\cube-rotation\\bower_components\\purescript-datetime\\src\\Data\\Date.purs","end":[110,58]},["Data","Date","Component"],{"TypeRef":[{"start":[1,1],"name":"E:\\practice\\haskell\\cube-rotation\\bower_components\\purescript-datetime\\src\\Data\\Date.purs","end":[110,58]},"Weekday",["Friday","Monday","Saturday","Sunday","Thursday","Tuesday","Wednesday"]]}]},{"ReExportRef":[{"start":[1,1],"name":"E:\\practice\\haskell\\cube-rotation\\bower_components\\purescript-datetime\\src\\Data\\Date.purs","end":[110,58]},["Data","Date","Component"],{"TypeRef":[{"start":[1,1],"name":"E:\\practice\\haskell\\cube-rotation\\bower_components\\purescript-datetime\\src\\Data\\Date.purs","end":[110,58]},"Year",[]]}]},{"TypeRef":[{"start":[1,1],"name":"E:\\practice\\haskell\\cube-rotation\\bower_components\\purescript-datetime\\src\\Data\\Date.purs","end":[110,58]},"Date",[]]},{"ValueRef":[{"start":[1,1],"name":"E:\\practice\\haskell\\cube-rotation\\bower_components\\purescript-datetime\\src\\Data\\Date.purs","end":[110,58]},{"Ident":"canonicalDate"}]},{"ValueRef":[{"start":[1,1],"name":"E:\\practice\\haskell\\cube-rotation\\bower_components\\purescript-datetime\\src\\Data\\Date.purs","end":[110,58]},{"Ident":"exactDate"}]},{"ValueRef":[{"start":[1,1],"name":"E:\\practice\\haskell\\cube-rotation\\bower_components\\purescript-datetime\\src\\Data\\Date.purs","end":[110,58]},{"Ident":"year"}]},{"ValueRef":[{"start":[1,1],"name":"E:\\practice\\haskell\\cube-rotation\\bower_components\\purescript-datetime\\src\\Data\\Date.purs","end":[110,58]},{"Ident":"month"}]},{"ValueRef":[{"start":[1,1],"name":"E:\\practice\\haskell\\cube-rotation\\bower_components\\purescript-datetime\\src\\Data\\Date.purs","end":[110,58]},{"Ident":"day"}]},{"ValueRef":[{"start":[1,1],"name":"E:\\practice\\haskell\\cube-rotation\\bower_components\\purescript-datetime\\src\\Data\\Date.purs","end":[110,58]},{"Ident":"weekday"}]},{"ValueRef":[{"start":[1,1],"name":"E:\\practice\\haskell\\cube-rotation\\bower_components\\purescript-datetime\\src\\Data\\Date.purs","end":[110,58]},{"Ident":"diff"}]},{"ValueRef":[{"start":[1,1],"name":"E:\\practice\\haskell\\cube-rotation\\bower_components\\purescript-datetime\\src\\Data\\Date.purs","end":[110,58]},{"Ident":"isLeapYear"}]},{"ValueRef":[{"start":[1,1],"name":"E:\\practice\\haskell\\cube-rotation\\bower_components\\purescript-datetime\\src\\Data\\Date.purs","end":[110,58]},{"Ident":"lastDayOfMonth"}]},{"ModuleRef":[{"start":[12,5],"name":"E:\\practice\\haskell\\cube-rotation\\bower_components\\purescript-datetime\\src\\Data\\Date.purs","end":[12,31]},["Data","Date","Component"]]},{"TypeInstanceRef":[{"start":[0,0],"name":"<generated>","end":[0,0]},{"Ident":"eqDate"}]},{"TypeInstanceRef":[{"start":[0,0],"name":"<generated>","end":[0,0]},{"Ident":"ordDate"}]},{"TypeInstanceRef":[{"start":[0,0],"name":"<generated>","end":[0,0]},{"Ident":"genericDate"}]},{"TypeInstanceRef":[{"start":[0,0],"name":"<generated>","end":[0,0]},{"Ident":"boundedDate"}]},{"TypeInstanceRef":[{"start":[0,0],"name":"<generated>","end":[0,0]},{"Ident":"showDate"}]}],"efImports":[{"eiModule":["Prim"],"eiImportType":{"Implicit":[]},"eiImportedAs":["Prim"]},{"eiModule":["Prim"],"eiImportType":{"Implicit":[]},"eiImportedAs":null},{"eiModule":["Prelude"],"eiImportType":{"Implicit":[]},"eiImportedAs":null},{"eiModule":["Data","Date","Component"],"eiImportType":{"Explicit":[{"TypeRef":[{"start":[17,29],"name":"E:\\practice\\haskell\\cube-rotation\\bower_components\\purescript-datetime\\src\\Data\\Date.purs","end":[17,32]},"Day",[]]},{"TypeRef":[{"start":[17,34],"name":"E:\\practice\\haskell\\cube-rotation\\bower_components\\purescript-datetime\\src\\Data\\Date.purs","end":[17,43]},"Month",null]},{"TypeRef":[{"start":[17,45],"name":"E:\\practice\\haskell\\cube-rotation\\bower_components\\purescript-datetime\\src\\Data\\Date.purs","end":[17,56]},"Weekday",null]},{"TypeRef":[{"start":[17,58],"name":"E:\\practice\\haskell\\cube-rotation\\bower_components\\purescript-datetime\\src\\Data\\Date.purs","end":[17,62]},"Year",[]]}]},"eiImportedAs":null},{"eiModule":["Data","Enum"],"eiImportType":{"Explicit":[{"ValueRef":[{"start":[18,19],"name":"E:\\practice\\haskell\\cube-rotation\\bower_components\\purescript-datetime\\src\\Data\\Date.purs","end":[18,25]},{"Ident":"toEnum"}]},{"ValueRef":[{"start":[18,27],"name":"E:\\practice\\haskell\\cube-rotation\\bower_components\\purescript-datetime\\src\\Data\\Date.purs","end":[18,35]},{"Ident":"fromEnum"}]}]},"eiImportedAs":null},{"eiModule":["Data","Function","Uncurried"],"eiImportType":{"Explicit":[{"TypeRef":[{"start":[19,33],"name":"E:\\practice\\haskell\\cube-rotation\\bower_components\\purescript-datetime\\src\\Data\\Date.purs","end":[19,36]},"Fn3",[]]},{"ValueRef":[{"start":[19,38],"name":"E:\\practice\\haskell\\cube-rotation\\bower_components\\purescript-datetime\\src\\Data\\Date.purs","end":[19,44]},{"Ident":"runFn3"}]},{"TypeRef":[{"start":[19,46],"name":"E:\\practice\\haskell\\cube-rotation\\bower_components\\purescript-datetime\\src\\Data\\Date.purs","end":[19,49]},"Fn4",[]]},{"ValueRef":[{"start":[19,51],"name":"E:\\practice\\haskell\\cube-rotation\\bower_components\\purescript-datetime\\src\\Data\\Date.purs","end":[19,57]},{"Ident":"runFn4"}]},{"TypeRef":[{"start":[19,59],"name":"E:\\practice\\haskell\\cube-rotation\\bower_components\\purescript-datetime\\src\\Data\\Date.purs","end":[19,62]},"Fn6",[]]},{"ValueRef":[{"start":[19,64],"name":"E:\\practice\\haskell\\cube-rotation\\bower_components\\purescript-datetime\\src\\Data\\Date.purs","end":[19,70]},{"Ident":"runFn6"}]}]},"eiImportedAs":null},{"eiModule":["Data","Generic"],"eiImportType":{"Explicit":[{"TypeClassRef":[{"start":[20,22],"name":"E:\\practice\\haskell\\cube-rotation\\bower_components\\purescript-datetime\\src\\Data\\Date.purs","end":[20,35]},"Generic"]}]},"eiImportedAs":null},{"eiModule":["Data","Maybe"],"eiImportType":{"Explicit":[{"TypeRef":[{"start":[21,20],"name":"E:\\practice\\haskell\\cube-rotation\\bower_components\\purescript-datetime\\src\\Data\\Date.purs","end":[21,29]},"Maybe",null]},{"ValueRef":[{"start":[21,31],"name":"E:\\practice\\haskell\\cube-rotation\\bower_components\\purescript-datetime\\src\\Data\\Date.purs","end":[21,39]},{"Ident":"fromJust"}]}]},"eiImportedAs":null},{"eiModule":["Data","Time","Duration"],"eiImportType":{"Explicit":[{"TypeClassRef":[{"start":[22,28],"name":"E:\\practice\\haskell\\cube-rotation\\bower_components\\purescript-datetime\\src\\Data\\Date.purs","end":[22,42]},"Duration"]},{"ValueRef":[{"start":[22,44],"name":"E:\\practice\\haskell\\cube-rotation\\bower_components\\purescript-datetime\\src\\Data\\Date.purs","end":[22,54]},{"Ident":"toDuration"}]},{"TypeRef":[{"start":[22,56],"name":"E:\\practice\\haskell\\cube-rotation\\bower_components\\purescript-datetime\\src\\Data\\Date.purs","end":[22,68]},"Milliseconds",[]]}]},"eiImportedAs":null},{"eiModule":["Partial","Unsafe"],"eiImportType":{"Explicit":[{"ValueRef":[{"start":[24,24],"name":"E:\\practice\\haskell\\cube-rotation\\bower_components\\purescript-datetime\\src\\Data\\Date.purs","end":[24,37]},{"Ident":"unsafePartial"}]}]},"eiImportedAs":null}],"efFixities":[],"efTypeFixities":[],"efDeclarations":[{"EDType":{"edTypeName":"Date","edTypeKind":{"tag":"NamedKind","contents":[["Prim"],"Type"]},"edTypeDeclarationKind":{"DataType":{"args":[],"ctors":[["Date",[{"tag":"TypeConstructor","contents":[["Data","Date","Component"],"Year"]},{"tag":"TypeConstructor","contents":[["Data","Date","Component"],"Month"]},{"tag":"TypeConstructor","contents":[["Data","Date","Component"],"Day"]}]]]}}}},{"EDValue":{"edValueName":{"Ident":"canonicalDate"},"edValueType":{"tag":"TypeApp","contents":[{"tag":"TypeApp","contents":[{"tag":"TypeConstructor","contents":[["Prim"],"Function"]},{"tag":"TypeConstructor","contents":[["Data","Date","Component"],"Year"]}]},{"tag":"TypeApp","contents":[{"tag":"TypeApp","contents":[{"tag":"TypeConstructor","contents":[["Prim"],"Function"]},{"tag":"TypeConstructor","contents":[["Data","Date","Component"],"Month"]}]},{"tag":"TypeApp","contents":[{"tag":"TypeApp","contents":[{"tag":"TypeConstructor","contents":[["Prim"],"Function"]},{"tag":"TypeConstructor","contents":[["Data","Date","Component"],"Day"]}]},{"tag":"TypeConstructor","contents":[["Data","Date"],"Date"]}]}]}]}}},{"EDValue":{"edValueName":{"Ident":"exactDate"},"edValueType":{"tag":"TypeApp","contents":[{"tag":"TypeApp","contents":[{"tag":"TypeConstructor","contents":[["Prim"],"Function"]},{"tag":"TypeConstructor","contents":[["Data","Date","Component"],"Year"]}]},{"tag":"TypeApp","contents":[{"tag":"TypeApp","contents":[{"tag":"TypeConstructor","contents":[["Prim"],"Function"]},{"tag":"TypeConstructor","contents":[["Data","Date","Component"],"Month"]}]},{"tag":"TypeApp","contents":[{"tag":"TypeApp","contents":[{"tag":"TypeConstructor","contents":[["Prim"],"Function"]},{"tag":"TypeConstructor","contents":[["Data","Date","Component"],"Day"]}]},{"tag":"TypeApp","contents":[{"tag":"TypeConstructor","contents":[["Data","Maybe"],"Maybe"]},{"tag":"TypeConstructor","contents":[["Data","Date"],"Date"]}]}]}]}]}}},{"EDValue":{"edValueName":{"Ident":"year"},"edValueType":{"tag":"TypeApp","contents":[{"tag":"TypeApp","contents":[{"tag":"TypeConstructor","contents":[["Prim"],"Function"]},{"tag":"TypeConstructor","contents":[["Data","Date"],"Date"]}]},{"tag":"TypeConstructor","contents":[["Data","Date","Component"],"Year"]}]}}},{"EDValue":{"edValueName":{"Ident":"month"},"edValueType":{"tag":"TypeApp","contents":[{"tag":"TypeApp","contents":[{"tag":"TypeConstructor","contents":[["Prim"],"Function"]},{"tag":"TypeConstructor","contents":[["Data","Date"],"Date"]}]},{"tag":"TypeConstructor","contents":[["Data","Date","Component"],"Month"]}]}}},{"EDValue":{"edValueName":{"Ident":"day"},"edValueType":{"tag":"TypeApp","contents":[{"tag":"TypeApp","contents":[{"tag":"TypeConstructor","contents":[["Prim"],"Function"]},{"tag":"TypeConstructor","contents":[["Data","Date"],"Date"]}]},{"tag":"TypeConstructor","contents":[["Data","Date","Component"],"Day"]}]}}},{"EDValue":{"edValueName":{"Ident":"weekday"},"edValueType":{"tag":"TypeApp","contents":[{"tag":"TypeApp","contents":[{"tag":"TypeConstructor","contents":[["Prim"],"Function"]},{"tag":"TypeConstructor","contents":[["Data","Date"],"Date"]}]},{"tag":"TypeConstructor","contents":[["Data","Date","Component"],"Weekday"]}]}}},{"EDValue":{"edValueName":{"Ident":"diff"},"edValueType":{"tag":"ForAll","contents":["d",{"tag":"ConstrainedType","contents":[{"constraintClass":[["Data","Time","Duration"],"Duration"],"constraintArgs":[{"tag":"TypeVar","contents":"d"}],"constraintData":null},{"tag":"TypeApp","contents":[{"tag":"TypeApp","contents":[{"tag":"TypeConstructor","contents":[["Prim"],"Function"]},{"tag":"TypeConstructor","contents":[["Data","Date"],"Date"]}]},{"tag":"TypeApp","contents":[{"tag":"TypeApp","contents":[{"tag":"TypeConstructor","contents":[["Prim"],"Function"]},{"tag":"TypeConstructor","contents":[["Data","Date"],"Date"]}]},{"tag":"TypeVar","contents":"d"}]}]}]},7]}}},{"EDValue":{"edValueName":{"Ident":"isLeapYear"},"edValueType":{"tag":"TypeApp","contents":[{"tag":"TypeApp","contents":[{"tag":"TypeConstructor","contents":[["Prim"],"Function"]},{"tag":"TypeConstructor","contents":[["Data","Date","Component"],"Year"]}]},{"tag":"TypeConstructor","contents":[["Prim"],"Boolean"]}]}}},{"EDValue":{"edValueName":{"Ident":"lastDayOfMonth"},"edValueType":{"tag":"TypeApp","contents":[{"tag":"TypeApp","contents":[{"tag":"TypeConstructor","contents":[["Prim"],"Function"]},{"tag":"TypeConstructor","contents":[["Data","Date","Component"],"Year"]}]},{"tag":"TypeApp","contents":[{"tag":"TypeApp","contents":[{"tag":"TypeConstructor","contents":[["Prim"],"Function"]},{"tag":"TypeConstructor","contents":[["Data","Date","Component"],"Month"]}]},{"tag":"TypeConstructor","contents":[["Data","Date","Component"],"Day"]}]}]}}},{"EDInstance":{"edInstanceClassName":[["Data","Eq"],"Eq"],"edInstanceName":{"Ident":"eqDate"},"edInstanceTypes":[{"tag":"TypeConstructor","contents":[["Data","Date"],"Date"]}],"edInstanceConstraints":[]}},{"EDInstance":{"edInstanceClassName":[["Data","Ord"],"Ord"],"edInstanceName":{"Ident":"ordDate"},"edInstanceTypes":[{"tag":"TypeConstructor","contents":[["Data","Date"],"Date"]}],"edInstanceConstraints":[]}},{"EDInstance":{"edInstanceClassName":[["Data","Generic"],"Generic"],"edInstanceName":{"Ident":"genericDate"},"edInstanceTypes":[{"tag":"TypeConstructor","contents":[["Data","Date"],"Date"]}],"edInstanceConstraints":[]}},{"EDInstance":{"edInstanceClassName":[["Data","Bounded"],"Bounded"],"edInstanceName":{"Ident":"boundedDate"},"edInstanceTypes":[{"tag":"TypeConstructor","contents":[["Data","Date"],"Date"]}],"edInstanceConstraints":[]}},{"EDInstance":{"edInstanceClassName":[["Data","Show"],"Show"],"edInstanceName":{"Ident":"showDate"},"edInstanceTypes":[{"tag":"TypeConstructor","contents":[["Data","Date"],"Date"]}],"edInstanceConstraints":[]}}],"efSourceSpan":{"start":[1,1],"name":"E:\\practice\\haskell\\cube-rotation\\bower_components\\purescript-datetime\\src\\Data\\Date.purs","end":[110,58]}}