{"efVersion":"0.11.7","efModuleName":["Data","Lens","Prism","Coproduct"],"efExports":[{"ValueRef":[{"start":[1,1],"name":"E:\\practice\\haskell\\cube-rotation\\bower_components\\purescript-profunctor-lenses\\src\\Data\\Lens\\Prism\\Coproduct.purs","end":[17,25]},{"Ident":"_Left"}]},{"ValueRef":[{"start":[1,1],"name":"E:\\practice\\haskell\\cube-rotation\\bower_components\\purescript-profunctor-lenses\\src\\Data\\Lens\\Prism\\Coproduct.purs","end":[17,25]},{"Ident":"_Right"}]}],"efImports":[{"eiModule":["Prim"],"eiImportType":{"Implicit":[]},"eiImportedAs":["Prim"]},{"eiModule":["Prim"],"eiImportType":{"Implicit":[]},"eiImportedAs":null},{"eiModule":["Prelude"],"eiImportType":{"Implicit":[]},"eiImportedAs":null},{"eiModule":["Data","Functor","Coproduct"],"eiImportType":{"Explicit":[{"TypeRef":[{"start":[5,32],"name":"E:\\practice\\haskell\\cube-rotation\\bower_components\\purescript-profunctor-lenses\\src\\Data\\Lens\\Prism\\Coproduct.purs","end":[5,41]},"Coproduct",[]]}]},"eiImportedAs":null},{"eiModule":["Data","Lens","Iso","Newtype"],"eiImportType":{"Explicit":[{"ValueRef":[{"start":[7,31],"name":"E:\\practice\\haskell\\cube-rotation\\bower_components\\purescript-profunctor-lenses\\src\\Data\\Lens\\Prism\\Coproduct.purs","end":[7,39]},{"Ident":"_Newtype"}]}]},"eiImportedAs":null},{"eiModule":["Data","Lens","Prism"],"eiImportType":{"Explicit":[{"TypeRef":[{"start":[8,25],"name":"E:\\practice\\haskell\\cube-rotation\\bower_components\\purescript-profunctor-lenses\\src\\Data\\Lens\\Prism\\Coproduct.purs","end":[8,30]},"Prism",[]]}]},"eiImportedAs":null},{"eiModule":["Data","Lens","Prism","Either"],"eiImportType":{"Implicit":[]},"eiImportedAs":["E"]}],"efFixities":[],"efTypeFixities":[],"efDeclarations":[{"EDValue":{"edValueName":{"Ident":"_Left"},"edValueType":{"tag":"ForAll","contents":["a",{"tag":"ForAll","contents":["h",{"tag":"ForAll","contents":["g",{"tag":"ForAll","contents":["f",{"tag":"ForAll","contents":["p",{"tag":"ConstrainedType","contents":[{"constraintClass":[["Data","Profunctor","Choice"],"Choice"],"constraintArgs":[{"tag":"TypeVar","contents":"p"}],"constraintData":null},{"tag":"TypeApp","contents":[{"tag":"TypeApp","contents":[{"tag":"TypeConstructor","contents":[["Prim"],"Function"]},{"tag":"TypeApp","contents":[{"tag":"TypeApp","contents":[{"tag":"TypeVar","contents":"p"},{"tag":"TypeApp","contents":[{"tag":"TypeVar","contents":"f"},{"tag":"TypeVar","contents":"a"}]}]},{"tag":"TypeApp","contents":[{"tag":"TypeVar","contents":"h"},{"tag":"TypeVar","contents":"a"}]}]}]},{"tag":"TypeApp","contents":[{"tag":"TypeApp","contents":[{"tag":"TypeVar","contents":"p"},{"tag":"TypeApp","contents":[{"tag":"TypeApp","contents":[{"tag":"TypeApp","contents":[{"tag":"TypeConstructor","contents":[["Data","Functor","Coproduct"],"Coproduct"]},{"tag":"TypeVar","contents":"f"}]},{"tag":"TypeVar","contents":"g"}]},{"tag":"TypeVar","contents":"a"}]}]},{"tag":"TypeApp","contents":[{"tag":"TypeApp","contents":[{"tag":"TypeApp","contents":[{"tag":"TypeConstructor","contents":[["Data","Functor","Coproduct"],"Coproduct"]},{"tag":"TypeVar","contents":"h"}]},{"tag":"TypeVar","contents":"g"}]},{"tag":"TypeVar","contents":"a"}]}]}]}]},10]},11]},12]},13]},14]}}},{"EDValue":{"edValueName":{"Ident":"_Right"},"edValueType":{"tag":"ForAll","contents":["a",{"tag":"ForAll","contents":["h",{"tag":"ForAll","contents":["g",{"tag":"ForAll","contents":["f",{"tag":"ForAll","contents":["p",{"tag":"ConstrainedType","contents":[{"constraintClass":[["Data","Profunctor","Choice"],"Choice"],"constraintArgs":[{"tag":"TypeVar","contents":"p"}],"constraintData":null},{"tag":"TypeApp","contents":[{"tag":"TypeApp","contents":[{"tag":"TypeConstructor","contents":[["Prim"],"Function"]},{"tag":"TypeApp","contents":[{"tag":"TypeApp","contents":[{"tag":"TypeVar","contents":"p"},{"tag":"TypeApp","contents":[{"tag":"TypeVar","contents":"g"},{"tag":"TypeVar","contents":"a"}]}]},{"tag":"TypeApp","contents":[{"tag":"TypeVar","contents":"h"},{"tag":"TypeVar","contents":"a"}]}]}]},{"tag":"TypeApp","contents":[{"tag":"TypeApp","contents":[{"tag":"TypeVar","contents":"p"},{"tag":"TypeApp","contents":[{"tag":"TypeApp","contents":[{"tag":"TypeApp","contents":[{"tag":"TypeConstructor","contents":[["Data","Functor","Coproduct"],"Coproduct"]},{"tag":"TypeVar","contents":"f"}]},{"tag":"TypeVar","contents":"g"}]},{"tag":"TypeVar","contents":"a"}]}]},{"tag":"TypeApp","contents":[{"tag":"TypeApp","contents":[{"tag":"TypeApp","contents":[{"tag":"TypeConstructor","contents":[["Data","Functor","Coproduct"],"Coproduct"]},{"tag":"TypeVar","contents":"f"}]},{"tag":"TypeVar","contents":"h"}]},{"tag":"TypeVar","contents":"a"}]}]}]}]},0]},1]},2]},3]},4]}}}],"efSourceSpan":{"start":[1,1],"name":"E:\\practice\\haskell\\cube-rotation\\bower_components\\purescript-profunctor-lenses\\src\\Data\\Lens\\Prism\\Coproduct.purs","end":[17,25]}}