{"efVersion":"0.11.7","efModuleName":["Control","Monad","Gen","Common"],"efExports":[{"ValueRef":[{"start":[1,1],"name":"E:\\practice\\haskell\\cube-rotation\\bower_components\\purescript-gen\\src\\Control\\Monad\\Gen\\Common.purs","end":[54,66]},{"Ident":"genEither"}]},{"ValueRef":[{"start":[1,1],"name":"E:\\practice\\haskell\\cube-rotation\\bower_components\\purescript-gen\\src\\Control\\Monad\\Gen\\Common.purs","end":[54,66]},{"Ident":"genIdentity"}]},{"ValueRef":[{"start":[1,1],"name":"E:\\practice\\haskell\\cube-rotation\\bower_components\\purescript-gen\\src\\Control\\Monad\\Gen\\Common.purs","end":[54,66]},{"Ident":"genMaybe"}]},{"ValueRef":[{"start":[1,1],"name":"E:\\practice\\haskell\\cube-rotation\\bower_components\\purescript-gen\\src\\Control\\Monad\\Gen\\Common.purs","end":[54,66]},{"Ident":"genTuple"}]},{"ValueRef":[{"start":[1,1],"name":"E:\\practice\\haskell\\cube-rotation\\bower_components\\purescript-gen\\src\\Control\\Monad\\Gen\\Common.purs","end":[54,66]},{"Ident":"genNonEmpty"}]}],"efImports":[{"eiModule":["Prim"],"eiImportType":{"Implicit":[]},"eiImportedAs":["Prim"]},{"eiModule":["Prim"],"eiImportType":{"Implicit":[]},"eiImportedAs":null},{"eiModule":["Prelude"],"eiImportType":{"Implicit":[]},"eiImportedAs":null},{"eiModule":["Control","Apply"],"eiImportType":{"Explicit":[{"ValueRef":[{"start":[5,23],"name":"E:\\practice\\haskell\\cube-rotation\\bower_components\\purescript-gen\\src\\Control\\Monad\\Gen\\Common.purs","end":[5,28]},{"Ident":"lift2"}]}]},"eiImportedAs":null},{"eiModule":["Control","Monad","Gen"],"eiImportType":{"Explicit":[{"TypeClassRef":[{"start":[6,27],"name":"E:\\practice\\haskell\\cube-rotation\\bower_components\\purescript-gen\\src\\Control\\Monad\\Gen\\Common.purs","end":[6,41]},"MonadGen"]},{"ValueRef":[{"start":[6,43],"name":"E:\\practice\\haskell\\cube-rotation\\bower_components\\purescript-gen\\src\\Control\\Monad\\Gen\\Common.purs","end":[6,49]},{"Ident":"resize"}]},{"ValueRef":[{"start":[6,51],"name":"E:\\practice\\haskell\\cube-rotation\\bower_components\\purescript-gen\\src\\Control\\Monad\\Gen\\Common.purs","end":[6,57]},{"Ident":"choose"}]},{"ValueRef":[{"start":[6,59],"name":"E:\\practice\\haskell\\cube-rotation\\bower_components\\purescript-gen\\src\\Control\\Monad\\Gen\\Common.purs","end":[6,70]},{"Ident":"chooseFloat"}]},{"ValueRef":[{"start":[6,72],"name":"E:\\practice\\haskell\\cube-rotation\\bower_components\\purescript-gen\\src\\Control\\Monad\\Gen\\Common.purs","end":[6,82]},{"Ident":"unfoldable"}]}]},"eiImportedAs":null},{"eiModule":["Control","Monad","Rec","Class"],"eiImportType":{"Explicit":[{"TypeClassRef":[{"start":[7,33],"name":"E:\\practice\\haskell\\cube-rotation\\bower_components\\purescript-gen\\src\\Control\\Monad\\Gen\\Common.purs","end":[7,47]},"MonadRec"]}]},"eiImportedAs":null},{"eiModule":["Data","Either"],"eiImportType":{"Explicit":[{"TypeRef":[{"start":[9,21],"name":"E:\\practice\\haskell\\cube-rotation\\bower_components\\purescript-gen\\src\\Control\\Monad\\Gen\\Common.purs","end":[9,31]},"Either",null]}]},"eiImportedAs":null},{"eiModule":["Data","Identity"],"eiImportType":{"Explicit":[{"TypeRef":[{"start":[10,23],"name":"E:\\practice\\haskell\\cube-rotation\\bower_components\\purescript-gen\\src\\Control\\Monad\\Gen\\Common.purs","end":[10,35]},"Identity",null]}]},"eiImportedAs":null},{"eiModule":["Data","Maybe"],"eiImportType":{"Explicit":[{"TypeRef":[{"start":[11,20],"name":"E:\\practice\\haskell\\cube-rotation\\bower_components\\purescript-gen\\src\\Control\\Monad\\Gen\\Common.purs","end":[11,29]},"Maybe",null]}]},"eiImportedAs":null},{"eiModule":["Data","NonEmpty"],"eiImportType":{"Explicit":[{"TypeRef":[{"start":[12,23],"name":"E:\\practice\\haskell\\cube-rotation\\bower_components\\purescript-gen\\src\\Control\\Monad\\Gen\\Common.purs","end":[12,31]},"NonEmpty",[]]},{"ValueOpRef":[{"start":[12,33],"name":"E:\\practice\\haskell\\cube-rotation\\bower_components\\purescript-gen\\src\\Control\\Monad\\Gen\\Common.purs","end":[12,37]},":|"]}]},"eiImportedAs":null},{"eiModule":["Data","Tuple"],"eiImportType":{"Explicit":[{"TypeRef":[{"start":[13,20],"name":"E:\\practice\\haskell\\cube-rotation\\bower_components\\purescript-gen\\src\\Control\\Monad\\Gen\\Common.purs","end":[13,29]},"Tuple",null]}]},"eiImportedAs":null},{"eiModule":["Data","Unfoldable"],"eiImportType":{"Explicit":[{"TypeClassRef":[{"start":[14,25],"name":"E:\\practice\\haskell\\cube-rotation\\bower_components\\purescript-gen\\src\\Control\\Monad\\Gen\\Common.purs","end":[14,41]},"Unfoldable"]}]},"eiImportedAs":null}],"efFixities":[],"efTypeFixities":[],"efDeclarations":[{"EDValue":{"edValueName":{"Ident":"genEither"},"edValueType":{"tag":"ForAll","contents":["b",{"tag":"ForAll","contents":["a",{"tag":"ForAll","contents":["m",{"tag":"ConstrainedType","contents":[{"constraintClass":[["Control","Monad","Gen","Class"],"MonadGen"],"constraintArgs":[{"tag":"TypeVar","contents":"m"}],"constraintData":null},{"tag":"TypeApp","contents":[{"tag":"TypeApp","contents":[{"tag":"TypeConstructor","contents":[["Prim"],"Function"]},{"tag":"TypeApp","contents":[{"tag":"TypeVar","contents":"m"},{"tag":"TypeVar","contents":"a"}]}]},{"tag":"TypeApp","contents":[{"tag":"TypeApp","contents":[{"tag":"TypeConstructor","contents":[["Prim"],"Function"]},{"tag":"TypeApp","contents":[{"tag":"TypeVar","contents":"m"},{"tag":"TypeVar","contents":"b"}]}]},{"tag":"TypeApp","contents":[{"tag":"TypeVar","contents":"m"},{"tag":"TypeApp","contents":[{"tag":"TypeApp","contents":[{"tag":"TypeConstructor","contents":[["Data","Either"],"Either"]},{"tag":"TypeVar","contents":"a"}]},{"tag":"TypeVar","contents":"b"}]}]}]}]}]},26]},27]},28]}}},{"EDValue":{"edValueName":{"Ident":"genIdentity"},"edValueType":{"tag":"ForAll","contents":["a",{"tag":"ForAll","contents":["m",{"tag":"ConstrainedType","contents":[{"constraintClass":[["Data","Functor"],"Functor"],"constraintArgs":[{"tag":"TypeVar","contents":"m"}],"constraintData":null},{"tag":"TypeApp","contents":[{"tag":"TypeApp","contents":[{"tag":"TypeConstructor","contents":[["Prim"],"Function"]},{"tag":"TypeApp","contents":[{"tag":"TypeVar","contents":"m"},{"tag":"TypeVar","contents":"a"}]}]},{"tag":"TypeApp","contents":[{"tag":"TypeVar","contents":"m"},{"tag":"TypeApp","contents":[{"tag":"TypeConstructor","contents":[["Data","Identity"],"Identity"]},{"tag":"TypeVar","contents":"a"}]}]}]}]},21]},22]}}},{"EDValue":{"edValueName":{"Ident":"genMaybe"},"edValueType":{"tag":"ForAll","contents":["a",{"tag":"ForAll","contents":["m",{"tag":"ConstrainedType","contents":[{"constraintClass":[["Control","Monad","Gen","Class"],"MonadGen"],"constraintArgs":[{"tag":"TypeVar","contents":"m"}],"constraintData":null},{"tag":"TypeApp","contents":[{"tag":"TypeApp","contents":[{"tag":"TypeConstructor","contents":[["Prim"],"Function"]},{"tag":"TypeApp","contents":[{"tag":"TypeVar","contents":"m"},{"tag":"TypeVar","contents":"a"}]}]},{"tag":"TypeApp","contents":[{"tag":"TypeVar","contents":"m"},{"tag":"TypeApp","contents":[{"tag":"TypeConstructor","contents":[["Data","Maybe"],"Maybe"]},{"tag":"TypeVar","contents":"a"}]}]}]}]},16]},17]}}},{"EDValue":{"edValueName":{"Ident":"genTuple"},"edValueType":{"tag":"ForAll","contents":["b",{"tag":"ForAll","contents":["a",{"tag":"ForAll","contents":["m",{"tag":"ConstrainedType","contents":[{"constraintClass":[["Control","Apply"],"Apply"],"constraintArgs":[{"tag":"TypeVar","contents":"m"}],"constraintData":null},{"tag":"TypeApp","contents":[{"tag":"TypeApp","contents":[{"tag":"TypeConstructor","contents":[["Prim"],"Function"]},{"tag":"TypeApp","contents":[{"tag":"TypeVar","contents":"m"},{"tag":"TypeVar","contents":"a"}]}]},{"tag":"TypeApp","contents":[{"tag":"TypeApp","contents":[{"tag":"TypeConstructor","contents":[["Prim"],"Function"]},{"tag":"TypeApp","contents":[{"tag":"TypeVar","contents":"m"},{"tag":"TypeVar","contents":"b"}]}]},{"tag":"TypeApp","contents":[{"tag":"TypeVar","contents":"m"},{"tag":"TypeApp","contents":[{"tag":"TypeApp","contents":[{"tag":"TypeConstructor","contents":[["Data","Tuple"],"Tuple"]},{"tag":"TypeVar","contents":"a"}]},{"tag":"TypeVar","contents":"b"}]}]}]}]}]},0]},1]},2]}}},{"EDValue":{"edValueName":{"Ident":"genNonEmpty"},"edValueType":{"tag":"ForAll","contents":["f",{"tag":"ForAll","contents":["a",{"tag":"ForAll","contents":["m",{"tag":"ConstrainedType","contents":[{"constraintClass":[["Control","Monad","Rec","Class"],"MonadRec"],"constraintArgs":[{"tag":"TypeVar","contents":"m"}],"constraintData":null},{"tag":"ConstrainedType","contents":[{"constraintClass":[["Control","Monad","Gen","Class"],"MonadGen"],"constraintArgs":[{"tag":"TypeVar","contents":"m"}],"constraintData":null},{"tag":"ConstrainedType","contents":[{"constraintClass":[["Data","Unfoldable"],"Unfoldable"],"constraintArgs":[{"tag":"TypeVar","contents":"f"}],"constraintData":null},{"tag":"TypeApp","contents":[{"tag":"TypeApp","contents":[{"tag":"TypeConstructor","contents":[["Prim"],"Function"]},{"tag":"TypeApp","contents":[{"tag":"TypeVar","contents":"m"},{"tag":"TypeVar","contents":"a"}]}]},{"tag":"TypeApp","contents":[{"tag":"TypeVar","contents":"m"},{"tag":"TypeApp","contents":[{"tag":"TypeApp","contents":[{"tag":"TypeConstructor","contents":[["Data","NonEmpty"],"NonEmpty"]},{"tag":"TypeVar","contents":"f"}]},{"tag":"TypeVar","contents":"a"}]}]}]}]}]}]},8]},9]},10]}}}],"efSourceSpan":{"start":[1,1],"name":"E:\\practice\\haskell\\cube-rotation\\bower_components\\purescript-gen\\src\\Control\\Monad\\Gen\\Common.purs","end":[54,66]}}