{"efVersion":"0.11.7","efModuleName":["Control","Monad","Eff","Console"],"efExports":[{"TypeRef":[{"start":[1,1],"name":"E:\\practice\\haskell\\cube-rotation\\bower_components\\purescript-console\\src\\Control\\Monad\\Eff\\Console.purs","end":[54,26]},"CONSOLE",[]]},{"ValueRef":[{"start":[1,1],"name":"E:\\practice\\haskell\\cube-rotation\\bower_components\\purescript-console\\src\\Control\\Monad\\Eff\\Console.purs","end":[54,26]},{"Ident":"log"}]},{"ValueRef":[{"start":[1,1],"name":"E:\\practice\\haskell\\cube-rotation\\bower_components\\purescript-console\\src\\Control\\Monad\\Eff\\Console.purs","end":[54,26]},{"Ident":"logShow"}]},{"ValueRef":[{"start":[1,1],"name":"E:\\practice\\haskell\\cube-rotation\\bower_components\\purescript-console\\src\\Control\\Monad\\Eff\\Console.purs","end":[54,26]},{"Ident":"warn"}]},{"ValueRef":[{"start":[1,1],"name":"E:\\practice\\haskell\\cube-rotation\\bower_components\\purescript-console\\src\\Control\\Monad\\Eff\\Console.purs","end":[54,26]},{"Ident":"warnShow"}]},{"ValueRef":[{"start":[1,1],"name":"E:\\practice\\haskell\\cube-rotation\\bower_components\\purescript-console\\src\\Control\\Monad\\Eff\\Console.purs","end":[54,26]},{"Ident":"error"}]},{"ValueRef":[{"start":[1,1],"name":"E:\\practice\\haskell\\cube-rotation\\bower_components\\purescript-console\\src\\Control\\Monad\\Eff\\Console.purs","end":[54,26]},{"Ident":"errorShow"}]},{"ValueRef":[{"start":[1,1],"name":"E:\\practice\\haskell\\cube-rotation\\bower_components\\purescript-console\\src\\Control\\Monad\\Eff\\Console.purs","end":[54,26]},{"Ident":"info"}]},{"ValueRef":[{"start":[1,1],"name":"E:\\practice\\haskell\\cube-rotation\\bower_components\\purescript-console\\src\\Control\\Monad\\Eff\\Console.purs","end":[54,26]},{"Ident":"infoShow"}]}],"efImports":[{"eiModule":["Prim"],"eiImportType":{"Implicit":[]},"eiImportedAs":["Prim"]},{"eiModule":["Prim"],"eiImportType":{"Implicit":[]},"eiImportedAs":null},{"eiModule":["Control","Monad","Eff"],"eiImportType":{"Explicit":[{"TypeRef":[{"start":[3,27],"name":"E:\\practice\\haskell\\cube-rotation\\bower_components\\purescript-console\\src\\Control\\Monad\\Eff\\Console.purs","end":[3,30]},"Eff",[]]},{"KindRef":[{"start":[3,32],"name":"E:\\practice\\haskell\\cube-rotation\\bower_components\\purescript-console\\src\\Control\\Monad\\Eff\\Console.purs","end":[3,43]},"Effect"]}]},"eiImportedAs":null},{"eiModule":["Data","Show"],"eiImportType":{"Explicit":[{"TypeClassRef":[{"start":[5,19],"name":"E:\\practice\\haskell\\cube-rotation\\bower_components\\purescript-console\\src\\Control\\Monad\\Eff\\Console.purs","end":[5,29]},"Show"]},{"ValueRef":[{"start":[5,31],"name":"E:\\practice\\haskell\\cube-rotation\\bower_components\\purescript-console\\src\\Control\\Monad\\Eff\\Console.purs","end":[5,35]},{"Ident":"show"}]}]},"eiImportedAs":null},{"eiModule":["Data","Unit"],"eiImportType":{"Explicit":[{"TypeRef":[{"start":[6,19],"name":"E:\\practice\\haskell\\cube-rotation\\bower_components\\purescript-console\\src\\Control\\Monad\\Eff\\Console.purs","end":[6,23]},"Unit",[]]}]},"eiImportedAs":null}],"efFixities":[],"efTypeFixities":[],"efDeclarations":[{"EDType":{"edTypeName":"CONSOLE","edTypeKind":{"tag":"NamedKind","contents":[["Control","Monad","Eff"],"Effect"]},"edTypeDeclarationKind":"ExternData"}},{"EDValue":{"edValueName":{"Ident":"log"},"edValueType":{"tag":"ForAll","contents":["eff",{"tag":"TypeApp","contents":[{"tag":"TypeApp","contents":[{"tag":"TypeConstructor","contents":[["Prim"],"Function"]},{"tag":"TypeConstructor","contents":[["Prim"],"String"]}]},{"tag":"TypeApp","contents":[{"tag":"TypeApp","contents":[{"tag":"TypeConstructor","contents":[["Control","Monad","Eff"],"Eff"]},{"tag":"RCons","contents":["console",{"tag":"TypeConstructor","contents":[["Control","Monad","Eff","Console"],"CONSOLE"]},{"tag":"TypeVar","contents":"eff"}]}]},{"tag":"TypeConstructor","contents":[["Data","Unit"],"Unit"]}]}]},null]}}},{"EDValue":{"edValueName":{"Ident":"logShow"},"edValueType":{"tag":"ForAll","contents":["eff",{"tag":"ForAll","contents":["a",{"tag":"ConstrainedType","contents":[{"constraintClass":[["Data","Show"],"Show"],"constraintArgs":[{"tag":"TypeVar","contents":"a"}],"constraintData":null},{"tag":"TypeApp","contents":[{"tag":"TypeApp","contents":[{"tag":"TypeConstructor","contents":[["Prim"],"Function"]},{"tag":"TypeVar","contents":"a"}]},{"tag":"TypeApp","contents":[{"tag":"TypeApp","contents":[{"tag":"TypeConstructor","contents":[["Control","Monad","Eff"],"Eff"]},{"tag":"RCons","contents":["console",{"tag":"TypeConstructor","contents":[["Control","Monad","Eff","Console"],"CONSOLE"]},{"tag":"TypeVar","contents":"eff"}]}]},{"tag":"TypeConstructor","contents":[["Data","Unit"],"Unit"]}]}]}]},5]},6]}}},{"EDValue":{"edValueName":{"Ident":"warn"},"edValueType":{"tag":"ForAll","contents":["eff",{"tag":"TypeApp","contents":[{"tag":"TypeApp","contents":[{"tag":"TypeConstructor","contents":[["Prim"],"Function"]},{"tag":"TypeConstructor","contents":[["Prim"],"String"]}]},{"tag":"TypeApp","contents":[{"tag":"TypeApp","contents":[{"tag":"TypeConstructor","contents":[["Control","Monad","Eff"],"Eff"]},{"tag":"RCons","contents":["console",{"tag":"TypeConstructor","contents":[["Control","Monad","Eff","Console"],"CONSOLE"]},{"tag":"TypeVar","contents":"eff"}]}]},{"tag":"TypeConstructor","contents":[["Data","Unit"],"Unit"]}]}]},null]}}},{"EDValue":{"edValueName":{"Ident":"warnShow"},"edValueType":{"tag":"ForAll","contents":["eff",{"tag":"ForAll","contents":["a",{"tag":"ConstrainedType","contents":[{"constraintClass":[["Data","Show"],"Show"],"constraintArgs":[{"tag":"TypeVar","contents":"a"}],"constraintData":null},{"tag":"TypeApp","contents":[{"tag":"TypeApp","contents":[{"tag":"TypeConstructor","contents":[["Prim"],"Function"]},{"tag":"TypeVar","contents":"a"}]},{"tag":"TypeApp","contents":[{"tag":"TypeApp","contents":[{"tag":"TypeConstructor","contents":[["Control","Monad","Eff"],"Eff"]},{"tag":"RCons","contents":["console",{"tag":"TypeConstructor","contents":[["Control","Monad","Eff","Console"],"CONSOLE"]},{"tag":"TypeVar","contents":"eff"}]}]},{"tag":"TypeConstructor","contents":[["Data","Unit"],"Unit"]}]}]}]},0]},1]}}},{"EDValue":{"edValueName":{"Ident":"error"},"edValueType":{"tag":"ForAll","contents":["eff",{"tag":"TypeApp","contents":[{"tag":"TypeApp","contents":[{"tag":"TypeConstructor","contents":[["Prim"],"Function"]},{"tag":"TypeConstructor","contents":[["Prim"],"String"]}]},{"tag":"TypeApp","contents":[{"tag":"TypeApp","contents":[{"tag":"TypeConstructor","contents":[["Control","Monad","Eff"],"Eff"]},{"tag":"RCons","contents":["console",{"tag":"TypeConstructor","contents":[["Control","Monad","Eff","Console"],"CONSOLE"]},{"tag":"TypeVar","contents":"eff"}]}]},{"tag":"TypeConstructor","contents":[["Data","Unit"],"Unit"]}]}]},null]}}},{"EDValue":{"edValueName":{"Ident":"errorShow"},"edValueType":{"tag":"ForAll","contents":["eff",{"tag":"ForAll","contents":["a",{"tag":"ConstrainedType","contents":[{"constraintClass":[["Data","Show"],"Show"],"constraintArgs":[{"tag":"TypeVar","contents":"a"}],"constraintData":null},{"tag":"TypeApp","contents":[{"tag":"TypeApp","contents":[{"tag":"TypeConstructor","contents":[["Prim"],"Function"]},{"tag":"TypeVar","contents":"a"}]},{"tag":"TypeApp","contents":[{"tag":"TypeApp","contents":[{"tag":"TypeConstructor","contents":[["Control","Monad","Eff"],"Eff"]},{"tag":"RCons","contents":["console",{"tag":"TypeConstructor","contents":[["Control","Monad","Eff","Console"],"CONSOLE"]},{"tag":"TypeVar","contents":"eff"}]}]},{"tag":"TypeConstructor","contents":[["Data","Unit"],"Unit"]}]}]}]},15]},16]}}},{"EDValue":{"edValueName":{"Ident":"info"},"edValueType":{"tag":"ForAll","contents":["eff",{"tag":"TypeApp","contents":[{"tag":"TypeApp","contents":[{"tag":"TypeConstructor","contents":[["Prim"],"Function"]},{"tag":"TypeConstructor","contents":[["Prim"],"String"]}]},{"tag":"TypeApp","contents":[{"tag":"TypeApp","contents":[{"tag":"TypeConstructor","contents":[["Control","Monad","Eff"],"Eff"]},{"tag":"RCons","contents":["console",{"tag":"TypeConstructor","contents":[["Control","Monad","Eff","Console"],"CONSOLE"]},{"tag":"TypeVar","contents":"eff"}]}]},{"tag":"TypeConstructor","contents":[["Data","Unit"],"Unit"]}]}]},null]}}},{"EDValue":{"edValueName":{"Ident":"infoShow"},"edValueType":{"tag":"ForAll","contents":["eff",{"tag":"ForAll","contents":["a",{"tag":"ConstrainedType","contents":[{"constraintClass":[["Data","Show"],"Show"],"constraintArgs":[{"tag":"TypeVar","contents":"a"}],"constraintData":null},{"tag":"TypeApp","contents":[{"tag":"TypeApp","contents":[{"tag":"TypeConstructor","contents":[["Prim"],"Function"]},{"tag":"TypeVar","contents":"a"}]},{"tag":"TypeApp","contents":[{"tag":"TypeApp","contents":[{"tag":"TypeConstructor","contents":[["Control","Monad","Eff"],"Eff"]},{"tag":"RCons","contents":["console",{"tag":"TypeConstructor","contents":[["Control","Monad","Eff","Console"],"CONSOLE"]},{"tag":"TypeVar","contents":"eff"}]}]},{"tag":"TypeConstructor","contents":[["Data","Unit"],"Unit"]}]}]}]},10]},11]}}}],"efSourceSpan":{"start":[1,1],"name":"E:\\practice\\haskell\\cube-rotation\\bower_components\\purescript-console\\src\\Control\\Monad\\Eff\\Console.purs","end":[54,26]}}