{"efVersion":"0.11.7","efModuleName":["Data","Lazy"],"efExports":[{"TypeRef":[{"start":[1,1],"name":"E:\\practice\\haskell\\cube-rotation\\bower_components\\purescript-lazy\\src\\Data\\Lazy.purs","end":[102,38]},"Lazy",[]]},{"ValueRef":[{"start":[1,1],"name":"E:\\practice\\haskell\\cube-rotation\\bower_components\\purescript-lazy\\src\\Data\\Lazy.purs","end":[102,38]},{"Ident":"defer"}]},{"ValueRef":[{"start":[1,1],"name":"E:\\practice\\haskell\\cube-rotation\\bower_components\\purescript-lazy\\src\\Data\\Lazy.purs","end":[102,38]},{"Ident":"force"}]},{"TypeInstanceRef":[{"start":[0,0],"name":"<generated>","end":[0,0]},{"Ident":"semiringLazy"}]},{"TypeInstanceRef":[{"start":[0,0],"name":"<generated>","end":[0,0]},{"Ident":"ringLazy"}]},{"TypeInstanceRef":[{"start":[0,0],"name":"<generated>","end":[0,0]},{"Ident":"commutativeRingLazy"}]},{"TypeInstanceRef":[{"start":[0,0],"name":"<generated>","end":[0,0]},{"Ident":"euclideanRingLazy"}]},{"TypeInstanceRef":[{"start":[0,0],"name":"<generated>","end":[0,0]},{"Ident":"fieldLazy"}]},{"TypeInstanceRef":[{"start":[0,0],"name":"<generated>","end":[0,0]},{"Ident":"eqLazy"}]},{"TypeInstanceRef":[{"start":[0,0],"name":"<generated>","end":[0,0]},{"Ident":"ordLazy"}]},{"TypeInstanceRef":[{"start":[0,0],"name":"<generated>","end":[0,0]},{"Ident":"boundedLazy"}]},{"TypeInstanceRef":[{"start":[0,0],"name":"<generated>","end":[0,0]},{"Ident":"semigroupLazy"}]},{"TypeInstanceRef":[{"start":[0,0],"name":"<generated>","end":[0,0]},{"Ident":"monoidLazy"}]},{"TypeInstanceRef":[{"start":[0,0],"name":"<generated>","end":[0,0]},{"Ident":"heytingAlgebraLazy"}]},{"TypeInstanceRef":[{"start":[0,0],"name":"<generated>","end":[0,0]},{"Ident":"booleanAlgebraLazy"}]},{"TypeInstanceRef":[{"start":[0,0],"name":"<generated>","end":[0,0]},{"Ident":"functorLazy"}]},{"TypeInstanceRef":[{"start":[0,0],"name":"<generated>","end":[0,0]},{"Ident":"invariantLazy"}]},{"TypeInstanceRef":[{"start":[0,0],"name":"<generated>","end":[0,0]},{"Ident":"applyLazy"}]},{"TypeInstanceRef":[{"start":[0,0],"name":"<generated>","end":[0,0]},{"Ident":"applicativeLazy"}]},{"TypeInstanceRef":[{"start":[0,0],"name":"<generated>","end":[0,0]},{"Ident":"bindLazy"}]},{"TypeInstanceRef":[{"start":[0,0],"name":"<generated>","end":[0,0]},{"Ident":"monadLazy"}]},{"TypeInstanceRef":[{"start":[0,0],"name":"<generated>","end":[0,0]},{"Ident":"extendLazy"}]},{"TypeInstanceRef":[{"start":[0,0],"name":"<generated>","end":[0,0]},{"Ident":"comonadLazy"}]},{"TypeInstanceRef":[{"start":[0,0],"name":"<generated>","end":[0,0]},{"Ident":"showLazy"}]},{"TypeInstanceRef":[{"start":[0,0],"name":"<generated>","end":[0,0]},{"Ident":"lazyLazy"}]}],"efImports":[{"eiModule":["Prim"],"eiImportType":{"Implicit":[]},"eiImportedAs":["Prim"]},{"eiModule":["Prim"],"eiImportType":{"Implicit":[]},"eiImportedAs":null},{"eiModule":["Prelude"],"eiImportType":{"Implicit":[]},"eiImportedAs":null},{"eiModule":["Control","Comonad"],"eiImportType":{"Explicit":[{"TypeClassRef":[{"start":[5,25],"name":"E:\\practice\\haskell\\cube-rotation\\bower_components\\purescript-lazy\\src\\Data\\Lazy.purs","end":[5,38]},"Comonad"]}]},"eiImportedAs":null},{"eiModule":["Control","Extend"],"eiImportType":{"Explicit":[{"TypeClassRef":[{"start":[6,24],"name":"E:\\practice\\haskell\\cube-rotation\\bower_components\\purescript-lazy\\src\\Data\\Lazy.purs","end":[6,36]},"Extend"]}]},"eiImportedAs":null},{"eiModule":["Control","Lazy"],"eiImportType":{"Implicit":[]},"eiImportedAs":["CL"]},{"eiModule":["Data","Functor","Invariant"],"eiImportType":{"Explicit":[{"TypeClassRef":[{"start":[9,32],"name":"E:\\practice\\haskell\\cube-rotation\\bower_components\\purescript-lazy\\src\\Data\\Lazy.purs","end":[9,47]},"Invariant"]},{"ValueRef":[{"start":[9,49],"name":"E:\\practice\\haskell\\cube-rotation\\bower_components\\purescript-lazy\\src\\Data\\Lazy.purs","end":[9,54]},{"Ident":"imapF"}]}]},"eiImportedAs":null},{"eiModule":["Data","HeytingAlgebra"],"eiImportType":{"Explicit":[{"ValueRef":[{"start":[10,29],"name":"E:\\practice\\haskell\\cube-rotation\\bower_components\\purescript-lazy\\src\\Data\\Lazy.purs","end":[10,36]},{"Ident":"implies"}]},{"ValueRef":[{"start":[10,38],"name":"E:\\practice\\haskell\\cube-rotation\\bower_components\\purescript-lazy\\src\\Data\\Lazy.purs","end":[10,40]},{"Ident":"ff"}]},{"ValueRef":[{"start":[10,42],"name":"E:\\practice\\haskell\\cube-rotation\\bower_components\\purescript-lazy\\src\\Data\\Lazy.purs","end":[10,44]},{"Ident":"tt"}]}]},"eiImportedAs":null},{"eiModule":["Data","Monoid"],"eiImportType":{"Explicit":[{"TypeClassRef":[{"start":[11,21],"name":"E:\\practice\\haskell\\cube-rotation\\bower_components\\purescript-lazy\\src\\Data\\Lazy.purs","end":[11,33]},"Monoid"]},{"ValueRef":[{"start":[11,35],"name":"E:\\practice\\haskell\\cube-rotation\\bower_components\\purescript-lazy\\src\\Data\\Lazy.purs","end":[11,41]},{"Ident":"mempty"}]}]},"eiImportedAs":null}],"efFixities":[],"efTypeFixities":[],"efDeclarations":[{"EDType":{"edTypeName":"Lazy","edTypeKind":{"tag":"FunKind","contents":[{"tag":"NamedKind","contents":[["Prim"],"Type"]},{"tag":"NamedKind","contents":[["Prim"],"Type"]}]},"edTypeDeclarationKind":"ExternData"}},{"EDValue":{"edValueName":{"Ident":"defer"},"edValueType":{"tag":"ForAll","contents":["a",{"tag":"TypeApp","contents":[{"tag":"TypeApp","contents":[{"tag":"TypeConstructor","contents":[["Prim"],"Function"]},{"tag":"TypeApp","contents":[{"tag":"TypeApp","contents":[{"tag":"TypeConstructor","contents":[["Prim"],"Function"]},{"tag":"TypeConstructor","contents":[["Data","Unit"],"Unit"]}]},{"tag":"TypeVar","contents":"a"}]}]},{"tag":"TypeApp","contents":[{"tag":"TypeConstructor","contents":[["Data","Lazy"],"Lazy"]},{"tag":"TypeVar","contents":"a"}]}]},null]}}},{"EDValue":{"edValueName":{"Ident":"force"},"edValueType":{"tag":"ForAll","contents":["a",{"tag":"TypeApp","contents":[{"tag":"TypeApp","contents":[{"tag":"TypeConstructor","contents":[["Prim"],"Function"]},{"tag":"TypeApp","contents":[{"tag":"TypeConstructor","contents":[["Data","Lazy"],"Lazy"]},{"tag":"TypeVar","contents":"a"}]}]},{"tag":"TypeVar","contents":"a"}]},null]}}},{"EDInstance":{"edInstanceClassName":[["Data","Semiring"],"Semiring"],"edInstanceName":{"Ident":"semiringLazy"},"edInstanceTypes":[{"tag":"TypeApp","contents":[{"tag":"TypeConstructor","contents":[["Data","Lazy"],"Lazy"]},{"tag":"TypeVar","contents":"a"}]}],"edInstanceConstraints":[{"constraintClass":[["Data","Semiring"],"Semiring"],"constraintArgs":[{"tag":"TypeVar","contents":"a"}],"constraintData":null}]}},{"EDInstance":{"edInstanceClassName":[["Data","Ring"],"Ring"],"edInstanceName":{"Ident":"ringLazy"},"edInstanceTypes":[{"tag":"TypeApp","contents":[{"tag":"TypeConstructor","contents":[["Data","Lazy"],"Lazy"]},{"tag":"TypeVar","contents":"a"}]}],"edInstanceConstraints":[{"constraintClass":[["Data","Ring"],"Ring"],"constraintArgs":[{"tag":"TypeVar","contents":"a"}],"constraintData":null}]}},{"EDInstance":{"edInstanceClassName":[["Data","CommutativeRing"],"CommutativeRing"],"edInstanceName":{"Ident":"commutativeRingLazy"},"edInstanceTypes":[{"tag":"TypeApp","contents":[{"tag":"TypeConstructor","contents":[["Data","Lazy"],"Lazy"]},{"tag":"TypeVar","contents":"a"}]}],"edInstanceConstraints":[{"constraintClass":[["Data","CommutativeRing"],"CommutativeRing"],"constraintArgs":[{"tag":"TypeVar","contents":"a"}],"constraintData":null}]}},{"EDInstance":{"edInstanceClassName":[["Data","EuclideanRing"],"EuclideanRing"],"edInstanceName":{"Ident":"euclideanRingLazy"},"edInstanceTypes":[{"tag":"TypeApp","contents":[{"tag":"TypeConstructor","contents":[["Data","Lazy"],"Lazy"]},{"tag":"TypeVar","contents":"a"}]}],"edInstanceConstraints":[{"constraintClass":[["Data","EuclideanRing"],"EuclideanRing"],"constraintArgs":[{"tag":"TypeVar","contents":"a"}],"constraintData":null}]}},{"EDInstance":{"edInstanceClassName":[["Data","Field"],"Field"],"edInstanceName":{"Ident":"fieldLazy"},"edInstanceTypes":[{"tag":"TypeApp","contents":[{"tag":"TypeConstructor","contents":[["Data","Lazy"],"Lazy"]},{"tag":"TypeVar","contents":"a"}]}],"edInstanceConstraints":[{"constraintClass":[["Data","Field"],"Field"],"constraintArgs":[{"tag":"TypeVar","contents":"a"}],"constraintData":null}]}},{"EDInstance":{"edInstanceClassName":[["Data","Eq"],"Eq"],"edInstanceName":{"Ident":"eqLazy"},"edInstanceTypes":[{"tag":"TypeApp","contents":[{"tag":"TypeConstructor","contents":[["Data","Lazy"],"Lazy"]},{"tag":"TypeVar","contents":"a"}]}],"edInstanceConstraints":[{"constraintClass":[["Data","Eq"],"Eq"],"constraintArgs":[{"tag":"TypeVar","contents":"a"}],"constraintData":null}]}},{"EDInstance":{"edInstanceClassName":[["Data","Ord"],"Ord"],"edInstanceName":{"Ident":"ordLazy"},"edInstanceTypes":[{"tag":"TypeApp","contents":[{"tag":"TypeConstructor","contents":[["Data","Lazy"],"Lazy"]},{"tag":"TypeVar","contents":"a"}]}],"edInstanceConstraints":[{"constraintClass":[["Data","Ord"],"Ord"],"constraintArgs":[{"tag":"TypeVar","contents":"a"}],"constraintData":null}]}},{"EDInstance":{"edInstanceClassName":[["Data","Bounded"],"Bounded"],"edInstanceName":{"Ident":"boundedLazy"},"edInstanceTypes":[{"tag":"TypeApp","contents":[{"tag":"TypeConstructor","contents":[["Data","Lazy"],"Lazy"]},{"tag":"TypeVar","contents":"a"}]}],"edInstanceConstraints":[{"constraintClass":[["Data","Bounded"],"Bounded"],"constraintArgs":[{"tag":"TypeVar","contents":"a"}],"constraintData":null}]}},{"EDInstance":{"edInstanceClassName":[["Data","Semigroup"],"Semigroup"],"edInstanceName":{"Ident":"semigroupLazy"},"edInstanceTypes":[{"tag":"TypeApp","contents":[{"tag":"TypeConstructor","contents":[["Data","Lazy"],"Lazy"]},{"tag":"TypeVar","contents":"a"}]}],"edInstanceConstraints":[{"constraintClass":[["Data","Semigroup"],"Semigroup"],"constraintArgs":[{"tag":"TypeVar","contents":"a"}],"constraintData":null}]}},{"EDInstance":{"edInstanceClassName":[["Data","Monoid"],"Monoid"],"edInstanceName":{"Ident":"monoidLazy"},"edInstanceTypes":[{"tag":"TypeApp","contents":[{"tag":"TypeConstructor","contents":[["Data","Lazy"],"Lazy"]},{"tag":"TypeVar","contents":"a"}]}],"edInstanceConstraints":[{"constraintClass":[["Data","Monoid"],"Monoid"],"constraintArgs":[{"tag":"TypeVar","contents":"a"}],"constraintData":null}]}},{"EDInstance":{"edInstanceClassName":[["Data","HeytingAlgebra"],"HeytingAlgebra"],"edInstanceName":{"Ident":"heytingAlgebraLazy"},"edInstanceTypes":[{"tag":"TypeApp","contents":[{"tag":"TypeConstructor","contents":[["Data","Lazy"],"Lazy"]},{"tag":"TypeVar","contents":"a"}]}],"edInstanceConstraints":[{"constraintClass":[["Data","HeytingAlgebra"],"HeytingAlgebra"],"constraintArgs":[{"tag":"TypeVar","contents":"a"}],"constraintData":null}]}},{"EDInstance":{"edInstanceClassName":[["Data","BooleanAlgebra"],"BooleanAlgebra"],"edInstanceName":{"Ident":"booleanAlgebraLazy"},"edInstanceTypes":[{"tag":"TypeApp","contents":[{"tag":"TypeConstructor","contents":[["Data","Lazy"],"Lazy"]},{"tag":"TypeVar","contents":"a"}]}],"edInstanceConstraints":[{"constraintClass":[["Data","BooleanAlgebra"],"BooleanAlgebra"],"constraintArgs":[{"tag":"TypeVar","contents":"a"}],"constraintData":null}]}},{"EDInstance":{"edInstanceClassName":[["Data","Functor"],"Functor"],"edInstanceName":{"Ident":"functorLazy"},"edInstanceTypes":[{"tag":"TypeConstructor","contents":[["Data","Lazy"],"Lazy"]}],"edInstanceConstraints":[]}},{"EDInstance":{"edInstanceClassName":[["Data","Functor","Invariant"],"Invariant"],"edInstanceName":{"Ident":"invariantLazy"},"edInstanceTypes":[{"tag":"TypeConstructor","contents":[["Data","Lazy"],"Lazy"]}],"edInstanceConstraints":[]}},{"EDInstance":{"edInstanceClassName":[["Control","Apply"],"Apply"],"edInstanceName":{"Ident":"applyLazy"},"edInstanceTypes":[{"tag":"TypeConstructor","contents":[["Data","Lazy"],"Lazy"]}],"edInstanceConstraints":[]}},{"EDInstance":{"edInstanceClassName":[["Control","Applicative"],"Applicative"],"edInstanceName":{"Ident":"applicativeLazy"},"edInstanceTypes":[{"tag":"TypeConstructor","contents":[["Data","Lazy"],"Lazy"]}],"edInstanceConstraints":[]}},{"EDInstance":{"edInstanceClassName":[["Control","Bind"],"Bind"],"edInstanceName":{"Ident":"bindLazy"},"edInstanceTypes":[{"tag":"TypeConstructor","contents":[["Data","Lazy"],"Lazy"]}],"edInstanceConstraints":[]}},{"EDInstance":{"edInstanceClassName":[["Control","Monad"],"Monad"],"edInstanceName":{"Ident":"monadLazy"},"edInstanceTypes":[{"tag":"TypeConstructor","contents":[["Data","Lazy"],"Lazy"]}],"edInstanceConstraints":[]}},{"EDInstance":{"edInstanceClassName":[["Control","Extend"],"Extend"],"edInstanceName":{"Ident":"extendLazy"},"edInstanceTypes":[{"tag":"TypeConstructor","contents":[["Data","Lazy"],"Lazy"]}],"edInstanceConstraints":[]}},{"EDInstance":{"edInstanceClassName":[["Control","Comonad"],"Comonad"],"edInstanceName":{"Ident":"comonadLazy"},"edInstanceTypes":[{"tag":"TypeConstructor","contents":[["Data","Lazy"],"Lazy"]}],"edInstanceConstraints":[]}},{"EDInstance":{"edInstanceClassName":[["Data","Show"],"Show"],"edInstanceName":{"Ident":"showLazy"},"edInstanceTypes":[{"tag":"TypeApp","contents":[{"tag":"TypeConstructor","contents":[["Data","Lazy"],"Lazy"]},{"tag":"TypeVar","contents":"a"}]}],"edInstanceConstraints":[{"constraintClass":[["Data","Show"],"Show"],"constraintArgs":[{"tag":"TypeVar","contents":"a"}],"constraintData":null}]}},{"EDInstance":{"edInstanceClassName":[["Control","Lazy"],"Lazy"],"edInstanceName":{"Ident":"lazyLazy"},"edInstanceTypes":[{"tag":"TypeApp","contents":[{"tag":"TypeConstructor","contents":[["Data","Lazy"],"Lazy"]},{"tag":"TypeVar","contents":"a"}]}],"edInstanceConstraints":[]}}],"efSourceSpan":{"start":[1,1],"name":"E:\\practice\\haskell\\cube-rotation\\bower_components\\purescript-lazy\\src\\Data\\Lazy.purs","end":[102,38]}}