{"efVersion":"0.11.7","efModuleName":["Data","Date","Component","Gen"],"efExports":[{"ValueRef":[{"start":[1,1],"name":"E:\\practice\\haskell\\cube-rotation\\bower_components\\purescript-datetime\\src\\Data\\Date\\Component\\Gen.purs","end":[25,14]},{"Ident":"genYear"}]},{"ValueRef":[{"start":[1,1],"name":"E:\\practice\\haskell\\cube-rotation\\bower_components\\purescript-datetime\\src\\Data\\Date\\Component\\Gen.purs","end":[25,14]},{"Ident":"genMonth"}]},{"ValueRef":[{"start":[1,1],"name":"E:\\practice\\haskell\\cube-rotation\\bower_components\\purescript-datetime\\src\\Data\\Date\\Component\\Gen.purs","end":[25,14]},{"Ident":"genDay"}]},{"ValueRef":[{"start":[1,1],"name":"E:\\practice\\haskell\\cube-rotation\\bower_components\\purescript-datetime\\src\\Data\\Date\\Component\\Gen.purs","end":[25,14]},{"Ident":"genWeekday"}]}],"efImports":[{"eiModule":["Prim"],"eiImportType":{"Implicit":[]},"eiImportedAs":["Prim"]},{"eiModule":["Prim"],"eiImportType":{"Implicit":[]},"eiImportedAs":null},{"eiModule":["Prelude"],"eiImportType":{"Implicit":[]},"eiImportedAs":null},{"eiModule":["Control","Monad","Gen"],"eiImportType":{"Explicit":[{"TypeClassRef":[{"start":[4,27],"name":"E:\\practice\\haskell\\cube-rotation\\bower_components\\purescript-datetime\\src\\Data\\Date\\Component\\Gen.purs","end":[4,41]},"MonadGen"]},{"ValueRef":[{"start":[4,43],"name":"E:\\practice\\haskell\\cube-rotation\\bower_components\\purescript-datetime\\src\\Data\\Date\\Component\\Gen.purs","end":[4,52]},{"Ident":"chooseInt"}]}]},"eiImportedAs":null},{"eiModule":["Data","Date","Component"],"eiImportType":{"Explicit":[{"TypeRef":[{"start":[5,29],"name":"E:\\practice\\haskell\\cube-rotation\\bower_components\\purescript-datetime\\src\\Data\\Date\\Component\\Gen.purs","end":[5,32]},"Day",[]]},{"TypeRef":[{"start":[5,34],"name":"E:\\practice\\haskell\\cube-rotation\\bower_components\\purescript-datetime\\src\\Data\\Date\\Component\\Gen.purs","end":[5,39]},"Month",[]]},{"TypeRef":[{"start":[5,41],"name":"E:\\practice\\haskell\\cube-rotation\\bower_components\\purescript-datetime\\src\\Data\\Date\\Component\\Gen.purs","end":[5,48]},"Weekday",[]]},{"TypeRef":[{"start":[5,50],"name":"E:\\practice\\haskell\\cube-rotation\\bower_components\\purescript-datetime\\src\\Data\\Date\\Component\\Gen.purs","end":[5,54]},"Year",[]]}]},"eiImportedAs":null},{"eiModule":["Data","Enum"],"eiImportType":{"Explicit":[{"ValueRef":[{"start":[6,19],"name":"E:\\practice\\haskell\\cube-rotation\\bower_components\\purescript-datetime\\src\\Data\\Date\\Component\\Gen.purs","end":[6,25]},{"Ident":"toEnum"}]}]},"eiImportedAs":null},{"eiModule":["Data","Enum","Gen"],"eiImportType":{"Explicit":[{"ValueRef":[{"start":[7,23],"name":"E:\\practice\\haskell\\cube-rotation\\bower_components\\purescript-datetime\\src\\Data\\Date\\Component\\Gen.purs","end":[7,37]},{"Ident":"genBoundedEnum"}]}]},"eiImportedAs":null},{"eiModule":["Data","Maybe"],"eiImportType":{"Explicit":[{"ValueRef":[{"start":[8,20],"name":"E:\\practice\\haskell\\cube-rotation\\bower_components\\purescript-datetime\\src\\Data\\Date\\Component\\Gen.purs","end":[8,28]},{"Ident":"fromJust"}]}]},"eiImportedAs":null},{"eiModule":["Partial","Unsafe"],"eiImportType":{"Explicit":[{"ValueRef":[{"start":[9,24],"name":"E:\\practice\\haskell\\cube-rotation\\bower_components\\purescript-datetime\\src\\Data\\Date\\Component\\Gen.purs","end":[9,37]},{"Ident":"unsafePartial"}]}]},"eiImportedAs":null}],"efFixities":[],"efTypeFixities":[],"efDeclarations":[{"EDValue":{"edValueName":{"Ident":"genYear"},"edValueType":{"tag":"ForAll","contents":["m",{"tag":"ConstrainedType","contents":[{"constraintClass":[["Control","Monad","Gen","Class"],"MonadGen"],"constraintArgs":[{"tag":"TypeVar","contents":"m"}],"constraintData":null},{"tag":"TypeApp","contents":[{"tag":"TypeVar","contents":"m"},{"tag":"TypeConstructor","contents":[["Data","Date","Component"],"Year"]}]}]},0]}}},{"EDValue":{"edValueName":{"Ident":"genMonth"},"edValueType":{"tag":"ForAll","contents":["m",{"tag":"ConstrainedType","contents":[{"constraintClass":[["Control","Monad","Gen","Class"],"MonadGen"],"constraintArgs":[{"tag":"TypeVar","contents":"m"}],"constraintData":null},{"tag":"TypeApp","contents":[{"tag":"TypeVar","contents":"m"},{"tag":"TypeConstructor","contents":[["Data","Date","Component"],"Month"]}]}]},5]}}},{"EDValue":{"edValueName":{"Ident":"genDay"},"edValueType":{"tag":"ForAll","contents":["m",{"tag":"ConstrainedType","contents":[{"constraintClass":[["Control","Monad","Gen","Class"],"MonadGen"],"constraintArgs":[{"tag":"TypeVar","contents":"m"}],"constraintData":null},{"tag":"TypeApp","contents":[{"tag":"TypeVar","contents":"m"},{"tag":"TypeConstructor","contents":[["Data","Date","Component"],"Day"]}]}]},7]}}},{"EDValue":{"edValueName":{"Ident":"genWeekday"},"edValueType":{"tag":"ForAll","contents":["m",{"tag":"ConstrainedType","contents":[{"constraintClass":[["Control","Monad","Gen","Class"],"MonadGen"],"constraintArgs":[{"tag":"TypeVar","contents":"m"}],"constraintData":null},{"tag":"TypeApp","contents":[{"tag":"TypeVar","contents":"m"},{"tag":"TypeConstructor","contents":[["Data","Date","Component"],"Weekday"]}]}]},3]}}}],"efSourceSpan":{"start":[1,1],"name":"E:\\practice\\haskell\\cube-rotation\\bower_components\\purescript-datetime\\src\\Data\\Date\\Component\\Gen.purs","end":[25,14]}}