{"efVersion":"0.11.7","efModuleName":["Data","Lens","Internal","Zipping"],"efExports":[{"TypeRef":[{"start":[1,1],"name":"E:\\practice\\haskell\\cube-rotation\\bower_components\\purescript-profunctor-lenses\\src\\Data\\Lens\\Internal\\Zipping.purs","end":[15,58]},"Zipping",["Zipping"]]},{"TypeInstanceRef":[{"start":[0,0],"name":"<generated>","end":[0,0]},{"Ident":"newtypeZipping"}]},{"TypeInstanceRef":[{"start":[0,0],"name":"<generated>","end":[0,0]},{"Ident":"profunctorZipping"}]},{"TypeInstanceRef":[{"start":[0,0],"name":"<generated>","end":[0,0]},{"Ident":"closedZipping"}]}],"efImports":[{"eiModule":["Prim"],"eiImportType":{"Implicit":[]},"eiImportedAs":["Prim"]},{"eiModule":["Prim"],"eiImportType":{"Implicit":[]},"eiImportedAs":null},{"eiModule":["Data","Newtype"],"eiImportType":{"Explicit":[{"TypeClassRef":[{"start":[3,22],"name":"E:\\practice\\haskell\\cube-rotation\\bower_components\\purescript-profunctor-lenses\\src\\Data\\Lens\\Internal\\Zipping.purs","end":[3,35]},"Newtype"]}]},"eiImportedAs":null},{"eiModule":["Data","Profunctor"],"eiImportType":{"Explicit":[{"TypeClassRef":[{"start":[4,25],"name":"E:\\practice\\haskell\\cube-rotation\\bower_components\\purescript-profunctor-lenses\\src\\Data\\Lens\\Internal\\Zipping.purs","end":[4,41]},"Profunctor"]}]},"eiImportedAs":null},{"eiModule":["Data","Profunctor","Closed"],"eiImportType":{"Explicit":[{"TypeClassRef":[{"start":[5,32],"name":"E:\\practice\\haskell\\cube-rotation\\bower_components\\purescript-profunctor-lenses\\src\\Data\\Lens\\Internal\\Zipping.purs","end":[5,44]},"Closed"]}]},"eiImportedAs":null}],"efFixities":[],"efTypeFixities":[],"efDeclarations":[{"EDType":{"edTypeName":"Zipping","edTypeKind":{"tag":"FunKind","contents":[{"tag":"NamedKind","contents":[["Prim"],"Type"]},{"tag":"FunKind","contents":[{"tag":"NamedKind","contents":[["Prim"],"Type"]},{"tag":"NamedKind","contents":[["Prim"],"Type"]}]}]},"edTypeDeclarationKind":{"DataType":{"args":[["a",{"tag":"NamedKind","contents":[["Prim"],"Type"]}],["b",{"tag":"NamedKind","contents":[["Prim"],"Type"]}]],"ctors":[["Zipping",[{"tag":"TypeApp","contents":[{"tag":"TypeApp","contents":[{"tag":"TypeConstructor","contents":[["Prim"],"Function"]},{"tag":"TypeVar","contents":"a"}]},{"tag":"TypeApp","contents":[{"tag":"TypeApp","contents":[{"tag":"TypeConstructor","contents":[["Prim"],"Function"]},{"tag":"TypeVar","contents":"a"}]},{"tag":"TypeVar","contents":"b"}]}]}]]]}}}},{"EDDataConstructor":{"edDataCtorName":"Zipping","edDataCtorOrigin":"newtype","edDataCtorTypeCtor":"Zipping","edDataCtorType":{"tag":"ForAll","contents":["b",{"tag":"ForAll","contents":["a",{"tag":"TypeApp","contents":[{"tag":"TypeApp","contents":[{"tag":"TypeConstructor","contents":[["Prim"],"Function"]},{"tag":"TypeApp","contents":[{"tag":"TypeApp","contents":[{"tag":"TypeConstructor","contents":[["Prim"],"Function"]},{"tag":"TypeVar","contents":"a"}]},{"tag":"TypeApp","contents":[{"tag":"TypeApp","contents":[{"tag":"TypeConstructor","contents":[["Prim"],"Function"]},{"tag":"TypeVar","contents":"a"}]},{"tag":"TypeVar","contents":"b"}]}]}]},{"tag":"TypeApp","contents":[{"tag":"TypeApp","contents":[{"tag":"TypeConstructor","contents":[["Data","Lens","Internal","Zipping"],"Zipping"]},{"tag":"TypeVar","contents":"a"}]},{"tag":"TypeVar","contents":"b"}]}]},null]},null]},"edDataCtorFields":[{"Ident":"value0"}]}},{"EDInstance":{"edInstanceClassName":[["Data","Newtype"],"Newtype"],"edInstanceName":{"Ident":"newtypeZipping"},"edInstanceTypes":[{"tag":"TypeApp","contents":[{"tag":"TypeApp","contents":[{"tag":"TypeConstructor","contents":[["Data","Lens","Internal","Zipping"],"Zipping"]},{"tag":"TypeVar","contents":"a"}]},{"tag":"TypeVar","contents":"b"}]},{"tag":"TypeApp","contents":[{"tag":"TypeApp","contents":[{"tag":"TypeConstructor","contents":[["Prim"],"Function"]},{"tag":"TypeVar","contents":"a"}]},{"tag":"TypeApp","contents":[{"tag":"TypeApp","contents":[{"tag":"TypeConstructor","contents":[["Prim"],"Function"]},{"tag":"TypeVar","contents":"a"}]},{"tag":"TypeVar","contents":"b"}]}]}],"edInstanceConstraints":[]}},{"EDInstance":{"edInstanceClassName":[["Data","Profunctor"],"Profunctor"],"edInstanceName":{"Ident":"profunctorZipping"},"edInstanceTypes":[{"tag":"TypeConstructor","contents":[["Data","Lens","Internal","Zipping"],"Zipping"]}],"edInstanceConstraints":[]}},{"EDInstance":{"edInstanceClassName":[["Data","Profunctor","Closed"],"Closed"],"edInstanceName":{"Ident":"closedZipping"},"edInstanceTypes":[{"tag":"TypeConstructor","contents":[["Data","Lens","Internal","Zipping"],"Zipping"]}],"edInstanceConstraints":[]}}],"efSourceSpan":{"start":[1,1],"name":"E:\\practice\\haskell\\cube-rotation\\bower_components\\purescript-profunctor-lenses\\src\\Data\\Lens\\Internal\\Zipping.purs","end":[15,58]}}