{"efVersion":"0.11.7","efModuleName":["Control","Comonad","Traced","Class"],"efExports":[{"ValueRef":[{"start":[1,1],"name":"E:\\practice\\haskell\\cube-rotation\\bower_components\\purescript-transformers\\src\\Control\\Comonad\\Traced\\Class.purs","end":[51,37]},{"Ident":"track"}]},{"TypeClassRef":[{"start":[1,1],"name":"E:\\practice\\haskell\\cube-rotation\\bower_components\\purescript-transformers\\src\\Control\\Comonad\\Traced\\Class.purs","end":[51,37]},"ComonadTraced"]},{"ValueRef":[{"start":[1,1],"name":"E:\\practice\\haskell\\cube-rotation\\bower_components\\purescript-transformers\\src\\Control\\Comonad\\Traced\\Class.purs","end":[51,37]},{"Ident":"tracks"}]},{"ValueRef":[{"start":[1,1],"name":"E:\\practice\\haskell\\cube-rotation\\bower_components\\purescript-transformers\\src\\Control\\Comonad\\Traced\\Class.purs","end":[51,37]},{"Ident":"listen"}]},{"ValueRef":[{"start":[1,1],"name":"E:\\practice\\haskell\\cube-rotation\\bower_components\\purescript-transformers\\src\\Control\\Comonad\\Traced\\Class.purs","end":[51,37]},{"Ident":"listens"}]},{"ValueRef":[{"start":[1,1],"name":"E:\\practice\\haskell\\cube-rotation\\bower_components\\purescript-transformers\\src\\Control\\Comonad\\Traced\\Class.purs","end":[51,37]},{"Ident":"censor"}]},{"TypeInstanceRef":[{"start":[0,0],"name":"<generated>","end":[0,0]},{"Ident":"comonadTracedTracedT"}]}],"efImports":[{"eiModule":["Prim"],"eiImportType":{"Implicit":[]},"eiImportedAs":["Prim"]},{"eiModule":["Prim"],"eiImportType":{"Implicit":[]},"eiImportedAs":null},{"eiModule":["Prelude"],"eiImportType":{"Implicit":[]},"eiImportedAs":null},{"eiModule":["Control","Comonad"],"eiImportType":{"Explicit":[{"TypeClassRef":[{"start":[7,25],"name":"E:\\practice\\haskell\\cube-rotation\\bower_components\\purescript-transformers\\src\\Control\\Comonad\\Traced\\Class.purs","end":[7,38]},"Comonad"]},{"ValueRef":[{"start":[7,40],"name":"E:\\practice\\haskell\\cube-rotation\\bower_components\\purescript-transformers\\src\\Control\\Comonad\\Traced\\Class.purs","end":[7,47]},{"Ident":"extract"}]}]},"eiImportedAs":null},{"eiModule":["Control","Comonad","Traced","Trans"],"eiImportType":{"Explicit":[{"TypeRef":[{"start":[8,38],"name":"E:\\practice\\haskell\\cube-rotation\\bower_components\\purescript-transformers\\src\\Control\\Comonad\\Traced\\Class.purs","end":[8,49]},"TracedT",null]}]},"eiImportedAs":null},{"eiModule":["Data","Monoid"],"eiImportType":{"Explicit":[{"TypeClassRef":[{"start":[10,21],"name":"E:\\practice\\haskell\\cube-rotation\\bower_components\\purescript-transformers\\src\\Control\\Comonad\\Traced\\Class.purs","end":[10,33]},"Monoid"]}]},"eiImportedAs":null},{"eiModule":["Data","Tuple"],"eiImportType":{"Explicit":[{"TypeRef":[{"start":[11,20],"name":"E:\\practice\\haskell\\cube-rotation\\bower_components\\purescript-transformers\\src\\Control\\Comonad\\Traced\\Class.purs","end":[11,29]},"Tuple",null]}]},"eiImportedAs":null}],"efFixities":[],"efTypeFixities":[],"efDeclarations":[{"EDValue":{"edValueName":{"Ident":"track"},"edValueType":{"tag":"ForAll","contents":["t",{"tag":"ForAll","contents":["w",{"tag":"ForAll","contents":["a",{"tag":"ConstrainedType","contents":[{"constraintClass":[["Control","Comonad","Traced","Class"],"ComonadTraced"],"constraintArgs":[{"tag":"TypeVar","contents":"t"},{"tag":"TypeVar","contents":"w"}],"constraintData":null},{"tag":"TypeApp","contents":[{"tag":"TypeApp","contents":[{"tag":"TypeConstructor","contents":[["Prim"],"Function"]},{"tag":"TypeVar","contents":"t"}]},{"tag":"TypeApp","contents":[{"tag":"TypeApp","contents":[{"tag":"TypeConstructor","contents":[["Prim"],"Function"]},{"tag":"TypeApp","contents":[{"tag":"TypeVar","contents":"w"},{"tag":"TypeVar","contents":"a"}]}]},{"tag":"TypeVar","contents":"a"}]}]}]},0]},1]},2]}}},{"EDType":{"edTypeName":"ComonadTraced","edTypeKind":{"tag":"FunKind","contents":[{"tag":"NamedKind","contents":[["Prim"],"Type"]},{"tag":"FunKind","contents":[{"tag":"FunKind","contents":[{"tag":"NamedKind","contents":[["Prim"],"Type"]},{"tag":"NamedKind","contents":[["Prim"],"Type"]}]},{"tag":"NamedKind","contents":[["Prim"],"Type"]}]}]},"edTypeDeclarationKind":"TypeSynonym"}},{"EDTypeSynonym":{"edTypeSynonymName":"ComonadTraced","edTypeSynonymArguments":[["t",null],["w",null]],"edTypeSynonymType":{"tag":"TypeApp","contents":[{"tag":"TypeConstructor","contents":[["Prim"],"Record"]},{"tag":"RCons","contents":["track",{"tag":"ForAll","contents":["a",{"tag":"TypeApp","contents":[{"tag":"TypeApp","contents":[{"tag":"TypeConstructor","contents":[["Prim"],"Function"]},{"tag":"TypeVar","contents":"t"}]},{"tag":"TypeApp","contents":[{"tag":"TypeApp","contents":[{"tag":"TypeConstructor","contents":[["Prim"],"Function"]},{"tag":"TypeApp","contents":[{"tag":"TypeVar","contents":"w"},{"tag":"TypeVar","contents":"a"}]}]},{"tag":"TypeVar","contents":"a"}]}]},null]},{"tag":"RCons","contents":["Comonad0",{"tag":"TypeApp","contents":[{"tag":"TypeApp","contents":[{"tag":"TypeConstructor","contents":[["Prim"],"Function"]},{"tag":"TypeApp","contents":[{"tag":"TypeConstructor","contents":[["Prim"],"Record"]},{"tag":"REmpty"}]}]},{"tag":"TypeApp","contents":[{"tag":"TypeConstructor","contents":[["Control","Comonad"],"Comonad"]},{"tag":"TypeVar","contents":"w"}]}]},{"tag":"REmpty"}]}]}]}}},{"EDClass":{"edClassName":"ComonadTraced","edClassTypeArguments":[["t",null],["w",null]],"edClassMembers":[[{"Ident":"track"},{"tag":"ForAll","contents":["a",{"tag":"TypeApp","contents":[{"tag":"TypeApp","contents":[{"tag":"TypeConstructor","contents":[["Prim"],"Function"]},{"tag":"TypeVar","contents":"t"}]},{"tag":"TypeApp","contents":[{"tag":"TypeApp","contents":[{"tag":"TypeConstructor","contents":[["Prim"],"Function"]},{"tag":"TypeApp","contents":[{"tag":"TypeVar","contents":"w"},{"tag":"TypeVar","contents":"a"}]}]},{"tag":"TypeVar","contents":"a"}]}]},null]}]],"edClassConstraints":[{"constraintClass":[["Control","Comonad"],"Comonad"],"constraintArgs":[{"tag":"TypeVar","contents":"w"}],"constraintData":null}],"edFunctionalDependencies":[{"determiners":[1],"determined":[0]}]}},{"EDValue":{"edValueName":{"Ident":"tracks"},"edValueType":{"tag":"ForAll","contents":["t",{"tag":"ForAll","contents":["a",{"tag":"ForAll","contents":["w",{"tag":"ConstrainedType","contents":[{"constraintClass":[["Control","Comonad","Traced","Class"],"ComonadTraced"],"constraintArgs":[{"tag":"TypeVar","contents":"t"},{"tag":"TypeVar","contents":"w"}],"constraintData":null},{"tag":"TypeApp","contents":[{"tag":"TypeApp","contents":[{"tag":"TypeConstructor","contents":[["Prim"],"Function"]},{"tag":"TypeApp","contents":[{"tag":"TypeApp","contents":[{"tag":"TypeConstructor","contents":[["Prim"],"Function"]},{"tag":"TypeVar","contents":"a"}]},{"tag":"TypeVar","contents":"t"}]}]},{"tag":"TypeApp","contents":[{"tag":"TypeApp","contents":[{"tag":"TypeConstructor","contents":[["Prim"],"Function"]},{"tag":"TypeApp","contents":[{"tag":"TypeVar","contents":"w"},{"tag":"TypeVar","contents":"a"}]}]},{"tag":"TypeVar","contents":"a"}]}]}]},3]},4]},5]}}},{"EDValue":{"edValueName":{"Ident":"listen"},"edValueType":{"tag":"ForAll","contents":["t",{"tag":"ForAll","contents":["a",{"tag":"ForAll","contents":["w",{"tag":"ConstrainedType","contents":[{"constraintClass":[["Data","Functor"],"Functor"],"constraintArgs":[{"tag":"TypeVar","contents":"w"}],"constraintData":null},{"tag":"TypeApp","contents":[{"tag":"TypeApp","contents":[{"tag":"TypeConstructor","contents":[["Prim"],"Function"]},{"tag":"TypeApp","contents":[{"tag":"TypeApp","contents":[{"tag":"TypeApp","contents":[{"tag":"TypeConstructor","contents":[["Control","Comonad","Traced","Trans"],"TracedT"]},{"tag":"TypeVar","contents":"t"}]},{"tag":"TypeVar","contents":"w"}]},{"tag":"TypeVar","contents":"a"}]}]},{"tag":"TypeApp","contents":[{"tag":"TypeApp","contents":[{"tag":"TypeApp","contents":[{"tag":"TypeConstructor","contents":[["Control","Comonad","Traced","Trans"],"TracedT"]},{"tag":"TypeVar","contents":"t"}]},{"tag":"TypeVar","contents":"w"}]},{"tag":"TypeApp","contents":[{"tag":"TypeApp","contents":[{"tag":"TypeConstructor","contents":[["Data","Tuple"],"Tuple"]},{"tag":"TypeVar","contents":"a"}]},{"tag":"TypeVar","contents":"t"}]}]}]}]},17]},18]},19]}}},{"EDValue":{"edValueName":{"Ident":"listens"},"edValueType":{"tag":"ForAll","contents":["b",{"tag":"ForAll","contents":["t",{"tag":"ForAll","contents":["a",{"tag":"ForAll","contents":["w",{"tag":"ConstrainedType","contents":[{"constraintClass":[["Data","Functor"],"Functor"],"constraintArgs":[{"tag":"TypeVar","contents":"w"}],"constraintData":null},{"tag":"TypeApp","contents":[{"tag":"TypeApp","contents":[{"tag":"TypeConstructor","contents":[["Prim"],"Function"]},{"tag":"TypeApp","contents":[{"tag":"TypeApp","contents":[{"tag":"TypeConstructor","contents":[["Prim"],"Function"]},{"tag":"TypeVar","contents":"t"}]},{"tag":"TypeVar","contents":"b"}]}]},{"tag":"TypeApp","contents":[{"tag":"TypeApp","contents":[{"tag":"TypeConstructor","contents":[["Prim"],"Function"]},{"tag":"TypeApp","contents":[{"tag":"TypeApp","contents":[{"tag":"TypeApp","contents":[{"tag":"TypeConstructor","contents":[["Control","Comonad","Traced","Trans"],"TracedT"]},{"tag":"TypeVar","contents":"t"}]},{"tag":"TypeVar","contents":"w"}]},{"tag":"TypeVar","contents":"a"}]}]},{"tag":"TypeApp","contents":[{"tag":"TypeApp","contents":[{"tag":"TypeApp","contents":[{"tag":"TypeConstructor","contents":[["Control","Comonad","Traced","Trans"],"TracedT"]},{"tag":"TypeVar","contents":"t"}]},{"tag":"TypeVar","contents":"w"}]},{"tag":"TypeApp","contents":[{"tag":"TypeApp","contents":[{"tag":"TypeConstructor","contents":[["Data","Tuple"],"Tuple"]},{"tag":"TypeVar","contents":"a"}]},{"tag":"TypeVar","contents":"b"}]}]}]}]}]},9]},10]},11]},12]}}},{"EDValue":{"edValueName":{"Ident":"censor"},"edValueType":{"tag":"ForAll","contents":["t",{"tag":"ForAll","contents":["a",{"tag":"ForAll","contents":["w",{"tag":"ConstrainedType","contents":[{"constraintClass":[["Data","Functor"],"Functor"],"constraintArgs":[{"tag":"TypeVar","contents":"w"}],"constraintData":null},{"tag":"TypeApp","contents":[{"tag":"TypeApp","contents":[{"tag":"TypeConstructor","contents":[["Prim"],"Function"]},{"tag":"TypeApp","contents":[{"tag":"TypeApp","contents":[{"tag":"TypeConstructor","contents":[["Prim"],"Function"]},{"tag":"TypeVar","contents":"t"}]},{"tag":"TypeVar","contents":"t"}]}]},{"tag":"TypeApp","contents":[{"tag":"TypeApp","contents":[{"tag":"TypeConstructor","contents":[["Prim"],"Function"]},{"tag":"TypeApp","contents":[{"tag":"TypeApp","contents":[{"tag":"TypeApp","contents":[{"tag":"TypeConstructor","contents":[["Control","Comonad","Traced","Trans"],"TracedT"]},{"tag":"TypeVar","contents":"t"}]},{"tag":"TypeVar","contents":"w"}]},{"tag":"TypeVar","contents":"a"}]}]},{"tag":"TypeApp","contents":[{"tag":"TypeApp","contents":[{"tag":"TypeApp","contents":[{"tag":"TypeConstructor","contents":[["Control","Comonad","Traced","Trans"],"TracedT"]},{"tag":"TypeVar","contents":"t"}]},{"tag":"TypeVar","contents":"w"}]},{"tag":"TypeVar","contents":"a"}]}]}]}]},34]},35]},36]}}},{"EDInstance":{"edInstanceClassName":[["Control","Comonad","Traced","Class"],"ComonadTraced"],"edInstanceName":{"Ident":"comonadTracedTracedT"},"edInstanceTypes":[{"tag":"TypeVar","contents":"t"},{"tag":"TypeApp","contents":[{"tag":"TypeApp","contents":[{"tag":"TypeConstructor","contents":[["Control","Comonad","Traced","Trans"],"TracedT"]},{"tag":"TypeVar","contents":"t"}]},{"tag":"TypeVar","contents":"w"}]}],"edInstanceConstraints":[{"constraintClass":[["Control","Comonad"],"Comonad"],"constraintArgs":[{"tag":"TypeVar","contents":"w"}],"constraintData":null},{"constraintClass":[["Data","Monoid"],"Monoid"],"constraintArgs":[{"tag":"TypeVar","contents":"t"}],"constraintData":null}]}}],"efSourceSpan":{"start":[1,1],"name":"E:\\practice\\haskell\\cube-rotation\\bower_components\\purescript-transformers\\src\\Control\\Comonad\\Traced\\Class.purs","end":[51,37]}}