{"efVersion":"0.11.7","efModuleName":["Control","Comonad","Cofree"],"efExports":[{"TypeRef":[{"start":[1,1],"name":"E:\\practice\\haskell\\cube-rotation\\bower_components\\purescript-free\\src\\Control\\Comonad\\Cofree.purs","end":[185,67]},"Cofree",[]]},{"ValueRef":[{"start":[1,1],"name":"E:\\practice\\haskell\\cube-rotation\\bower_components\\purescript-free\\src\\Control\\Comonad\\Cofree.purs","end":[185,67]},{"Ident":"deferCofree"}]},{"ValueRef":[{"start":[1,1],"name":"E:\\practice\\haskell\\cube-rotation\\bower_components\\purescript-free\\src\\Control\\Comonad\\Cofree.purs","end":[185,67]},{"Ident":"mkCofree"}]},{"ValueOpRef":[{"start":[1,1],"name":"E:\\practice\\haskell\\cube-rotation\\bower_components\\purescript-free\\src\\Control\\Comonad\\Cofree.purs","end":[185,67]},":<"]},{"ValueRef":[{"start":[1,1],"name":"E:\\practice\\haskell\\cube-rotation\\bower_components\\purescript-free\\src\\Control\\Comonad\\Cofree.purs","end":[185,67]},{"Ident":"head"}]},{"ValueRef":[{"start":[1,1],"name":"E:\\practice\\haskell\\cube-rotation\\bower_components\\purescript-free\\src\\Control\\Comonad\\Cofree.purs","end":[185,67]},{"Ident":"tail"}]},{"ValueRef":[{"start":[1,1],"name":"E:\\practice\\haskell\\cube-rotation\\bower_components\\purescript-free\\src\\Control\\Comonad\\Cofree.purs","end":[185,67]},{"Ident":"hoistCofree"}]},{"ValueRef":[{"start":[1,1],"name":"E:\\practice\\haskell\\cube-rotation\\bower_components\\purescript-free\\src\\Control\\Comonad\\Cofree.purs","end":[185,67]},{"Ident":"unfoldCofree"}]},{"ValueRef":[{"start":[1,1],"name":"E:\\practice\\haskell\\cube-rotation\\bower_components\\purescript-free\\src\\Control\\Comonad\\Cofree.purs","end":[185,67]},{"Ident":"buildCofree"}]},{"ValueRef":[{"start":[1,1],"name":"E:\\practice\\haskell\\cube-rotation\\bower_components\\purescript-free\\src\\Control\\Comonad\\Cofree.purs","end":[185,67]},{"Ident":"explore"}]},{"ValueRef":[{"start":[1,1],"name":"E:\\practice\\haskell\\cube-rotation\\bower_components\\purescript-free\\src\\Control\\Comonad\\Cofree.purs","end":[185,67]},{"Ident":"exploreM"}]},{"TypeInstanceRef":[{"start":[0,0],"name":"<generated>","end":[0,0]},{"Ident":"eqCofree"}]},{"TypeInstanceRef":[{"start":[0,0],"name":"<generated>","end":[0,0]},{"Ident":"eq1Cofree"}]},{"TypeInstanceRef":[{"start":[0,0],"name":"<generated>","end":[0,0]},{"Ident":"ordCofree"}]},{"TypeInstanceRef":[{"start":[0,0],"name":"<generated>","end":[0,0]},{"Ident":"ord1Cofree"}]},{"TypeInstanceRef":[{"start":[0,0],"name":"<generated>","end":[0,0]},{"Ident":"functorCofree"}]},{"TypeInstanceRef":[{"start":[0,0],"name":"<generated>","end":[0,0]},{"Ident":"foldableCofree"}]},{"TypeInstanceRef":[{"start":[0,0],"name":"<generated>","end":[0,0]},{"Ident":"traversableCofree"}]},{"TypeInstanceRef":[{"start":[0,0],"name":"<generated>","end":[0,0]},{"Ident":"extendCofree"}]},{"TypeInstanceRef":[{"start":[0,0],"name":"<generated>","end":[0,0]},{"Ident":"comonadCofree"}]},{"TypeInstanceRef":[{"start":[0,0],"name":"<generated>","end":[0,0]},{"Ident":"applyCofree"}]},{"TypeInstanceRef":[{"start":[0,0],"name":"<generated>","end":[0,0]},{"Ident":"applicativeCofree"}]},{"TypeInstanceRef":[{"start":[0,0],"name":"<generated>","end":[0,0]},{"Ident":"bindCofree"}]},{"TypeInstanceRef":[{"start":[0,0],"name":"<generated>","end":[0,0]},{"Ident":"monadCofree"}]},{"TypeInstanceRef":[{"start":[0,0],"name":"<generated>","end":[0,0]},{"Ident":"lazyCofree"}]}],"efImports":[{"eiModule":["Prim"],"eiImportType":{"Implicit":[]},"eiImportedAs":["Prim"]},{"eiModule":["Prim"],"eiImportType":{"Implicit":[]},"eiImportedAs":null},{"eiModule":["Prelude"],"eiImportType":{"Implicit":[]},"eiImportedAs":null},{"eiModule":["Control","Alternative"],"eiImportType":{"Explicit":[{"TypeClassRef":[{"start":[17,29],"name":"E:\\practice\\haskell\\cube-rotation\\bower_components\\purescript-free\\src\\Control\\Comonad\\Cofree.purs","end":[17,46]},"Alternative"]},{"ValueOpRef":[{"start":[17,48],"name":"E:\\practice\\haskell\\cube-rotation\\bower_components\\purescript-free\\src\\Control\\Comonad\\Cofree.purs","end":[17,53]},"<|>"]},{"ValueRef":[{"start":[17,55],"name":"E:\\practice\\haskell\\cube-rotation\\bower_components\\purescript-free\\src\\Control\\Comonad\\Cofree.purs","end":[17,60]},{"Ident":"empty"}]}]},"eiImportedAs":null},{"eiModule":["Control","Comonad"],"eiImportType":{"Explicit":[{"TypeClassRef":[{"start":[18,25],"name":"E:\\practice\\haskell\\cube-rotation\\bower_components\\purescript-free\\src\\Control\\Comonad\\Cofree.purs","end":[18,38]},"Comonad"]},{"ValueRef":[{"start":[18,40],"name":"E:\\practice\\haskell\\cube-rotation\\bower_components\\purescript-free\\src\\Control\\Comonad\\Cofree.purs","end":[18,47]},{"Ident":"extract"}]}]},"eiImportedAs":null},{"eiModule":["Control","Extend"],"eiImportType":{"Explicit":[{"TypeClassRef":[{"start":[19,24],"name":"E:\\practice\\haskell\\cube-rotation\\bower_components\\purescript-free\\src\\Control\\Comonad\\Cofree.purs","end":[19,36]},"Extend"]}]},"eiImportedAs":null},{"eiModule":["Control","Lazy"],"eiImportType":{"Implicit":[]},"eiImportedAs":["Z"]},{"eiModule":["Control","Monad","Free"],"eiImportType":{"Explicit":[{"TypeRef":[{"start":[21,28],"name":"E:\\practice\\haskell\\cube-rotation\\bower_components\\purescript-free\\src\\Control\\Comonad\\Cofree.purs","end":[21,32]},"Free",[]]},{"ValueRef":[{"start":[21,34],"name":"E:\\practice\\haskell\\cube-rotation\\bower_components\\purescript-free\\src\\Control\\Comonad\\Cofree.purs","end":[21,42]},{"Ident":"runFreeM"}]}]},"eiImportedAs":null},{"eiModule":["Control","Monad","Rec","Class"],"eiImportType":{"Explicit":[{"TypeClassRef":[{"start":[22,33],"name":"E:\\practice\\haskell\\cube-rotation\\bower_components\\purescript-free\\src\\Control\\Comonad\\Cofree.purs","end":[22,47]},"MonadRec"]}]},"eiImportedAs":null},{"eiModule":["Control","Monad","State"],"eiImportType":{"Explicit":[{"TypeRef":[{"start":[23,29],"name":"E:\\practice\\haskell\\cube-rotation\\bower_components\\purescript-free\\src\\Control\\Comonad\\Cofree.purs","end":[23,34]},"State",[]]},{"TypeRef":[{"start":[23,36],"name":"E:\\practice\\haskell\\cube-rotation\\bower_components\\purescript-free\\src\\Control\\Comonad\\Cofree.purs","end":[23,46]},"StateT",null]},{"ValueRef":[{"start":[23,48],"name":"E:\\practice\\haskell\\cube-rotation\\bower_components\\purescript-free\\src\\Control\\Comonad\\Cofree.purs","end":[23,56]},{"Ident":"runState"}]},{"ValueRef":[{"start":[23,58],"name":"E:\\practice\\haskell\\cube-rotation\\bower_components\\purescript-free\\src\\Control\\Comonad\\Cofree.purs","end":[23,67]},{"Ident":"runStateT"}]},{"ValueRef":[{"start":[23,69],"name":"E:\\practice\\haskell\\cube-rotation\\bower_components\\purescript-free\\src\\Control\\Comonad\\Cofree.purs","end":[23,74]},{"Ident":"state"}]}]},"eiImportedAs":null},{"eiModule":["Data","Eq"],"eiImportType":{"Explicit":[{"TypeClassRef":[{"start":[24,17],"name":"E:\\practice\\haskell\\cube-rotation\\bower_components\\purescript-free\\src\\Control\\Comonad\\Cofree.purs","end":[24,26]},"Eq1"]},{"ValueRef":[{"start":[24,28],"name":"E:\\practice\\haskell\\cube-rotation\\bower_components\\purescript-free\\src\\Control\\Comonad\\Cofree.purs","end":[24,31]},{"Ident":"eq1"}]}]},"eiImportedAs":null},{"eiModule":["Data","Foldable"],"eiImportType":{"Explicit":[{"TypeClassRef":[{"start":[25,23],"name":"E:\\practice\\haskell\\cube-rotation\\bower_components\\purescript-free\\src\\Control\\Comonad\\Cofree.purs","end":[25,37]},"Foldable"]},{"ValueRef":[{"start":[25,39],"name":"E:\\practice\\haskell\\cube-rotation\\bower_components\\purescript-free\\src\\Control\\Comonad\\Cofree.purs","end":[25,44]},{"Ident":"foldr"}]},{"ValueRef":[{"start":[25,46],"name":"E:\\practice\\haskell\\cube-rotation\\bower_components\\purescript-free\\src\\Control\\Comonad\\Cofree.purs","end":[25,51]},{"Ident":"foldl"}]},{"ValueRef":[{"start":[25,53],"name":"E:\\practice\\haskell\\cube-rotation\\bower_components\\purescript-free\\src\\Control\\Comonad\\Cofree.purs","end":[25,60]},{"Ident":"foldMap"}]}]},"eiImportedAs":null},{"eiModule":["Data","Lazy"],"eiImportType":{"Explicit":[{"TypeRef":[{"start":[26,19],"name":"E:\\practice\\haskell\\cube-rotation\\bower_components\\purescript-free\\src\\Control\\Comonad\\Cofree.purs","end":[26,23]},"Lazy",[]]},{"ValueRef":[{"start":[26,25],"name":"E:\\practice\\haskell\\cube-rotation\\bower_components\\purescript-free\\src\\Control\\Comonad\\Cofree.purs","end":[26,30]},{"Ident":"force"}]},{"ValueRef":[{"start":[26,32],"name":"E:\\practice\\haskell\\cube-rotation\\bower_components\\purescript-free\\src\\Control\\Comonad\\Cofree.purs","end":[26,37]},{"Ident":"defer"}]}]},"eiImportedAs":null},{"eiModule":["Data","Ord"],"eiImportType":{"Explicit":[{"TypeClassRef":[{"start":[27,18],"name":"E:\\practice\\haskell\\cube-rotation\\bower_components\\purescript-free\\src\\Control\\Comonad\\Cofree.purs","end":[27,28]},"Ord1"]},{"ValueRef":[{"start":[27,30],"name":"E:\\practice\\haskell\\cube-rotation\\bower_components\\purescript-free\\src\\Control\\Comonad\\Cofree.purs","end":[27,38]},{"Ident":"compare1"}]}]},"eiImportedAs":null},{"eiModule":["Data","Traversable"],"eiImportType":{"Explicit":[{"TypeClassRef":[{"start":[28,26],"name":"E:\\practice\\haskell\\cube-rotation\\bower_components\\purescript-free\\src\\Control\\Comonad\\Cofree.purs","end":[28,43]},"Traversable"]},{"ValueRef":[{"start":[28,45],"name":"E:\\practice\\haskell\\cube-rotation\\bower_components\\purescript-free\\src\\Control\\Comonad\\Cofree.purs","end":[28,53]},{"Ident":"traverse"}]}]},"eiImportedAs":null},{"eiModule":["Data","Tuple"],"eiImportType":{"Explicit":[{"TypeRef":[{"start":[29,20],"name":"E:\\practice\\haskell\\cube-rotation\\bower_components\\purescript-free\\src\\Control\\Comonad\\Cofree.purs","end":[29,29]},"Tuple",null]},{"ValueRef":[{"start":[29,31],"name":"E:\\practice\\haskell\\cube-rotation\\bower_components\\purescript-free\\src\\Control\\Comonad\\Cofree.purs","end":[29,34]},{"Ident":"fst"}]},{"ValueRef":[{"start":[29,36],"name":"E:\\practice\\haskell\\cube-rotation\\bower_components\\purescript-free\\src\\Control\\Comonad\\Cofree.purs","end":[29,39]},{"Ident":"snd"}]}]},"eiImportedAs":null}],"efFixities":[{"efAssociativity":"infixr","efPrecedence":5,"efOperator":":<","efAlias":[["Control","Comonad","Cofree"],{"Left":{"Ident":"mkCofree"}}]}],"efTypeFixities":[],"efDeclarations":[{"EDType":{"edTypeName":"Cofree","edTypeKind":{"tag":"FunKind","contents":[{"tag":"FunKind","contents":[{"tag":"NamedKind","contents":[["Prim"],"Type"]},{"tag":"NamedKind","contents":[["Prim"],"Type"]}]},{"tag":"FunKind","contents":[{"tag":"NamedKind","contents":[["Prim"],"Type"]},{"tag":"NamedKind","contents":[["Prim"],"Type"]}]}]},"edTypeDeclarationKind":{"DataType":{"args":[["f",{"tag":"FunKind","contents":[{"tag":"NamedKind","contents":[["Prim"],"Type"]},{"tag":"NamedKind","contents":[["Prim"],"Type"]}]}],["a",{"tag":"NamedKind","contents":[["Prim"],"Type"]}]],"ctors":[["Cofree",[{"tag":"TypeApp","contents":[{"tag":"TypeConstructor","contents":[["Data","Lazy"],"Lazy"]},{"tag":"TypeApp","contents":[{"tag":"TypeApp","contents":[{"tag":"TypeConstructor","contents":[["Data","Tuple"],"Tuple"]},{"tag":"TypeVar","contents":"a"}]},{"tag":"TypeApp","contents":[{"tag":"TypeVar","contents":"f"},{"tag":"TypeApp","contents":[{"tag":"TypeApp","contents":[{"tag":"TypeConstructor","contents":[["Control","Comonad","Cofree"],"Cofree"]},{"tag":"TypeVar","contents":"f"}]},{"tag":"TypeVar","contents":"a"}]}]}]}]}]]]}}}},{"EDValue":{"edValueName":{"Ident":"deferCofree"},"edValueType":{"tag":"ForAll","contents":["a",{"tag":"ForAll","contents":["f",{"tag":"TypeApp","contents":[{"tag":"TypeApp","contents":[{"tag":"TypeConstructor","contents":[["Prim"],"Function"]},{"tag":"TypeApp","contents":[{"tag":"TypeApp","contents":[{"tag":"TypeConstructor","contents":[["Prim"],"Function"]},{"tag":"TypeConstructor","contents":[["Data","Unit"],"Unit"]}]},{"tag":"TypeApp","contents":[{"tag":"TypeApp","contents":[{"tag":"TypeConstructor","contents":[["Data","Tuple"],"Tuple"]},{"tag":"TypeVar","contents":"a"}]},{"tag":"TypeApp","contents":[{"tag":"TypeVar","contents":"f"},{"tag":"TypeApp","contents":[{"tag":"TypeApp","contents":[{"tag":"TypeConstructor","contents":[["Control","Comonad","Cofree"],"Cofree"]},{"tag":"TypeVar","contents":"f"}]},{"tag":"TypeVar","contents":"a"}]}]}]}]}]},{"tag":"TypeApp","contents":[{"tag":"TypeApp","contents":[{"tag":"TypeConstructor","contents":[["Control","Comonad","Cofree"],"Cofree"]},{"tag":"TypeVar","contents":"f"}]},{"tag":"TypeVar","contents":"a"}]}]},141]},142]}}},{"EDValue":{"edValueName":{"Ident":"mkCofree"},"edValueType":{"tag":"ForAll","contents":["a",{"tag":"ForAll","contents":["f",{"tag":"TypeApp","contents":[{"tag":"TypeApp","contents":[{"tag":"TypeConstructor","contents":[["Prim"],"Function"]},{"tag":"TypeVar","contents":"a"}]},{"tag":"TypeApp","contents":[{"tag":"TypeApp","contents":[{"tag":"TypeConstructor","contents":[["Prim"],"Function"]},{"tag":"TypeApp","contents":[{"tag":"TypeVar","contents":"f"},{"tag":"TypeApp","contents":[{"tag":"TypeApp","contents":[{"tag":"TypeConstructor","contents":[["Control","Comonad","Cofree"],"Cofree"]},{"tag":"TypeVar","contents":"f"}]},{"tag":"TypeVar","contents":"a"}]}]}]},{"tag":"TypeApp","contents":[{"tag":"TypeApp","contents":[{"tag":"TypeConstructor","contents":[["Control","Comonad","Cofree"],"Cofree"]},{"tag":"TypeVar","contents":"f"}]},{"tag":"TypeVar","contents":"a"}]}]}]},23]},24]}}},{"EDValue":{"edValueName":{"Ident":"head"},"edValueType":{"tag":"ForAll","contents":["a",{"tag":"ForAll","contents":["f",{"tag":"TypeApp","contents":[{"tag":"TypeApp","contents":[{"tag":"TypeConstructor","contents":[["Prim"],"Function"]},{"tag":"TypeApp","contents":[{"tag":"TypeApp","contents":[{"tag":"TypeConstructor","contents":[["Control","Comonad","Cofree"],"Cofree"]},{"tag":"TypeVar","contents":"f"}]},{"tag":"TypeVar","contents":"a"}]}]},{"tag":"TypeVar","contents":"a"}]},46]},47]}}},{"EDValue":{"edValueName":{"Ident":"tail"},"edValueType":{"tag":"ForAll","contents":["a",{"tag":"ForAll","contents":["f",{"tag":"TypeApp","contents":[{"tag":"TypeApp","contents":[{"tag":"TypeConstructor","contents":[["Prim"],"Function"]},{"tag":"TypeApp","contents":[{"tag":"TypeApp","contents":[{"tag":"TypeConstructor","contents":[["Control","Comonad","Cofree"],"Cofree"]},{"tag":"TypeVar","contents":"f"}]},{"tag":"TypeVar","contents":"a"}]}]},{"tag":"TypeApp","contents":[{"tag":"TypeVar","contents":"f"},{"tag":"TypeApp","contents":[{"tag":"TypeApp","contents":[{"tag":"TypeConstructor","contents":[["Control","Comonad","Cofree"],"Cofree"]},{"tag":"TypeVar","contents":"f"}]},{"tag":"TypeVar","contents":"a"}]}]}]},0]},1]}}},{"EDValue":{"edValueName":{"Ident":"hoistCofree"},"edValueType":{"tag":"ForAll","contents":["g",{"tag":"ForAll","contents":["f",{"tag":"ConstrainedType","contents":[{"constraintClass":[["Data","Functor"],"Functor"],"constraintArgs":[{"tag":"TypeVar","contents":"f"}],"constraintData":null},{"tag":"TypeApp","contents":[{"tag":"TypeApp","contents":[{"tag":"TypeConstructor","contents":[["Prim"],"Function"]},{"tag":"ForAll","contents":["a",{"tag":"TypeApp","contents":[{"tag":"TypeApp","contents":[{"tag":"TypeConstructor","contents":[["Prim"],"Function"]},{"tag":"TypeApp","contents":[{"tag":"TypeVar","contents":"f"},{"tag":"TypeVar","contents":"a"}]}]},{"tag":"TypeApp","contents":[{"tag":"TypeVar","contents":"g"},{"tag":"TypeVar","contents":"a"}]}]},34]}]},{"tag":"ForAll","contents":["a",{"tag":"TypeApp","contents":[{"tag":"TypeApp","contents":[{"tag":"TypeConstructor","contents":[["Prim"],"Function"]},{"tag":"TypeApp","contents":[{"tag":"TypeApp","contents":[{"tag":"TypeConstructor","contents":[["Control","Comonad","Cofree"],"Cofree"]},{"tag":"TypeVar","contents":"f"}]},{"tag":"TypeVar","contents":"a"}]}]},{"tag":"TypeApp","contents":[{"tag":"TypeApp","contents":[{"tag":"TypeConstructor","contents":[["Control","Comonad","Cofree"],"Cofree"]},{"tag":"TypeVar","contents":"g"}]},{"tag":"TypeVar","contents":"a"}]}]},35]}]}]},36]},37]}}},{"EDValue":{"edValueName":{"Ident":"unfoldCofree"},"edValueType":{"tag":"ForAll","contents":["a",{"tag":"ForAll","contents":["s",{"tag":"ForAll","contents":["f",{"tag":"ConstrainedType","contents":[{"constraintClass":[["Data","Functor"],"Functor"],"constraintArgs":[{"tag":"TypeVar","contents":"f"}],"constraintData":null},{"tag":"TypeApp","contents":[{"tag":"TypeApp","contents":[{"tag":"TypeConstructor","contents":[["Prim"],"Function"]},{"tag":"TypeApp","contents":[{"tag":"TypeApp","contents":[{"tag":"TypeConstructor","contents":[["Prim"],"Function"]},{"tag":"TypeVar","contents":"s"}]},{"tag":"TypeVar","contents":"a"}]}]},{"tag":"TypeApp","contents":[{"tag":"TypeApp","contents":[{"tag":"TypeConstructor","contents":[["Prim"],"Function"]},{"tag":"TypeApp","contents":[{"tag":"TypeApp","contents":[{"tag":"TypeConstructor","contents":[["Prim"],"Function"]},{"tag":"TypeVar","contents":"s"}]},{"tag":"TypeApp","contents":[{"tag":"TypeVar","contents":"f"},{"tag":"TypeVar","contents":"s"}]}]}]},{"tag":"TypeApp","contents":[{"tag":"TypeApp","contents":[{"tag":"TypeConstructor","contents":[["Prim"],"Function"]},{"tag":"TypeVar","contents":"s"}]},{"tag":"TypeApp","contents":[{"tag":"TypeApp","contents":[{"tag":"TypeConstructor","contents":[["Control","Comonad","Cofree"],"Cofree"]},{"tag":"TypeVar","contents":"f"}]},{"tag":"TypeVar","contents":"a"}]}]}]}]}]},166]},167]},168]}}},{"EDValue":{"edValueName":{"Ident":"buildCofree"},"edValueType":{"tag":"ForAll","contents":["a",{"tag":"ForAll","contents":["s",{"tag":"ForAll","contents":["f",{"tag":"ConstrainedType","contents":[{"constraintClass":[["Data","Functor"],"Functor"],"constraintArgs":[{"tag":"TypeVar","contents":"f"}],"constraintData":null},{"tag":"TypeApp","contents":[{"tag":"TypeApp","contents":[{"tag":"TypeConstructor","contents":[["Prim"],"Function"]},{"tag":"TypeApp","contents":[{"tag":"TypeApp","contents":[{"tag":"TypeConstructor","contents":[["Prim"],"Function"]},{"tag":"TypeVar","contents":"s"}]},{"tag":"TypeApp","contents":[{"tag":"TypeApp","contents":[{"tag":"TypeConstructor","contents":[["Data","Tuple"],"Tuple"]},{"tag":"TypeVar","contents":"a"}]},{"tag":"TypeApp","contents":[{"tag":"TypeVar","contents":"f"},{"tag":"TypeVar","contents":"s"}]}]}]}]},{"tag":"TypeApp","contents":[{"tag":"TypeApp","contents":[{"tag":"TypeConstructor","contents":[["Prim"],"Function"]},{"tag":"TypeVar","contents":"s"}]},{"tag":"TypeApp","contents":[{"tag":"TypeApp","contents":[{"tag":"TypeConstructor","contents":[["Control","Comonad","Cofree"],"Cofree"]},{"tag":"TypeVar","contents":"f"}]},{"tag":"TypeVar","contents":"a"}]}]}]}]},156]},157]},158]}}},{"EDValue":{"edValueName":{"Ident":"explore"},"edValueType":{"tag":"ForAll","contents":["b",{"tag":"ForAll","contents":["a",{"tag":"ForAll","contents":["g",{"tag":"ForAll","contents":["f",{"tag":"ConstrainedType","contents":[{"constraintClass":[["Data","Functor"],"Functor"],"constraintArgs":[{"tag":"TypeVar","contents":"f"}],"constraintData":null},{"tag":"ConstrainedType","contents":[{"constraintClass":[["Data","Functor"],"Functor"],"constraintArgs":[{"tag":"TypeVar","contents":"g"}],"constraintData":null},{"tag":"TypeApp","contents":[{"tag":"TypeApp","contents":[{"tag":"TypeConstructor","contents":[["Prim"],"Function"]},{"tag":"ForAll","contents":["y",{"tag":"ForAll","contents":["x",{"tag":"TypeApp","contents":[{"tag":"TypeApp","contents":[{"tag":"TypeConstructor","contents":[["Prim"],"Function"]},{"tag":"TypeApp","contents":[{"tag":"TypeVar","contents":"f"},{"tag":"TypeApp","contents":[{"tag":"TypeApp","contents":[{"tag":"TypeConstructor","contents":[["Prim"],"Function"]},{"tag":"TypeVar","contents":"x"}]},{"tag":"TypeVar","contents":"y"}]}]}]},{"tag":"TypeApp","contents":[{"tag":"TypeApp","contents":[{"tag":"TypeConstructor","contents":[["Prim"],"Function"]},{"tag":"TypeApp","contents":[{"tag":"TypeVar","contents":"g"},{"tag":"TypeVar","contents":"x"}]}]},{"tag":"TypeVar","contents":"y"}]}]},121]},122]}]},{"tag":"TypeApp","contents":[{"tag":"TypeApp","contents":[{"tag":"TypeConstructor","contents":[["Prim"],"Function"]},{"tag":"TypeApp","contents":[{"tag":"TypeApp","contents":[{"tag":"TypeConstructor","contents":[["Control","Monad","Free"],"Free"]},{"tag":"TypeVar","contents":"f"}]},{"tag":"TypeApp","contents":[{"tag":"TypeApp","contents":[{"tag":"TypeConstructor","contents":[["Prim"],"Function"]},{"tag":"TypeVar","contents":"a"}]},{"tag":"TypeVar","contents":"b"}]}]}]},{"tag":"TypeApp","contents":[{"tag":"TypeApp","contents":[{"tag":"TypeConstructor","contents":[["Prim"],"Function"]},{"tag":"TypeApp","contents":[{"tag":"TypeApp","contents":[{"tag":"TypeConstructor","contents":[["Control","Comonad","Cofree"],"Cofree"]},{"tag":"TypeVar","contents":"g"}]},{"tag":"TypeVar","contents":"a"}]}]},{"tag":"TypeVar","contents":"b"}]}]}]}]}]},123]},124]},125]},126]}}},{"EDValue":{"edValueName":{"Ident":"exploreM"},"edValueType":{"tag":"ForAll","contents":["m",{"tag":"ForAll","contents":["b",{"tag":"ForAll","contents":["a",{"tag":"ForAll","contents":["g",{"tag":"ForAll","contents":["f",{"tag":"ConstrainedType","contents":[{"constraintClass":[["Data","Functor"],"Functor"],"constraintArgs":[{"tag":"TypeVar","contents":"f"}],"constraintData":null},{"tag":"ConstrainedType","contents":[{"constraintClass":[["Data","Functor"],"Functor"],"constraintArgs":[{"tag":"TypeVar","contents":"g"}],"constraintData":null},{"tag":"ConstrainedType","contents":[{"constraintClass":[["Control","Monad","Rec","Class"],"MonadRec"],"constraintArgs":[{"tag":"TypeVar","contents":"m"}],"constraintData":null},{"tag":"TypeApp","contents":[{"tag":"TypeApp","contents":[{"tag":"TypeConstructor","contents":[["Prim"],"Function"]},{"tag":"ForAll","contents":["y",{"tag":"ForAll","contents":["x",{"tag":"TypeApp","contents":[{"tag":"TypeApp","contents":[{"tag":"TypeConstructor","contents":[["Prim"],"Function"]},{"tag":"TypeApp","contents":[{"tag":"TypeVar","contents":"f"},{"tag":"TypeApp","contents":[{"tag":"TypeApp","contents":[{"tag":"TypeConstructor","contents":[["Prim"],"Function"]},{"tag":"TypeVar","contents":"x"}]},{"tag":"TypeVar","contents":"y"}]}]}]},{"tag":"TypeApp","contents":[{"tag":"TypeApp","contents":[{"tag":"TypeConstructor","contents":[["Prim"],"Function"]},{"tag":"TypeApp","contents":[{"tag":"TypeVar","contents":"g"},{"tag":"TypeVar","contents":"x"}]}]},{"tag":"TypeApp","contents":[{"tag":"TypeVar","contents":"m"},{"tag":"TypeVar","contents":"y"}]}]}]},103]},104]}]},{"tag":"TypeApp","contents":[{"tag":"TypeApp","contents":[{"tag":"TypeConstructor","contents":[["Prim"],"Function"]},{"tag":"TypeApp","contents":[{"tag":"TypeApp","contents":[{"tag":"TypeConstructor","contents":[["Control","Monad","Free"],"Free"]},{"tag":"TypeVar","contents":"f"}]},{"tag":"TypeApp","contents":[{"tag":"TypeApp","contents":[{"tag":"TypeConstructor","contents":[["Prim"],"Function"]},{"tag":"TypeVar","contents":"a"}]},{"tag":"TypeVar","contents":"b"}]}]}]},{"tag":"TypeApp","contents":[{"tag":"TypeApp","contents":[{"tag":"TypeConstructor","contents":[["Prim"],"Function"]},{"tag":"TypeApp","contents":[{"tag":"TypeApp","contents":[{"tag":"TypeConstructor","contents":[["Control","Comonad","Cofree"],"Cofree"]},{"tag":"TypeVar","contents":"g"}]},{"tag":"TypeVar","contents":"a"}]}]},{"tag":"TypeApp","contents":[{"tag":"TypeVar","contents":"m"},{"tag":"TypeVar","contents":"b"}]}]}]}]}]}]}]},105]},106]},107]},108]},109]}}},{"EDInstance":{"edInstanceClassName":[["Data","Eq"],"Eq"],"edInstanceName":{"Ident":"eqCofree"},"edInstanceTypes":[{"tag":"TypeApp","contents":[{"tag":"TypeApp","contents":[{"tag":"TypeConstructor","contents":[["Control","Comonad","Cofree"],"Cofree"]},{"tag":"TypeVar","contents":"f"}]},{"tag":"TypeVar","contents":"a"}]}],"edInstanceConstraints":[{"constraintClass":[["Data","Eq"],"Eq1"],"constraintArgs":[{"tag":"TypeVar","contents":"f"}],"constraintData":null},{"constraintClass":[["Data","Eq"],"Eq"],"constraintArgs":[{"tag":"TypeVar","contents":"a"}],"constraintData":null}]}},{"EDInstance":{"edInstanceClassName":[["Data","Eq"],"Eq1"],"edInstanceName":{"Ident":"eq1Cofree"},"edInstanceTypes":[{"tag":"TypeApp","contents":[{"tag":"TypeConstructor","contents":[["Control","Comonad","Cofree"],"Cofree"]},{"tag":"TypeVar","contents":"f"}]}],"edInstanceConstraints":[{"constraintClass":[["Data","Eq"],"Eq1"],"constraintArgs":[{"tag":"TypeVar","contents":"f"}],"constraintData":null}]}},{"EDInstance":{"edInstanceClassName":[["Data","Ord"],"Ord"],"edInstanceName":{"Ident":"ordCofree"},"edInstanceTypes":[{"tag":"TypeApp","contents":[{"tag":"TypeApp","contents":[{"tag":"TypeConstructor","contents":[["Control","Comonad","Cofree"],"Cofree"]},{"tag":"TypeVar","contents":"f"}]},{"tag":"TypeVar","contents":"a"}]}],"edInstanceConstraints":[{"constraintClass":[["Data","Ord"],"Ord1"],"constraintArgs":[{"tag":"TypeVar","contents":"f"}],"constraintData":null},{"constraintClass":[["Data","Ord"],"Ord"],"constraintArgs":[{"tag":"TypeVar","contents":"a"}],"constraintData":null}]}},{"EDInstance":{"edInstanceClassName":[["Data","Ord"],"Ord1"],"edInstanceName":{"Ident":"ord1Cofree"},"edInstanceTypes":[{"tag":"TypeApp","contents":[{"tag":"TypeConstructor","contents":[["Control","Comonad","Cofree"],"Cofree"]},{"tag":"TypeVar","contents":"f"}]}],"edInstanceConstraints":[{"constraintClass":[["Data","Ord"],"Ord1"],"constraintArgs":[{"tag":"TypeVar","contents":"f"}],"constraintData":null}]}},{"EDInstance":{"edInstanceClassName":[["Data","Functor"],"Functor"],"edInstanceName":{"Ident":"functorCofree"},"edInstanceTypes":[{"tag":"TypeApp","contents":[{"tag":"TypeConstructor","contents":[["Control","Comonad","Cofree"],"Cofree"]},{"tag":"TypeVar","contents":"f"}]}],"edInstanceConstraints":[{"constraintClass":[["Data","Functor"],"Functor"],"constraintArgs":[{"tag":"TypeVar","contents":"f"}],"constraintData":null}]}},{"EDInstance":{"edInstanceClassName":[["Data","Foldable"],"Foldable"],"edInstanceName":{"Ident":"foldableCofree"},"edInstanceTypes":[{"tag":"TypeApp","contents":[{"tag":"TypeConstructor","contents":[["Control","Comonad","Cofree"],"Cofree"]},{"tag":"TypeVar","contents":"f"}]}],"edInstanceConstraints":[{"constraintClass":[["Data","Foldable"],"Foldable"],"constraintArgs":[{"tag":"TypeVar","contents":"f"}],"constraintData":null}]}},{"EDInstance":{"edInstanceClassName":[["Data","Traversable"],"Traversable"],"edInstanceName":{"Ident":"traversableCofree"},"edInstanceTypes":[{"tag":"TypeApp","contents":[{"tag":"TypeConstructor","contents":[["Control","Comonad","Cofree"],"Cofree"]},{"tag":"TypeVar","contents":"f"}]}],"edInstanceConstraints":[{"constraintClass":[["Data","Traversable"],"Traversable"],"constraintArgs":[{"tag":"TypeVar","contents":"f"}],"constraintData":null}]}},{"EDInstance":{"edInstanceClassName":[["Control","Extend"],"Extend"],"edInstanceName":{"Ident":"extendCofree"},"edInstanceTypes":[{"tag":"TypeApp","contents":[{"tag":"TypeConstructor","contents":[["Control","Comonad","Cofree"],"Cofree"]},{"tag":"TypeVar","contents":"f"}]}],"edInstanceConstraints":[{"constraintClass":[["Data","Functor"],"Functor"],"constraintArgs":[{"tag":"TypeVar","contents":"f"}],"constraintData":null}]}},{"EDInstance":{"edInstanceClassName":[["Control","Comonad"],"Comonad"],"edInstanceName":{"Ident":"comonadCofree"},"edInstanceTypes":[{"tag":"TypeApp","contents":[{"tag":"TypeConstructor","contents":[["Control","Comonad","Cofree"],"Cofree"]},{"tag":"TypeVar","contents":"f"}]}],"edInstanceConstraints":[{"constraintClass":[["Data","Functor"],"Functor"],"constraintArgs":[{"tag":"TypeVar","contents":"f"}],"constraintData":null}]}},{"EDInstance":{"edInstanceClassName":[["Control","Apply"],"Apply"],"edInstanceName":{"Ident":"applyCofree"},"edInstanceTypes":[{"tag":"TypeApp","contents":[{"tag":"TypeConstructor","contents":[["Control","Comonad","Cofree"],"Cofree"]},{"tag":"TypeVar","contents":"f"}]}],"edInstanceConstraints":[{"constraintClass":[["Control","Alternative"],"Alternative"],"constraintArgs":[{"tag":"TypeVar","contents":"f"}],"constraintData":null}]}},{"EDInstance":{"edInstanceClassName":[["Control","Applicative"],"Applicative"],"edInstanceName":{"Ident":"applicativeCofree"},"edInstanceTypes":[{"tag":"TypeApp","contents":[{"tag":"TypeConstructor","contents":[["Control","Comonad","Cofree"],"Cofree"]},{"tag":"TypeVar","contents":"f"}]}],"edInstanceConstraints":[{"constraintClass":[["Control","Alternative"],"Alternative"],"constraintArgs":[{"tag":"TypeVar","contents":"f"}],"constraintData":null}]}},{"EDInstance":{"edInstanceClassName":[["Control","Bind"],"Bind"],"edInstanceName":{"Ident":"bindCofree"},"edInstanceTypes":[{"tag":"TypeApp","contents":[{"tag":"TypeConstructor","contents":[["Control","Comonad","Cofree"],"Cofree"]},{"tag":"TypeVar","contents":"f"}]}],"edInstanceConstraints":[{"constraintClass":[["Control","Alternative"],"Alternative"],"constraintArgs":[{"tag":"TypeVar","contents":"f"}],"constraintData":null}]}},{"EDInstance":{"edInstanceClassName":[["Control","Monad"],"Monad"],"edInstanceName":{"Ident":"monadCofree"},"edInstanceTypes":[{"tag":"TypeApp","contents":[{"tag":"TypeConstructor","contents":[["Control","Comonad","Cofree"],"Cofree"]},{"tag":"TypeVar","contents":"f"}]}],"edInstanceConstraints":[{"constraintClass":[["Control","Alternative"],"Alternative"],"constraintArgs":[{"tag":"TypeVar","contents":"f"}],"constraintData":null}]}},{"EDInstance":{"edInstanceClassName":[["Control","Lazy"],"Lazy"],"edInstanceName":{"Ident":"lazyCofree"},"edInstanceTypes":[{"tag":"TypeApp","contents":[{"tag":"TypeApp","contents":[{"tag":"TypeConstructor","contents":[["Control","Comonad","Cofree"],"Cofree"]},{"tag":"TypeVar","contents":"f"}]},{"tag":"TypeVar","contents":"a"}]}],"edInstanceConstraints":[]}}],"efSourceSpan":{"start":[1,1],"name":"E:\\practice\\haskell\\cube-rotation\\bower_components\\purescript-free\\src\\Control\\Comonad\\Cofree.purs","end":[185,67]}}