{"efVersion":"0.11.7","efModuleName":["Control","Monad","Reader"],"efExports":[{"ReExportRef":[{"start":[1,1],"name":"E:\\practice\\haskell\\cube-rotation\\bower_components\\purescript-transformers\\src\\Control\\Monad\\Reader.purs","end":[34,47]},["Control","Monad","Reader","Trans"],{"TypeRef":[{"start":[1,1],"name":"E:\\practice\\haskell\\cube-rotation\\bower_components\\purescript-transformers\\src\\Control\\Monad\\Reader.purs","end":[34,47]},"ReaderT",["ReaderT"]]}]},{"ReExportRef":[{"start":[1,1],"name":"E:\\practice\\haskell\\cube-rotation\\bower_components\\purescript-transformers\\src\\Control\\Monad\\Reader.purs","end":[34,47]},["Control","Monad","Reader","Class"],{"TypeClassRef":[{"start":[1,1],"name":"E:\\practice\\haskell\\cube-rotation\\bower_components\\purescript-transformers\\src\\Control\\Monad\\Reader.purs","end":[34,47]},"MonadAsk"]}]},{"ReExportRef":[{"start":[1,1],"name":"E:\\practice\\haskell\\cube-rotation\\bower_components\\purescript-transformers\\src\\Control\\Monad\\Reader.purs","end":[34,47]},["Control","Monad","Reader","Class"],{"TypeClassRef":[{"start":[1,1],"name":"E:\\practice\\haskell\\cube-rotation\\bower_components\\purescript-transformers\\src\\Control\\Monad\\Reader.purs","end":[34,47]},"MonadReader"]}]},{"ReExportRef":[{"start":[1,1],"name":"E:\\practice\\haskell\\cube-rotation\\bower_components\\purescript-transformers\\src\\Control\\Monad\\Reader.purs","end":[34,47]},["Control","Monad","Trans","Class"],{"TypeClassRef":[{"start":[1,1],"name":"E:\\practice\\haskell\\cube-rotation\\bower_components\\purescript-transformers\\src\\Control\\Monad\\Reader.purs","end":[34,47]},"MonadTrans"]}]},{"ReExportRef":[{"start":[1,1],"name":"E:\\practice\\haskell\\cube-rotation\\bower_components\\purescript-transformers\\src\\Control\\Monad\\Reader.purs","end":[34,47]},["Control","Monad","Reader","Class"],{"ValueRef":[{"start":[1,1],"name":"E:\\practice\\haskell\\cube-rotation\\bower_components\\purescript-transformers\\src\\Control\\Monad\\Reader.purs","end":[34,47]},{"Ident":"ask"}]}]},{"ReExportRef":[{"start":[1,1],"name":"E:\\practice\\haskell\\cube-rotation\\bower_components\\purescript-transformers\\src\\Control\\Monad\\Reader.purs","end":[34,47]},["Control","Monad","Reader","Class"],{"ValueRef":[{"start":[1,1],"name":"E:\\practice\\haskell\\cube-rotation\\bower_components\\purescript-transformers\\src\\Control\\Monad\\Reader.purs","end":[34,47]},{"Ident":"asks"}]}]},{"ReExportRef":[{"start":[1,1],"name":"E:\\practice\\haskell\\cube-rotation\\bower_components\\purescript-transformers\\src\\Control\\Monad\\Reader.purs","end":[34,47]},["Control","Monad","Trans","Class"],{"ValueRef":[{"start":[1,1],"name":"E:\\practice\\haskell\\cube-rotation\\bower_components\\purescript-transformers\\src\\Control\\Monad\\Reader.purs","end":[34,47]},{"Ident":"lift"}]}]},{"ReExportRef":[{"start":[1,1],"name":"E:\\practice\\haskell\\cube-rotation\\bower_components\\purescript-transformers\\src\\Control\\Monad\\Reader.purs","end":[34,47]},["Control","Monad","Reader","Class"],{"ValueRef":[{"start":[1,1],"name":"E:\\practice\\haskell\\cube-rotation\\bower_components\\purescript-transformers\\src\\Control\\Monad\\Reader.purs","end":[34,47]},{"Ident":"local"}]}]},{"ReExportRef":[{"start":[1,1],"name":"E:\\practice\\haskell\\cube-rotation\\bower_components\\purescript-transformers\\src\\Control\\Monad\\Reader.purs","end":[34,47]},["Control","Monad","Reader","Trans"],{"ValueRef":[{"start":[1,1],"name":"E:\\practice\\haskell\\cube-rotation\\bower_components\\purescript-transformers\\src\\Control\\Monad\\Reader.purs","end":[34,47]},{"Ident":"mapReaderT"}]}]},{"ReExportRef":[{"start":[1,1],"name":"E:\\practice\\haskell\\cube-rotation\\bower_components\\purescript-transformers\\src\\Control\\Monad\\Reader.purs","end":[34,47]},["Control","Monad","Reader","Trans"],{"ValueRef":[{"start":[1,1],"name":"E:\\practice\\haskell\\cube-rotation\\bower_components\\purescript-transformers\\src\\Control\\Monad\\Reader.purs","end":[34,47]},{"Ident":"runReaderT"}]}]},{"ReExportRef":[{"start":[1,1],"name":"E:\\practice\\haskell\\cube-rotation\\bower_components\\purescript-transformers\\src\\Control\\Monad\\Reader.purs","end":[34,47]},["Control","Monad","Reader","Trans"],{"ValueRef":[{"start":[1,1],"name":"E:\\practice\\haskell\\cube-rotation\\bower_components\\purescript-transformers\\src\\Control\\Monad\\Reader.purs","end":[34,47]},{"Ident":"withReaderT"}]}]},{"TypeRef":[{"start":[1,1],"name":"E:\\practice\\haskell\\cube-rotation\\bower_components\\purescript-transformers\\src\\Control\\Monad\\Reader.purs","end":[34,47]},"Reader",[]]},{"ValueRef":[{"start":[1,1],"name":"E:\\practice\\haskell\\cube-rotation\\bower_components\\purescript-transformers\\src\\Control\\Monad\\Reader.purs","end":[34,47]},{"Ident":"runReader"}]},{"ValueRef":[{"start":[1,1],"name":"E:\\practice\\haskell\\cube-rotation\\bower_components\\purescript-transformers\\src\\Control\\Monad\\Reader.purs","end":[34,47]},{"Ident":"mapReader"}]},{"ValueRef":[{"start":[1,1],"name":"E:\\practice\\haskell\\cube-rotation\\bower_components\\purescript-transformers\\src\\Control\\Monad\\Reader.purs","end":[34,47]},{"Ident":"withReader"}]},{"ModuleRef":[{"start":[8,5],"name":"E:\\practice\\haskell\\cube-rotation\\bower_components\\purescript-transformers\\src\\Control\\Monad\\Reader.purs","end":[8,38]},["Control","Monad","Reader","Class"]]},{"ModuleRef":[{"start":[9,5],"name":"E:\\practice\\haskell\\cube-rotation\\bower_components\\purescript-transformers\\src\\Control\\Monad\\Reader.purs","end":[9,38]},["Control","Monad","Reader","Trans"]]}],"efImports":[{"eiModule":["Prim"],"eiImportType":{"Implicit":[]},"eiImportedAs":["Prim"]},{"eiModule":["Prim"],"eiImportType":{"Implicit":[]},"eiImportedAs":null},{"eiModule":["Prelude"],"eiImportType":{"Implicit":[]},"eiImportedAs":null},{"eiModule":["Control","Monad","Reader","Class"],"eiImportType":{"Explicit":[{"TypeClassRef":[{"start":[14,36],"name":"E:\\practice\\haskell\\cube-rotation\\bower_components\\purescript-transformers\\src\\Control\\Monad\\Reader.purs","end":[14,50]},"MonadAsk"]},{"ValueRef":[{"start":[14,52],"name":"E:\\practice\\haskell\\cube-rotation\\bower_components\\purescript-transformers\\src\\Control\\Monad\\Reader.purs","end":[14,55]},{"Ident":"ask"}]},{"ValueRef":[{"start":[14,57],"name":"E:\\practice\\haskell\\cube-rotation\\bower_components\\purescript-transformers\\src\\Control\\Monad\\Reader.purs","end":[14,61]},{"Ident":"asks"}]},{"TypeClassRef":[{"start":[14,63],"name":"E:\\practice\\haskell\\cube-rotation\\bower_components\\purescript-transformers\\src\\Control\\Monad\\Reader.purs","end":[14,80]},"MonadReader"]},{"ValueRef":[{"start":[14,82],"name":"E:\\practice\\haskell\\cube-rotation\\bower_components\\purescript-transformers\\src\\Control\\Monad\\Reader.purs","end":[14,87]},{"Ident":"local"}]}]},"eiImportedAs":null},{"eiModule":["Control","Monad","Reader","Trans"],"eiImportType":{"Explicit":[{"TypeClassRef":[{"start":[15,36],"name":"E:\\practice\\haskell\\cube-rotation\\bower_components\\purescript-transformers\\src\\Control\\Monad\\Reader.purs","end":[15,52]},"MonadTrans"]},{"TypeRef":[{"start":[15,54],"name":"E:\\practice\\haskell\\cube-rotation\\bower_components\\purescript-transformers\\src\\Control\\Monad\\Reader.purs","end":[15,65]},"ReaderT",null]},{"ValueRef":[{"start":[15,67],"name":"E:\\practice\\haskell\\cube-rotation\\bower_components\\purescript-transformers\\src\\Control\\Monad\\Reader.purs","end":[15,71]},{"Ident":"lift"}]},{"ValueRef":[{"start":[15,73],"name":"E:\\practice\\haskell\\cube-rotation\\bower_components\\purescript-transformers\\src\\Control\\Monad\\Reader.purs","end":[15,83]},{"Ident":"mapReaderT"}]},{"ValueRef":[{"start":[15,85],"name":"E:\\practice\\haskell\\cube-rotation\\bower_components\\purescript-transformers\\src\\Control\\Monad\\Reader.purs","end":[15,95]},{"Ident":"runReaderT"}]},{"ValueRef":[{"start":[15,97],"name":"E:\\practice\\haskell\\cube-rotation\\bower_components\\purescript-transformers\\src\\Control\\Monad\\Reader.purs","end":[15,108]},{"Ident":"withReaderT"}]}]},"eiImportedAs":null},{"eiModule":["Data","Identity"],"eiImportType":{"Explicit":[{"TypeRef":[{"start":[17,23],"name":"E:\\practice\\haskell\\cube-rotation\\bower_components\\purescript-transformers\\src\\Control\\Monad\\Reader.purs","end":[17,35]},"Identity",null]}]},"eiImportedAs":null},{"eiModule":["Data","Newtype"],"eiImportType":{"Explicit":[{"ValueRef":[{"start":[18,22],"name":"E:\\practice\\haskell\\cube-rotation\\bower_components\\purescript-transformers\\src\\Control\\Monad\\Reader.purs","end":[18,28]},{"Ident":"unwrap"}]}]},"eiImportedAs":null}],"efFixities":[],"efTypeFixities":[],"efDeclarations":[{"EDType":{"edTypeName":"Reader","edTypeKind":{"tag":"FunKind","contents":[{"tag":"NamedKind","contents":[["Prim"],"Type"]},{"tag":"FunKind","contents":[{"tag":"NamedKind","contents":[["Prim"],"Type"]},{"tag":"NamedKind","contents":[["Prim"],"Type"]}]}]},"edTypeDeclarationKind":"TypeSynonym"}},{"EDTypeSynonym":{"edTypeSynonymName":"Reader","edTypeSynonymArguments":[["r",{"tag":"NamedKind","contents":[["Prim"],"Type"]}]],"edTypeSynonymType":{"tag":"TypeApp","contents":[{"tag":"TypeApp","contents":[{"tag":"TypeConstructor","contents":[["Control","Monad","Reader","Trans"],"ReaderT"]},{"tag":"TypeVar","contents":"r"}]},{"tag":"TypeConstructor","contents":[["Data","Identity"],"Identity"]}]}}},{"EDValue":{"edValueName":{"Ident":"runReader"},"edValueType":{"tag":"ForAll","contents":["a",{"tag":"ForAll","contents":["r",{"tag":"TypeApp","contents":[{"tag":"TypeApp","contents":[{"tag":"TypeConstructor","contents":[["Prim"],"Function"]},{"tag":"TypeApp","contents":[{"tag":"TypeApp","contents":[{"tag":"TypeApp","contents":[{"tag":"TypeConstructor","contents":[["Control","Monad","Reader","Trans"],"ReaderT"]},{"tag":"TypeVar","contents":"r"}]},{"tag":"TypeConstructor","contents":[["Data","Identity"],"Identity"]}]},{"tag":"TypeVar","contents":"a"}]}]},{"tag":"TypeApp","contents":[{"tag":"TypeApp","contents":[{"tag":"TypeConstructor","contents":[["Prim"],"Function"]},{"tag":"TypeVar","contents":"r"}]},{"tag":"TypeVar","contents":"a"}]}]},6]},7]}}},{"EDValue":{"edValueName":{"Ident":"mapReader"},"edValueType":{"tag":"ForAll","contents":["b",{"tag":"ForAll","contents":["a",{"tag":"ForAll","contents":["r",{"tag":"TypeApp","contents":[{"tag":"TypeApp","contents":[{"tag":"TypeConstructor","contents":[["Prim"],"Function"]},{"tag":"TypeApp","contents":[{"tag":"TypeApp","contents":[{"tag":"TypeConstructor","contents":[["Prim"],"Function"]},{"tag":"TypeVar","contents":"a"}]},{"tag":"TypeVar","contents":"b"}]}]},{"tag":"TypeApp","contents":[{"tag":"TypeApp","contents":[{"tag":"TypeConstructor","contents":[["Prim"],"Function"]},{"tag":"TypeApp","contents":[{"tag":"TypeApp","contents":[{"tag":"TypeApp","contents":[{"tag":"TypeConstructor","contents":[["Control","Monad","Reader","Trans"],"ReaderT"]},{"tag":"TypeVar","contents":"r"}]},{"tag":"TypeConstructor","contents":[["Data","Identity"],"Identity"]}]},{"tag":"TypeVar","contents":"a"}]}]},{"tag":"TypeApp","contents":[{"tag":"TypeApp","contents":[{"tag":"TypeApp","contents":[{"tag":"TypeConstructor","contents":[["Control","Monad","Reader","Trans"],"ReaderT"]},{"tag":"TypeVar","contents":"r"}]},{"tag":"TypeConstructor","contents":[["Data","Identity"],"Identity"]}]},{"tag":"TypeVar","contents":"b"}]}]}]},10]},11]},12]}}},{"EDValue":{"edValueName":{"Ident":"withReader"},"edValueType":{"tag":"ForAll","contents":["a",{"tag":"ForAll","contents":["r2",{"tag":"ForAll","contents":["r1",{"tag":"TypeApp","contents":[{"tag":"TypeApp","contents":[{"tag":"TypeConstructor","contents":[["Prim"],"Function"]},{"tag":"TypeApp","contents":[{"tag":"TypeApp","contents":[{"tag":"TypeConstructor","contents":[["Prim"],"Function"]},{"tag":"TypeVar","contents":"r2"}]},{"tag":"TypeVar","contents":"r1"}]}]},{"tag":"TypeApp","contents":[{"tag":"TypeApp","contents":[{"tag":"TypeConstructor","contents":[["Prim"],"Function"]},{"tag":"TypeApp","contents":[{"tag":"TypeApp","contents":[{"tag":"TypeApp","contents":[{"tag":"TypeConstructor","contents":[["Control","Monad","Reader","Trans"],"ReaderT"]},{"tag":"TypeVar","contents":"r1"}]},{"tag":"TypeConstructor","contents":[["Data","Identity"],"Identity"]}]},{"tag":"TypeVar","contents":"a"}]}]},{"tag":"TypeApp","contents":[{"tag":"TypeApp","contents":[{"tag":"TypeApp","contents":[{"tag":"TypeConstructor","contents":[["Control","Monad","Reader","Trans"],"ReaderT"]},{"tag":"TypeVar","contents":"r2"}]},{"tag":"TypeConstructor","contents":[["Data","Identity"],"Identity"]}]},{"tag":"TypeVar","contents":"a"}]}]}]},0]},1]},2]}}}],"efSourceSpan":{"start":[1,1],"name":"E:\\practice\\haskell\\cube-rotation\\bower_components\\purescript-transformers\\src\\Control\\Monad\\Reader.purs","end":[34,47]}}