{"efVersion":"0.11.7","efModuleName":["Data","Functor","Coproduct"],"efExports":[{"TypeRef":[{"start":[1,1],"name":"E:\\practice\\haskell\\cube-rotation\\bower_components\\purescript-functors\\src\\Data\\Functor\\Coproduct.purs","end":[91,44]},"Coproduct",["Coproduct"]]},{"ValueRef":[{"start":[1,1],"name":"E:\\practice\\haskell\\cube-rotation\\bower_components\\purescript-functors\\src\\Data\\Functor\\Coproduct.purs","end":[91,44]},{"Ident":"left"}]},{"ValueRef":[{"start":[1,1],"name":"E:\\practice\\haskell\\cube-rotation\\bower_components\\purescript-functors\\src\\Data\\Functor\\Coproduct.purs","end":[91,44]},{"Ident":"right"}]},{"ValueRef":[{"start":[1,1],"name":"E:\\practice\\haskell\\cube-rotation\\bower_components\\purescript-functors\\src\\Data\\Functor\\Coproduct.purs","end":[91,44]},{"Ident":"coproduct"}]},{"ValueRef":[{"start":[1,1],"name":"E:\\practice\\haskell\\cube-rotation\\bower_components\\purescript-functors\\src\\Data\\Functor\\Coproduct.purs","end":[91,44]},{"Ident":"bihoistCoproduct"}]},{"TypeInstanceRef":[{"start":[0,0],"name":"<generated>","end":[0,0]},{"Ident":"newtypeCoproduct"}]},{"TypeInstanceRef":[{"start":[0,0],"name":"<generated>","end":[0,0]},{"Ident":"eqCoproduct"}]},{"TypeInstanceRef":[{"start":[0,0],"name":"<generated>","end":[0,0]},{"Ident":"eq1Coproduct"}]},{"TypeInstanceRef":[{"start":[0,0],"name":"<generated>","end":[0,0]},{"Ident":"ordCoproduct"}]},{"TypeInstanceRef":[{"start":[0,0],"name":"<generated>","end":[0,0]},{"Ident":"ord1Coproduct"}]},{"TypeInstanceRef":[{"start":[0,0],"name":"<generated>","end":[0,0]},{"Ident":"showCoproduct"}]},{"TypeInstanceRef":[{"start":[0,0],"name":"<generated>","end":[0,0]},{"Ident":"functorCoproduct"}]},{"TypeInstanceRef":[{"start":[0,0],"name":"<generated>","end":[0,0]},{"Ident":"extendCoproduct"}]},{"TypeInstanceRef":[{"start":[0,0],"name":"<generated>","end":[0,0]},{"Ident":"comonadCoproduct"}]},{"TypeInstanceRef":[{"start":[0,0],"name":"<generated>","end":[0,0]},{"Ident":"foldableCoproduct"}]},{"TypeInstanceRef":[{"start":[0,0],"name":"<generated>","end":[0,0]},{"Ident":"traversableCoproduct"}]}],"efImports":[{"eiModule":["Prim"],"eiImportType":{"Implicit":[]},"eiImportedAs":["Prim"]},{"eiModule":["Prim"],"eiImportType":{"Implicit":[]},"eiImportedAs":null},{"eiModule":["Prelude"],"eiImportType":{"Implicit":[]},"eiImportedAs":null},{"eiModule":["Control","Extend"],"eiImportType":{"Explicit":[{"TypeClassRef":[{"start":[5,24],"name":"E:\\practice\\haskell\\cube-rotation\\bower_components\\purescript-functors\\src\\Data\\Functor\\Coproduct.purs","end":[5,36]},"Extend"]},{"ValueRef":[{"start":[5,38],"name":"E:\\practice\\haskell\\cube-rotation\\bower_components\\purescript-functors\\src\\Data\\Functor\\Coproduct.purs","end":[5,44]},{"Ident":"extend"}]}]},"eiImportedAs":null},{"eiModule":["Control","Comonad"],"eiImportType":{"Explicit":[{"TypeClassRef":[{"start":[6,25],"name":"E:\\practice\\haskell\\cube-rotation\\bower_components\\purescript-functors\\src\\Data\\Functor\\Coproduct.purs","end":[6,38]},"Comonad"]},{"ValueRef":[{"start":[6,40],"name":"E:\\practice\\haskell\\cube-rotation\\bower_components\\purescript-functors\\src\\Data\\Functor\\Coproduct.purs","end":[6,47]},{"Ident":"extract"}]}]},"eiImportedAs":null},{"eiModule":["Data","Bifunctor"],"eiImportType":{"Explicit":[{"ValueRef":[{"start":[8,24],"name":"E:\\practice\\haskell\\cube-rotation\\bower_components\\purescript-functors\\src\\Data\\Functor\\Coproduct.purs","end":[8,29]},{"Ident":"bimap"}]}]},"eiImportedAs":null},{"eiModule":["Data","Either"],"eiImportType":{"Explicit":[{"TypeRef":[{"start":[9,21],"name":"E:\\practice\\haskell\\cube-rotation\\bower_components\\purescript-functors\\src\\Data\\Functor\\Coproduct.purs","end":[9,31]},"Either",null]}]},"eiImportedAs":null},{"eiModule":["Data","Eq"],"eiImportType":{"Explicit":[{"TypeClassRef":[{"start":[10,17],"name":"E:\\practice\\haskell\\cube-rotation\\bower_components\\purescript-functors\\src\\Data\\Functor\\Coproduct.purs","end":[10,26]},"Eq1"]},{"ValueRef":[{"start":[10,28],"name":"E:\\practice\\haskell\\cube-rotation\\bower_components\\purescript-functors\\src\\Data\\Functor\\Coproduct.purs","end":[10,31]},{"Ident":"eq1"}]}]},"eiImportedAs":null},{"eiModule":["Data","Foldable"],"eiImportType":{"Explicit":[{"TypeClassRef":[{"start":[11,23],"name":"E:\\practice\\haskell\\cube-rotation\\bower_components\\purescript-functors\\src\\Data\\Functor\\Coproduct.purs","end":[11,37]},"Foldable"]},{"ValueRef":[{"start":[11,39],"name":"E:\\practice\\haskell\\cube-rotation\\bower_components\\purescript-functors\\src\\Data\\Functor\\Coproduct.purs","end":[11,46]},{"Ident":"foldMap"}]},{"ValueRef":[{"start":[11,48],"name":"E:\\practice\\haskell\\cube-rotation\\bower_components\\purescript-functors\\src\\Data\\Functor\\Coproduct.purs","end":[11,53]},{"Ident":"foldl"}]},{"ValueRef":[{"start":[11,55],"name":"E:\\practice\\haskell\\cube-rotation\\bower_components\\purescript-functors\\src\\Data\\Functor\\Coproduct.purs","end":[11,60]},{"Ident":"foldr"}]}]},"eiImportedAs":null},{"eiModule":["Data","Newtype"],"eiImportType":{"Explicit":[{"TypeClassRef":[{"start":[12,22],"name":"E:\\practice\\haskell\\cube-rotation\\bower_components\\purescript-functors\\src\\Data\\Functor\\Coproduct.purs","end":[12,35]},"Newtype"]}]},"eiImportedAs":null},{"eiModule":["Data","Ord"],"eiImportType":{"Explicit":[{"TypeClassRef":[{"start":[13,18],"name":"E:\\practice\\haskell\\cube-rotation\\bower_components\\purescript-functors\\src\\Data\\Functor\\Coproduct.purs","end":[13,28]},"Ord1"]},{"ValueRef":[{"start":[13,30],"name":"E:\\practice\\haskell\\cube-rotation\\bower_components\\purescript-functors\\src\\Data\\Functor\\Coproduct.purs","end":[13,38]},{"Ident":"compare1"}]}]},"eiImportedAs":null},{"eiModule":["Data","Traversable"],"eiImportType":{"Explicit":[{"TypeClassRef":[{"start":[14,26],"name":"E:\\practice\\haskell\\cube-rotation\\bower_components\\purescript-functors\\src\\Data\\Functor\\Coproduct.purs","end":[14,43]},"Traversable"]},{"ValueRef":[{"start":[14,45],"name":"E:\\practice\\haskell\\cube-rotation\\bower_components\\purescript-functors\\src\\Data\\Functor\\Coproduct.purs","end":[14,53]},{"Ident":"traverse"}]},{"ValueRef":[{"start":[14,55],"name":"E:\\practice\\haskell\\cube-rotation\\bower_components\\purescript-functors\\src\\Data\\Functor\\Coproduct.purs","end":[14,63]},{"Ident":"sequence"}]}]},"eiImportedAs":null}],"efFixities":[],"efTypeFixities":[],"efDeclarations":[{"EDType":{"edTypeName":"Coproduct","edTypeKind":{"tag":"FunKind","contents":[{"tag":"FunKind","contents":[{"tag":"NamedKind","contents":[["Prim"],"Type"]},{"tag":"NamedKind","contents":[["Prim"],"Type"]}]},{"tag":"FunKind","contents":[{"tag":"FunKind","contents":[{"tag":"NamedKind","contents":[["Prim"],"Type"]},{"tag":"NamedKind","contents":[["Prim"],"Type"]}]},{"tag":"FunKind","contents":[{"tag":"NamedKind","contents":[["Prim"],"Type"]},{"tag":"NamedKind","contents":[["Prim"],"Type"]}]}]}]},"edTypeDeclarationKind":{"DataType":{"args":[["f",{"tag":"FunKind","contents":[{"tag":"NamedKind","contents":[["Prim"],"Type"]},{"tag":"NamedKind","contents":[["Prim"],"Type"]}]}],["g",{"tag":"FunKind","contents":[{"tag":"NamedKind","contents":[["Prim"],"Type"]},{"tag":"NamedKind","contents":[["Prim"],"Type"]}]}],["a",{"tag":"NamedKind","contents":[["Prim"],"Type"]}]],"ctors":[["Coproduct",[{"tag":"TypeApp","contents":[{"tag":"TypeApp","contents":[{"tag":"TypeConstructor","contents":[["Data","Either"],"Either"]},{"tag":"TypeApp","contents":[{"tag":"TypeVar","contents":"f"},{"tag":"TypeVar","contents":"a"}]}]},{"tag":"TypeApp","contents":[{"tag":"TypeVar","contents":"g"},{"tag":"TypeVar","contents":"a"}]}]}]]]}}}},{"EDDataConstructor":{"edDataCtorName":"Coproduct","edDataCtorOrigin":"newtype","edDataCtorTypeCtor":"Coproduct","edDataCtorType":{"tag":"ForAll","contents":["a",{"tag":"ForAll","contents":["g",{"tag":"ForAll","contents":["f",{"tag":"TypeApp","contents":[{"tag":"TypeApp","contents":[{"tag":"TypeConstructor","contents":[["Prim"],"Function"]},{"tag":"TypeApp","contents":[{"tag":"TypeApp","contents":[{"tag":"TypeConstructor","contents":[["Data","Either"],"Either"]},{"tag":"TypeApp","contents":[{"tag":"TypeVar","contents":"f"},{"tag":"TypeVar","contents":"a"}]}]},{"tag":"TypeApp","contents":[{"tag":"TypeVar","contents":"g"},{"tag":"TypeVar","contents":"a"}]}]}]},{"tag":"TypeApp","contents":[{"tag":"TypeApp","contents":[{"tag":"TypeApp","contents":[{"tag":"TypeConstructor","contents":[["Data","Functor","Coproduct"],"Coproduct"]},{"tag":"TypeVar","contents":"f"}]},{"tag":"TypeVar","contents":"g"}]},{"tag":"TypeVar","contents":"a"}]}]},null]},null]},null]},"edDataCtorFields":[{"Ident":"value0"}]}},{"EDValue":{"edValueName":{"Ident":"left"},"edValueType":{"tag":"ForAll","contents":["a",{"tag":"ForAll","contents":["g",{"tag":"ForAll","contents":["f",{"tag":"TypeApp","contents":[{"tag":"TypeApp","contents":[{"tag":"TypeConstructor","contents":[["Prim"],"Function"]},{"tag":"TypeApp","contents":[{"tag":"TypeVar","contents":"f"},{"tag":"TypeVar","contents":"a"}]}]},{"tag":"TypeApp","contents":[{"tag":"TypeApp","contents":[{"tag":"TypeApp","contents":[{"tag":"TypeConstructor","contents":[["Data","Functor","Coproduct"],"Coproduct"]},{"tag":"TypeVar","contents":"f"}]},{"tag":"TypeVar","contents":"g"}]},{"tag":"TypeVar","contents":"a"}]}]},34]},35]},36]}}},{"EDValue":{"edValueName":{"Ident":"right"},"edValueType":{"tag":"ForAll","contents":["a",{"tag":"ForAll","contents":["g",{"tag":"ForAll","contents":["f",{"tag":"TypeApp","contents":[{"tag":"TypeApp","contents":[{"tag":"TypeConstructor","contents":[["Prim"],"Function"]},{"tag":"TypeApp","contents":[{"tag":"TypeVar","contents":"g"},{"tag":"TypeVar","contents":"a"}]}]},{"tag":"TypeApp","contents":[{"tag":"TypeApp","contents":[{"tag":"TypeApp","contents":[{"tag":"TypeConstructor","contents":[["Data","Functor","Coproduct"],"Coproduct"]},{"tag":"TypeVar","contents":"f"}]},{"tag":"TypeVar","contents":"g"}]},{"tag":"TypeVar","contents":"a"}]}]},6]},7]},8]}}},{"EDValue":{"edValueName":{"Ident":"coproduct"},"edValueType":{"tag":"ForAll","contents":["b",{"tag":"ForAll","contents":["a",{"tag":"ForAll","contents":["g",{"tag":"ForAll","contents":["f",{"tag":"TypeApp","contents":[{"tag":"TypeApp","contents":[{"tag":"TypeConstructor","contents":[["Prim"],"Function"]},{"tag":"TypeApp","contents":[{"tag":"TypeApp","contents":[{"tag":"TypeConstructor","contents":[["Prim"],"Function"]},{"tag":"TypeApp","contents":[{"tag":"TypeVar","contents":"f"},{"tag":"TypeVar","contents":"a"}]}]},{"tag":"TypeVar","contents":"b"}]}]},{"tag":"TypeApp","contents":[{"tag":"TypeApp","contents":[{"tag":"TypeConstructor","contents":[["Prim"],"Function"]},{"tag":"TypeApp","contents":[{"tag":"TypeApp","contents":[{"tag":"TypeConstructor","contents":[["Prim"],"Function"]},{"tag":"TypeApp","contents":[{"tag":"TypeVar","contents":"g"},{"tag":"TypeVar","contents":"a"}]}]},{"tag":"TypeVar","contents":"b"}]}]},{"tag":"TypeApp","contents":[{"tag":"TypeApp","contents":[{"tag":"TypeConstructor","contents":[["Prim"],"Function"]},{"tag":"TypeApp","contents":[{"tag":"TypeApp","contents":[{"tag":"TypeApp","contents":[{"tag":"TypeConstructor","contents":[["Data","Functor","Coproduct"],"Coproduct"]},{"tag":"TypeVar","contents":"f"}]},{"tag":"TypeVar","contents":"g"}]},{"tag":"TypeVar","contents":"a"}]}]},{"tag":"TypeVar","contents":"b"}]}]}]},60]},61]},62]},63]}}},{"EDValue":{"edValueName":{"Ident":"bihoistCoproduct"},"edValueType":{"tag":"ForAll","contents":["i",{"tag":"ForAll","contents":["h",{"tag":"ForAll","contents":["g",{"tag":"ForAll","contents":["f",{"tag":"TypeApp","contents":[{"tag":"TypeApp","contents":[{"tag":"TypeConstructor","contents":[["Prim"],"Function"]},{"tag":"ForAll","contents":["a",{"tag":"TypeApp","contents":[{"tag":"TypeApp","contents":[{"tag":"TypeConstructor","contents":[["Prim"],"Function"]},{"tag":"TypeApp","contents":[{"tag":"TypeVar","contents":"f"},{"tag":"TypeVar","contents":"a"}]}]},{"tag":"TypeApp","contents":[{"tag":"TypeVar","contents":"h"},{"tag":"TypeVar","contents":"a"}]}]},163]}]},{"tag":"TypeApp","contents":[{"tag":"TypeApp","contents":[{"tag":"TypeConstructor","contents":[["Prim"],"Function"]},{"tag":"ForAll","contents":["a",{"tag":"TypeApp","contents":[{"tag":"TypeApp","contents":[{"tag":"TypeConstructor","contents":[["Prim"],"Function"]},{"tag":"TypeApp","contents":[{"tag":"TypeVar","contents":"g"},{"tag":"TypeVar","contents":"a"}]}]},{"tag":"TypeApp","contents":[{"tag":"TypeVar","contents":"i"},{"tag":"TypeVar","contents":"a"}]}]},164]}]},{"tag":"ForAll","contents":["a",{"tag":"TypeApp","contents":[{"tag":"TypeApp","contents":[{"tag":"TypeConstructor","contents":[["Prim"],"Function"]},{"tag":"TypeApp","contents":[{"tag":"TypeApp","contents":[{"tag":"TypeApp","contents":[{"tag":"TypeConstructor","contents":[["Data","Functor","Coproduct"],"Coproduct"]},{"tag":"TypeVar","contents":"f"}]},{"tag":"TypeVar","contents":"g"}]},{"tag":"TypeVar","contents":"a"}]}]},{"tag":"TypeApp","contents":[{"tag":"TypeApp","contents":[{"tag":"TypeApp","contents":[{"tag":"TypeConstructor","contents":[["Data","Functor","Coproduct"],"Coproduct"]},{"tag":"TypeVar","contents":"h"}]},{"tag":"TypeVar","contents":"i"}]},{"tag":"TypeVar","contents":"a"}]}]},165]}]}]},166]},167]},168]},169]}}},{"EDInstance":{"edInstanceClassName":[["Data","Newtype"],"Newtype"],"edInstanceName":{"Ident":"newtypeCoproduct"},"edInstanceTypes":[{"tag":"TypeApp","contents":[{"tag":"TypeApp","contents":[{"tag":"TypeApp","contents":[{"tag":"TypeConstructor","contents":[["Data","Functor","Coproduct"],"Coproduct"]},{"tag":"TypeVar","contents":"f"}]},{"tag":"TypeVar","contents":"g"}]},{"tag":"TypeVar","contents":"a"}]},{"tag":"TypeApp","contents":[{"tag":"TypeApp","contents":[{"tag":"TypeConstructor","contents":[["Data","Either"],"Either"]},{"tag":"TypeApp","contents":[{"tag":"TypeVar","contents":"f"},{"tag":"TypeVar","contents":"a"}]}]},{"tag":"TypeApp","contents":[{"tag":"TypeVar","contents":"g"},{"tag":"TypeVar","contents":"a"}]}]}],"edInstanceConstraints":[]}},{"EDInstance":{"edInstanceClassName":[["Data","Eq"],"Eq"],"edInstanceName":{"Ident":"eqCoproduct"},"edInstanceTypes":[{"tag":"TypeApp","contents":[{"tag":"TypeApp","contents":[{"tag":"TypeApp","contents":[{"tag":"TypeConstructor","contents":[["Data","Functor","Coproduct"],"Coproduct"]},{"tag":"TypeVar","contents":"f"}]},{"tag":"TypeVar","contents":"g"}]},{"tag":"TypeVar","contents":"a"}]}],"edInstanceConstraints":[{"constraintClass":[["Data","Eq"],"Eq1"],"constraintArgs":[{"tag":"TypeVar","contents":"f"}],"constraintData":null},{"constraintClass":[["Data","Eq"],"Eq1"],"constraintArgs":[{"tag":"TypeVar","contents":"g"}],"constraintData":null},{"constraintClass":[["Data","Eq"],"Eq"],"constraintArgs":[{"tag":"TypeVar","contents":"a"}],"constraintData":null}]}},{"EDInstance":{"edInstanceClassName":[["Data","Eq"],"Eq1"],"edInstanceName":{"Ident":"eq1Coproduct"},"edInstanceTypes":[{"tag":"TypeApp","contents":[{"tag":"TypeApp","contents":[{"tag":"TypeConstructor","contents":[["Data","Functor","Coproduct"],"Coproduct"]},{"tag":"TypeVar","contents":"f"}]},{"tag":"TypeVar","contents":"g"}]}],"edInstanceConstraints":[{"constraintClass":[["Data","Eq"],"Eq1"],"constraintArgs":[{"tag":"TypeVar","contents":"f"}],"constraintData":null},{"constraintClass":[["Data","Eq"],"Eq1"],"constraintArgs":[{"tag":"TypeVar","contents":"g"}],"constraintData":null}]}},{"EDInstance":{"edInstanceClassName":[["Data","Ord"],"Ord"],"edInstanceName":{"Ident":"ordCoproduct"},"edInstanceTypes":[{"tag":"TypeApp","contents":[{"tag":"TypeApp","contents":[{"tag":"TypeApp","contents":[{"tag":"TypeConstructor","contents":[["Data","Functor","Coproduct"],"Coproduct"]},{"tag":"TypeVar","contents":"f"}]},{"tag":"TypeVar","contents":"g"}]},{"tag":"TypeVar","contents":"a"}]}],"edInstanceConstraints":[{"constraintClass":[["Data","Ord"],"Ord1"],"constraintArgs":[{"tag":"TypeVar","contents":"f"}],"constraintData":null},{"constraintClass":[["Data","Ord"],"Ord1"],"constraintArgs":[{"tag":"TypeVar","contents":"g"}],"constraintData":null},{"constraintClass":[["Data","Ord"],"Ord"],"constraintArgs":[{"tag":"TypeVar","contents":"a"}],"constraintData":null}]}},{"EDInstance":{"edInstanceClassName":[["Data","Ord"],"Ord1"],"edInstanceName":{"Ident":"ord1Coproduct"},"edInstanceTypes":[{"tag":"TypeApp","contents":[{"tag":"TypeApp","contents":[{"tag":"TypeConstructor","contents":[["Data","Functor","Coproduct"],"Coproduct"]},{"tag":"TypeVar","contents":"f"}]},{"tag":"TypeVar","contents":"g"}]}],"edInstanceConstraints":[{"constraintClass":[["Data","Ord"],"Ord1"],"constraintArgs":[{"tag":"TypeVar","contents":"f"}],"constraintData":null},{"constraintClass":[["Data","Ord"],"Ord1"],"constraintArgs":[{"tag":"TypeVar","contents":"g"}],"constraintData":null}]}},{"EDInstance":{"edInstanceClassName":[["Data","Show"],"Show"],"edInstanceName":{"Ident":"showCoproduct"},"edInstanceTypes":[{"tag":"TypeApp","contents":[{"tag":"TypeApp","contents":[{"tag":"TypeApp","contents":[{"tag":"TypeConstructor","contents":[["Data","Functor","Coproduct"],"Coproduct"]},{"tag":"TypeVar","contents":"f"}]},{"tag":"TypeVar","contents":"g"}]},{"tag":"TypeVar","contents":"a"}]}],"edInstanceConstraints":[{"constraintClass":[["Data","Show"],"Show"],"constraintArgs":[{"tag":"TypeApp","contents":[{"tag":"TypeVar","contents":"f"},{"tag":"TypeVar","contents":"a"}]}],"constraintData":null},{"constraintClass":[["Data","Show"],"Show"],"constraintArgs":[{"tag":"TypeApp","contents":[{"tag":"TypeVar","contents":"g"},{"tag":"TypeVar","contents":"a"}]}],"constraintData":null}]}},{"EDInstance":{"edInstanceClassName":[["Data","Functor"],"Functor"],"edInstanceName":{"Ident":"functorCoproduct"},"edInstanceTypes":[{"tag":"TypeApp","contents":[{"tag":"TypeApp","contents":[{"tag":"TypeConstructor","contents":[["Data","Functor","Coproduct"],"Coproduct"]},{"tag":"TypeVar","contents":"f"}]},{"tag":"TypeVar","contents":"g"}]}],"edInstanceConstraints":[{"constraintClass":[["Data","Functor"],"Functor"],"constraintArgs":[{"tag":"TypeVar","contents":"f"}],"constraintData":null},{"constraintClass":[["Data","Functor"],"Functor"],"constraintArgs":[{"tag":"TypeVar","contents":"g"}],"constraintData":null}]}},{"EDInstance":{"edInstanceClassName":[["Control","Extend"],"Extend"],"edInstanceName":{"Ident":"extendCoproduct"},"edInstanceTypes":[{"tag":"TypeApp","contents":[{"tag":"TypeApp","contents":[{"tag":"TypeConstructor","contents":[["Data","Functor","Coproduct"],"Coproduct"]},{"tag":"TypeVar","contents":"f"}]},{"tag":"TypeVar","contents":"g"}]}],"edInstanceConstraints":[{"constraintClass":[["Control","Extend"],"Extend"],"constraintArgs":[{"tag":"TypeVar","contents":"f"}],"constraintData":null},{"constraintClass":[["Control","Extend"],"Extend"],"constraintArgs":[{"tag":"TypeVar","contents":"g"}],"constraintData":null}]}},{"EDInstance":{"edInstanceClassName":[["Control","Comonad"],"Comonad"],"edInstanceName":{"Ident":"comonadCoproduct"},"edInstanceTypes":[{"tag":"TypeApp","contents":[{"tag":"TypeApp","contents":[{"tag":"TypeConstructor","contents":[["Data","Functor","Coproduct"],"Coproduct"]},{"tag":"TypeVar","contents":"f"}]},{"tag":"TypeVar","contents":"g"}]}],"edInstanceConstraints":[{"constraintClass":[["Control","Comonad"],"Comonad"],"constraintArgs":[{"tag":"TypeVar","contents":"f"}],"constraintData":null},{"constraintClass":[["Control","Comonad"],"Comonad"],"constraintArgs":[{"tag":"TypeVar","contents":"g"}],"constraintData":null}]}},{"EDInstance":{"edInstanceClassName":[["Data","Foldable"],"Foldable"],"edInstanceName":{"Ident":"foldableCoproduct"},"edInstanceTypes":[{"tag":"TypeApp","contents":[{"tag":"TypeApp","contents":[{"tag":"TypeConstructor","contents":[["Data","Functor","Coproduct"],"Coproduct"]},{"tag":"TypeVar","contents":"f"}]},{"tag":"TypeVar","contents":"g"}]}],"edInstanceConstraints":[{"constraintClass":[["Data","Foldable"],"Foldable"],"constraintArgs":[{"tag":"TypeVar","contents":"f"}],"constraintData":null},{"constraintClass":[["Data","Foldable"],"Foldable"],"constraintArgs":[{"tag":"TypeVar","contents":"g"}],"constraintData":null}]}},{"EDInstance":{"edInstanceClassName":[["Data","Traversable"],"Traversable"],"edInstanceName":{"Ident":"traversableCoproduct"},"edInstanceTypes":[{"tag":"TypeApp","contents":[{"tag":"TypeApp","contents":[{"tag":"TypeConstructor","contents":[["Data","Functor","Coproduct"],"Coproduct"]},{"tag":"TypeVar","contents":"f"}]},{"tag":"TypeVar","contents":"g"}]}],"edInstanceConstraints":[{"constraintClass":[["Data","Traversable"],"Traversable"],"constraintArgs":[{"tag":"TypeVar","contents":"f"}],"constraintData":null},{"constraintClass":[["Data","Traversable"],"Traversable"],"constraintArgs":[{"tag":"TypeVar","contents":"g"}],"constraintData":null}]}}],"efSourceSpan":{"start":[1,1],"name":"E:\\practice\\haskell\\cube-rotation\\bower_components\\purescript-functors\\src\\Data\\Functor\\Coproduct.purs","end":[91,44]}}