{"efVersion":"0.11.7","efModuleName":["Data","Profunctor","Clown"],"efExports":[{"TypeRef":[{"start":[1,1],"name":"E:\\practice\\haskell\\cube-rotation\\bower_components\\purescript-profunctor\\src\\Data\\Profunctor\\Clown.purs","end":[26,36]},"Clown",["Clown"]]},{"ValueRef":[{"start":[1,1],"name":"E:\\practice\\haskell\\cube-rotation\\bower_components\\purescript-profunctor\\src\\Data\\Profunctor\\Clown.purs","end":[26,36]},{"Ident":"hoistClown"}]},{"TypeInstanceRef":[{"start":[0,0],"name":"<generated>","end":[0,0]},{"Ident":"newtypeClown"}]},{"TypeInstanceRef":[{"start":[0,0],"name":"<generated>","end":[0,0]},{"Ident":"eqClown"}]},{"TypeInstanceRef":[{"start":[0,0],"name":"<generated>","end":[0,0]},{"Ident":"ordClown"}]},{"TypeInstanceRef":[{"start":[0,0],"name":"<generated>","end":[0,0]},{"Ident":"showClown"}]},{"TypeInstanceRef":[{"start":[0,0],"name":"<generated>","end":[0,0]},{"Ident":"functorClown"}]},{"TypeInstanceRef":[{"start":[0,0],"name":"<generated>","end":[0,0]},{"Ident":"profunctorClown"}]}],"efImports":[{"eiModule":["Prim"],"eiImportType":{"Implicit":[]},"eiImportedAs":["Prim"]},{"eiModule":["Prim"],"eiImportType":{"Implicit":[]},"eiImportedAs":null},{"eiModule":["Prelude"],"eiImportType":{"Implicit":[]},"eiImportedAs":null},{"eiModule":["Data","Profunctor"],"eiImportType":{"Explicit":[{"TypeClassRef":[{"start":[5,25],"name":"E:\\practice\\haskell\\cube-rotation\\bower_components\\purescript-profunctor\\src\\Data\\Profunctor\\Clown.purs","end":[5,41]},"Profunctor"]}]},"eiImportedAs":null},{"eiModule":["Data","Newtype"],"eiImportType":{"Explicit":[{"TypeClassRef":[{"start":[6,22],"name":"E:\\practice\\haskell\\cube-rotation\\bower_components\\purescript-profunctor\\src\\Data\\Profunctor\\Clown.purs","end":[6,35]},"Newtype"]}]},"eiImportedAs":null},{"eiModule":["Data","Functor","Contravariant"],"eiImportType":{"Explicit":[{"TypeClassRef":[{"start":[7,36],"name":"E:\\practice\\haskell\\cube-rotation\\bower_components\\purescript-profunctor\\src\\Data\\Profunctor\\Clown.purs","end":[7,55]},"Contravariant"]},{"ValueRef":[{"start":[7,57],"name":"E:\\practice\\haskell\\cube-rotation\\bower_components\\purescript-profunctor\\src\\Data\\Profunctor\\Clown.purs","end":[7,61]},{"Ident":"cmap"}]}]},"eiImportedAs":null}],"efFixities":[],"efTypeFixities":[],"efDeclarations":[{"EDType":{"edTypeName":"Clown","edTypeKind":{"tag":"FunKind","contents":[{"tag":"FunKind","contents":[{"tag":"NamedKind","contents":[["Prim"],"Type"]},{"tag":"NamedKind","contents":[["Prim"],"Type"]}]},{"tag":"FunKind","contents":[{"tag":"NamedKind","contents":[["Prim"],"Type"]},{"tag":"FunKind","contents":[{"tag":"NamedKind","contents":[["Prim"],"Type"]},{"tag":"NamedKind","contents":[["Prim"],"Type"]}]}]}]},"edTypeDeclarationKind":{"DataType":{"args":[["f",{"tag":"FunKind","contents":[{"tag":"NamedKind","contents":[["Prim"],"Type"]},{"tag":"NamedKind","contents":[["Prim"],"Type"]}]}],["a",{"tag":"NamedKind","contents":[["Prim"],"Type"]}],["b",{"tag":"NamedKind","contents":[["Prim"],"Type"]}]],"ctors":[["Clown",[{"tag":"TypeApp","contents":[{"tag":"TypeVar","contents":"f"},{"tag":"TypeVar","contents":"a"}]}]]]}}}},{"EDDataConstructor":{"edDataCtorName":"Clown","edDataCtorOrigin":"newtype","edDataCtorTypeCtor":"Clown","edDataCtorType":{"tag":"ForAll","contents":["b",{"tag":"ForAll","contents":["a",{"tag":"ForAll","contents":["f",{"tag":"TypeApp","contents":[{"tag":"TypeApp","contents":[{"tag":"TypeConstructor","contents":[["Prim"],"Function"]},{"tag":"TypeApp","contents":[{"tag":"TypeVar","contents":"f"},{"tag":"TypeVar","contents":"a"}]}]},{"tag":"TypeApp","contents":[{"tag":"TypeApp","contents":[{"tag":"TypeApp","contents":[{"tag":"TypeConstructor","contents":[["Data","Profunctor","Clown"],"Clown"]},{"tag":"TypeVar","contents":"f"}]},{"tag":"TypeVar","contents":"a"}]},{"tag":"TypeVar","contents":"b"}]}]},null]},null]},null]},"edDataCtorFields":[{"Ident":"value0"}]}},{"EDValue":{"edValueName":{"Ident":"hoistClown"},"edValueType":{"tag":"ForAll","contents":["b",{"tag":"ForAll","contents":["a",{"tag":"ForAll","contents":["g",{"tag":"ForAll","contents":["f",{"tag":"TypeApp","contents":[{"tag":"TypeApp","contents":[{"tag":"TypeConstructor","contents":[["Prim"],"Function"]},{"tag":"ForAll","contents":["a",{"tag":"TypeApp","contents":[{"tag":"TypeApp","contents":[{"tag":"TypeConstructor","contents":[["Prim"],"Function"]},{"tag":"TypeApp","contents":[{"tag":"TypeVar","contents":"f"},{"tag":"TypeVar","contents":"a"}]}]},{"tag":"TypeApp","contents":[{"tag":"TypeVar","contents":"g"},{"tag":"TypeVar","contents":"a"}]}]},31]}]},{"tag":"TypeApp","contents":[{"tag":"TypeApp","contents":[{"tag":"TypeConstructor","contents":[["Prim"],"Function"]},{"tag":"TypeApp","contents":[{"tag":"TypeApp","contents":[{"tag":"TypeApp","contents":[{"tag":"TypeConstructor","contents":[["Data","Profunctor","Clown"],"Clown"]},{"tag":"TypeVar","contents":"f"}]},{"tag":"TypeVar","contents":"a"}]},{"tag":"TypeVar","contents":"b"}]}]},{"tag":"TypeApp","contents":[{"tag":"TypeApp","contents":[{"tag":"TypeApp","contents":[{"tag":"TypeConstructor","contents":[["Data","Profunctor","Clown"],"Clown"]},{"tag":"TypeVar","contents":"g"}]},{"tag":"TypeVar","contents":"a"}]},{"tag":"TypeVar","contents":"b"}]}]}]},32]},33]},34]},35]}}},{"EDInstance":{"edInstanceClassName":[["Data","Newtype"],"Newtype"],"edInstanceName":{"Ident":"newtypeClown"},"edInstanceTypes":[{"tag":"TypeApp","contents":[{"tag":"TypeApp","contents":[{"tag":"TypeApp","contents":[{"tag":"TypeConstructor","contents":[["Data","Profunctor","Clown"],"Clown"]},{"tag":"TypeVar","contents":"f"}]},{"tag":"TypeVar","contents":"a"}]},{"tag":"TypeVar","contents":"b"}]},{"tag":"TypeApp","contents":[{"tag":"TypeVar","contents":"f"},{"tag":"TypeVar","contents":"a"}]}],"edInstanceConstraints":[]}},{"EDInstance":{"edInstanceClassName":[["Data","Eq"],"Eq"],"edInstanceName":{"Ident":"eqClown"},"edInstanceTypes":[{"tag":"TypeApp","contents":[{"tag":"TypeApp","contents":[{"tag":"TypeApp","contents":[{"tag":"TypeConstructor","contents":[["Data","Profunctor","Clown"],"Clown"]},{"tag":"TypeVar","contents":"f"}]},{"tag":"TypeVar","contents":"a"}]},{"tag":"TypeVar","contents":"b"}]}],"edInstanceConstraints":[{"constraintClass":[["Data","Eq"],"Eq"],"constraintArgs":[{"tag":"TypeApp","contents":[{"tag":"TypeVar","contents":"f"},{"tag":"TypeVar","contents":"a"}]}],"constraintData":null}]}},{"EDInstance":{"edInstanceClassName":[["Data","Ord"],"Ord"],"edInstanceName":{"Ident":"ordClown"},"edInstanceTypes":[{"tag":"TypeApp","contents":[{"tag":"TypeApp","contents":[{"tag":"TypeApp","contents":[{"tag":"TypeConstructor","contents":[["Data","Profunctor","Clown"],"Clown"]},{"tag":"TypeVar","contents":"f"}]},{"tag":"TypeVar","contents":"a"}]},{"tag":"TypeVar","contents":"b"}]}],"edInstanceConstraints":[{"constraintClass":[["Data","Ord"],"Ord"],"constraintArgs":[{"tag":"TypeApp","contents":[{"tag":"TypeVar","contents":"f"},{"tag":"TypeVar","contents":"a"}]}],"constraintData":null}]}},{"EDInstance":{"edInstanceClassName":[["Data","Show"],"Show"],"edInstanceName":{"Ident":"showClown"},"edInstanceTypes":[{"tag":"TypeApp","contents":[{"tag":"TypeApp","contents":[{"tag":"TypeApp","contents":[{"tag":"TypeConstructor","contents":[["Data","Profunctor","Clown"],"Clown"]},{"tag":"TypeVar","contents":"f"}]},{"tag":"TypeVar","contents":"a"}]},{"tag":"TypeVar","contents":"b"}]}],"edInstanceConstraints":[{"constraintClass":[["Data","Show"],"Show"],"constraintArgs":[{"tag":"TypeApp","contents":[{"tag":"TypeVar","contents":"f"},{"tag":"TypeVar","contents":"a"}]}],"constraintData":null}]}},{"EDInstance":{"edInstanceClassName":[["Data","Functor"],"Functor"],"edInstanceName":{"Ident":"functorClown"},"edInstanceTypes":[{"tag":"TypeApp","contents":[{"tag":"TypeApp","contents":[{"tag":"TypeConstructor","contents":[["Data","Profunctor","Clown"],"Clown"]},{"tag":"TypeVar","contents":"f"}]},{"tag":"TypeVar","contents":"a"}]}],"edInstanceConstraints":[]}},{"EDInstance":{"edInstanceClassName":[["Data","Profunctor"],"Profunctor"],"edInstanceName":{"Ident":"profunctorClown"},"edInstanceTypes":[{"tag":"TypeApp","contents":[{"tag":"TypeConstructor","contents":[["Data","Profunctor","Clown"],"Clown"]},{"tag":"TypeVar","contents":"f"}]}],"edInstanceConstraints":[{"constraintClass":[["Data","Functor","Contravariant"],"Contravariant"],"constraintArgs":[{"tag":"TypeVar","contents":"f"}],"constraintData":null}]}}],"efSourceSpan":{"start":[1,1],"name":"E:\\practice\\haskell\\cube-rotation\\bower_components\\purescript-profunctor\\src\\Data\\Profunctor\\Clown.purs","end":[26,36]}}