{"efVersion":"0.11.7","efModuleName":["Control","Semigroupoid"],"efExports":[{"ValueRef":[{"start":[1,1],"name":"E:\\practice\\haskell\\cube-rotation\\bower_components\\purescript-prelude\\src\\Control\\Semigroupoid.purs","end":[24,28]},{"Ident":"compose"}]},{"TypeClassRef":[{"start":[1,1],"name":"E:\\practice\\haskell\\cube-rotation\\bower_components\\purescript-prelude\\src\\Control\\Semigroupoid.purs","end":[24,28]},"Semigroupoid"]},{"ValueOpRef":[{"start":[1,1],"name":"E:\\practice\\haskell\\cube-rotation\\bower_components\\purescript-prelude\\src\\Control\\Semigroupoid.purs","end":[24,28]},"<<<"]},{"ValueRef":[{"start":[1,1],"name":"E:\\practice\\haskell\\cube-rotation\\bower_components\\purescript-prelude\\src\\Control\\Semigroupoid.purs","end":[24,28]},{"Ident":"composeFlipped"}]},{"ValueOpRef":[{"start":[1,1],"name":"E:\\practice\\haskell\\cube-rotation\\bower_components\\purescript-prelude\\src\\Control\\Semigroupoid.purs","end":[24,28]},">>>"]},{"TypeInstanceRef":[{"start":[0,0],"name":"<generated>","end":[0,0]},{"Ident":"semigroupoidFn"}]}],"efImports":[{"eiModule":["Prim"],"eiImportType":{"Implicit":[]},"eiImportedAs":["Prim"]},{"eiModule":["Prim"],"eiImportType":{"Implicit":[]},"eiImportedAs":null}],"efFixities":[{"efAssociativity":"infixr","efPrecedence":9,"efOperator":"<<<","efAlias":[["Control","Semigroupoid"],{"Left":{"Ident":"compose"}}]},{"efAssociativity":"infixr","efPrecedence":9,"efOperator":">>>","efAlias":[["Control","Semigroupoid"],{"Left":{"Ident":"composeFlipped"}}]}],"efTypeFixities":[],"efDeclarations":[{"EDValue":{"edValueName":{"Ident":"compose"},"edValueType":{"tag":"ForAll","contents":["a",{"tag":"ForAll","contents":["d",{"tag":"ForAll","contents":["c",{"tag":"ForAll","contents":["b",{"tag":"ConstrainedType","contents":[{"constraintClass":[["Control","Semigroupoid"],"Semigroupoid"],"constraintArgs":[{"tag":"TypeVar","contents":"a"}],"constraintData":null},{"tag":"TypeApp","contents":[{"tag":"TypeApp","contents":[{"tag":"TypeConstructor","contents":[["Prim"],"Function"]},{"tag":"TypeApp","contents":[{"tag":"TypeApp","contents":[{"tag":"TypeVar","contents":"a"},{"tag":"TypeVar","contents":"c"}]},{"tag":"TypeVar","contents":"d"}]}]},{"tag":"TypeApp","contents":[{"tag":"TypeApp","contents":[{"tag":"TypeConstructor","contents":[["Prim"],"Function"]},{"tag":"TypeApp","contents":[{"tag":"TypeApp","contents":[{"tag":"TypeVar","contents":"a"},{"tag":"TypeVar","contents":"b"}]},{"tag":"TypeVar","contents":"c"}]}]},{"tag":"TypeApp","contents":[{"tag":"TypeApp","contents":[{"tag":"TypeVar","contents":"a"},{"tag":"TypeVar","contents":"b"}]},{"tag":"TypeVar","contents":"d"}]}]}]}]},6]},7]},8]},9]}}},{"EDType":{"edTypeName":"Semigroupoid","edTypeKind":{"tag":"FunKind","contents":[{"tag":"FunKind","contents":[{"tag":"NamedKind","contents":[["Prim"],"Type"]},{"tag":"FunKind","contents":[{"tag":"NamedKind","contents":[["Prim"],"Type"]},{"tag":"NamedKind","contents":[["Prim"],"Type"]}]}]},{"tag":"NamedKind","contents":[["Prim"],"Type"]}]},"edTypeDeclarationKind":"TypeSynonym"}},{"EDTypeSynonym":{"edTypeSynonymName":"Semigroupoid","edTypeSynonymArguments":[["a",null]],"edTypeSynonymType":{"tag":"TypeApp","contents":[{"tag":"TypeConstructor","contents":[["Prim"],"Record"]},{"tag":"RCons","contents":["compose",{"tag":"ForAll","contents":["d",{"tag":"ForAll","contents":["c",{"tag":"ForAll","contents":["b",{"tag":"TypeApp","contents":[{"tag":"TypeApp","contents":[{"tag":"TypeConstructor","contents":[["Prim"],"Function"]},{"tag":"TypeApp","contents":[{"tag":"TypeApp","contents":[{"tag":"TypeVar","contents":"a"},{"tag":"TypeVar","contents":"c"}]},{"tag":"TypeVar","contents":"d"}]}]},{"tag":"TypeApp","contents":[{"tag":"TypeApp","contents":[{"tag":"TypeConstructor","contents":[["Prim"],"Function"]},{"tag":"TypeApp","contents":[{"tag":"TypeApp","contents":[{"tag":"TypeVar","contents":"a"},{"tag":"TypeVar","contents":"b"}]},{"tag":"TypeVar","contents":"c"}]}]},{"tag":"TypeApp","contents":[{"tag":"TypeApp","contents":[{"tag":"TypeVar","contents":"a"},{"tag":"TypeVar","contents":"b"}]},{"tag":"TypeVar","contents":"d"}]}]}]},null]},null]},null]},{"tag":"REmpty"}]}]}}},{"EDClass":{"edClassName":"Semigroupoid","edClassTypeArguments":[["a",null]],"edClassMembers":[[{"Ident":"compose"},{"tag":"ForAll","contents":["d",{"tag":"ForAll","contents":["c",{"tag":"ForAll","contents":["b",{"tag":"TypeApp","contents":[{"tag":"TypeApp","contents":[{"tag":"TypeConstructor","contents":[["Prim"],"Function"]},{"tag":"TypeApp","contents":[{"tag":"TypeApp","contents":[{"tag":"TypeVar","contents":"a"},{"tag":"TypeVar","contents":"c"}]},{"tag":"TypeVar","contents":"d"}]}]},{"tag":"TypeApp","contents":[{"tag":"TypeApp","contents":[{"tag":"TypeConstructor","contents":[["Prim"],"Function"]},{"tag":"TypeApp","contents":[{"tag":"TypeApp","contents":[{"tag":"TypeVar","contents":"a"},{"tag":"TypeVar","contents":"b"}]},{"tag":"TypeVar","contents":"c"}]}]},{"tag":"TypeApp","contents":[{"tag":"TypeApp","contents":[{"tag":"TypeVar","contents":"a"},{"tag":"TypeVar","contents":"b"}]},{"tag":"TypeVar","contents":"d"}]}]}]},null]},null]},null]}]],"edClassConstraints":[],"edFunctionalDependencies":[]}},{"EDValue":{"edValueName":{"Ident":"composeFlipped"},"edValueType":{"tag":"ForAll","contents":["d",{"tag":"ForAll","contents":["c",{"tag":"ForAll","contents":["b",{"tag":"ForAll","contents":["a",{"tag":"ConstrainedType","contents":[{"constraintClass":[["Control","Semigroupoid"],"Semigroupoid"],"constraintArgs":[{"tag":"TypeVar","contents":"a"}],"constraintData":null},{"tag":"TypeApp","contents":[{"tag":"TypeApp","contents":[{"tag":"TypeConstructor","contents":[["Prim"],"Function"]},{"tag":"TypeApp","contents":[{"tag":"TypeApp","contents":[{"tag":"TypeVar","contents":"a"},{"tag":"TypeVar","contents":"b"}]},{"tag":"TypeVar","contents":"c"}]}]},{"tag":"TypeApp","contents":[{"tag":"TypeApp","contents":[{"tag":"TypeConstructor","contents":[["Prim"],"Function"]},{"tag":"TypeApp","contents":[{"tag":"TypeApp","contents":[{"tag":"TypeVar","contents":"a"},{"tag":"TypeVar","contents":"c"}]},{"tag":"TypeVar","contents":"d"}]}]},{"tag":"TypeApp","contents":[{"tag":"TypeApp","contents":[{"tag":"TypeVar","contents":"a"},{"tag":"TypeVar","contents":"b"}]},{"tag":"TypeVar","contents":"d"}]}]}]}]},10]},11]},12]},13]}}},{"EDInstance":{"edInstanceClassName":[["Control","Semigroupoid"],"Semigroupoid"],"edInstanceName":{"Ident":"semigroupoidFn"},"edInstanceTypes":[{"tag":"TypeConstructor","contents":[["Prim"],"Function"]}],"edInstanceConstraints":[]}}],"efSourceSpan":{"start":[1,1],"name":"E:\\practice\\haskell\\cube-rotation\\bower_components\\purescript-prelude\\src\\Control\\Semigroupoid.purs","end":[24,28]}}